route_key,final_seatcount
2025-02-11_46_45,3062
2025-01-20_17_23,2135
2025-01-08_02_14,1419
2025-01-08_08_47,1419
2025-01-08_09_46,1419
2025-01-21_45_05,1419
2025-02-26_47_08,1419
2025-01-03_02_19,1419
2025-02-11_02_30,1419
2025-01-25_05_45,1419
2025-02-04_36_07,1419
2025-01-28_02_14,1419
2025-01-14_47_46,2149
2025-02-04_02_16,1419
2025-02-20_47_43,2608
2025-01-03_19_30,2481
2025-02-27_22_36,1944
2025-02-10_47_08,1419
2025-01-27_47_02,1419
2025-01-27_22_36,1919
2025-01-10_36_27,2296
2025-02-11_46_15,2394
2025-02-28_42_45,2378
2025-01-22_30_02,1419
2025-01-17_09_46,1419
2025-01-29_46_48,2799
2025-02-27_11_36,2376
2025-02-19_48_45,2207
2025-01-27_23_13,1962
2025-01-14_28_45,2977
2025-01-27_46_18,2085
2025-02-14_47_05,1419
2025-02-20_17_23,1879
2025-02-07_23_13,2076
2025-01-27_36_12,2051
2025-01-11_16_02,1419
2025-02-04_46_33,1702
2025-01-11_48_46,2955
2025-01-24_16_02,1419
2025-01-12_23_13,1952
2025-02-07_46_18,3246
2025-02-26_09_46,1419
2025-02-07_47_05,1419
2025-01-18_36_22,2153
2025-02-07_02_01,1419
2025-01-01_46_26,2447
2025-02-08_26_46,2172
2025-01-09_46_44,3318
2025-01-04_02_21,1419
2025-02-08_27_36,2169
2025-01-03_05_47,1419
2025-01-09_26_46,2221
2025-01-14_20_46,2885
2025-02-25_13_23,1620
2025-02-04_45_34,2151
2025-01-20_05_45,1419
2025-02-15_46_15,2686
2025-01-16_19_02,1419
2025-01-07_22_36,1928
2025-01-21_32_19,1970
2025-02-13_32_19,1606
2025-02-27_02_40,1419
2025-02-22_45_42,2395
2025-01-05_35_46,2946
2025-01-16_26_46,2878
2025-02-09_13_23,2187
2025-01-24_39_45,2373
2025-01-13_36_27,1959
2025-02-09_45_47,2824
2025-01-21_26_46,2373
2025-02-08_45_05,1419
2025-02-03_35_46,2701
2025-01-03_19_02,1419
2025-02-06_36_12,2406
2025-02-04_37_36,2897
2025-01-28_45_44,1879
2025-02-18_46_15,2001
2025-02-10_45_46,2612
2025-01-13_02_21,1419
2025-02-23_02_30,1419
2025-02-22_09_45,1419
2025-02-12_30_14,2207
2025-02-27_41_36,2662
2025-01-05_45_47,3274
2025-02-18_46_26,1757
2025-01-11_36_22,2148
2025-02-12_02_01,1419
2025-02-13_17_23,1418
2025-02-08_09_45,1419
2025-02-17_45_05,1419
2025-01-03_36_27,2134
2025-02-14_37_36,3209
2025-01-15_12_36,2377
2025-01-26_02_01,1419
2025-01-26_02_14,1419
2025-02-05_36_12,2154
2025-01-24_02_21,1419
2025-01-18_44_45,2769
2025-02-27_47_10,1971
2025-01-14_03_47,1419
2025-02-22_06_47,1419
2025-01-10_44_46,2842
2025-01-30_03_47,1419
2025-02-25_15_46,2056
2025-02-13_19_32,2056
2025-02-04_47_46,2049
2025-01-04_47_06,1419
2025-02-06_01_02,1419
2025-01-25_28_45,2224
2025-02-22_47_03,1419
2025-02-05_36_22,1864
2025-02-11_02_14,1419
2025-01-05_43_47,2187
2025-02-04_25_23,2243
2025-01-07_41_36,3055
2025-02-12_46_18,2351
2025-02-20_47_05,1419
2025-02-14_35_46,2273
2025-01-03_45_46,2919
2025-01-17_47_03,1419
2025-02-23_03_47,1419
2025-01-20_09_46,1419
2025-01-13_46_44,3682
2025-02-13_28_45,2170
2025-02-05_47_46,1932
2025-01-18_45_09,1419
2025-02-24_36_27,2131
2025-01-28_13_23,2128
2025-02-01_23_13,2396
2025-01-03_28_45,1955
2025-02-06_46_18,2569
2025-01-05_45_28,2536
2025-01-31_46_26,2669
2025-01-18_46_15,2783
2025-02-18_28_47,2504
2025-02-12_12_36,2146
2025-01-30_38_36,1743
2025-01-20_46_48,3197
2025-02-07_39_45,2099
2025-02-20_46_26,1945
2025-01-15_02_19,1419
2025-02-06_42_45,2023
2025-01-02_48_45,2935
2025-01-19_03_47,1419
2025-01-21_47_30,1901
2025-01-17_30_02,1419
2025-02-19_21_02,1419
2025-01-08_45_47,3196
2025-01-11_47_46,3363
2025-01-22_46_47,2106
2025-01-22_18_46,2427
2025-02-28_18_46,2397
2025-01-17_17_23,1816
2025-02-11_26_46,1982
2025-02-02_02_40,1419
2025-01-11_47_30,2757
2025-02-12_47_06,1419
2025-01-03_35_46,2405
2025-02-10_15_46,2745
2025-02-07_36_27,2314
2025-02-01_46_20,2878
2025-01-12_46_20,3786
2025-02-21_21_02,1419
2025-02-18_47_06,1419
2025-02-13_45_05,1419
2025-02-17_46_45,2732
2025-01-03_13_23,1927
2025-02-05_48_45,2105
2025-01-07_47_05,1419
2025-02-05_02_21,1419
2025-01-07_44_46,2113
2025-02-26_14_30,2092
2025-02-10_45_42,2100
2025-02-02_46_44,2998
2025-02-17_38_36,2311
2025-02-16_46_09,1419
2025-02-21_32_19,1793
2025-02-15_47_43,2642
2025-02-26_34_45,2302
2025-01-28_47_28,2036
2025-01-21_45_46,2433
2025-02-16_30_14,2222
2025-02-24_03_45,1419
2025-02-04_12_36,2147
2025-01-20_43_47,3922
2025-02-04_48_45,2409
2025-01-22_27_36,1890
2025-02-03_47_06,1419
2025-01-23_46_09,1419
2025-02-14_03_45,1419
2025-02-15_36_12,2441
2025-02-03_41_36,2826
2025-01-12_13_23,2286
2025-02-05_02_16,1419
2025-02-07_05_45,1419
2025-02-17_36_11,2491
2025-01-15_46_15,2653
2025-02-02_33_46,3024
2025-02-07_47_02,1419
2025-02-04_48_46,2537
2025-01-06_47_02,1419
2025-01-01_07_36,1419
2025-01-20_36_41,4061
2025-02-15_03_47,1419
2025-01-22_03_47,1419
2025-01-13_36_37,3159
2025-02-18_32_19,1530
2025-01-23_02_19,1419
2025-01-15_47_46,2316
2025-02-26_05_45,1419
2025-01-18_45_34,2401
2025-01-21_21_02,1419
2025-01-14_21_02,1419
2025-02-04_46_47,1880
2025-02-22_41_36,3080
2025-02-25_46_44,2870
2025-01-03_41_36,3670
2025-01-13_07_36,1419
2025-01-25_47_08,1419
2025-02-23_47_08,1419
2025-02-07_47_08,1419
2025-02-09_46_09,1419
2025-01-25_47_06,1419
2025-01-28_46_33,1596
2025-01-19_46_47,2724
2025-02-18_19_02,1419
2025-02-14_46_45,2943
2025-01-13_15_46,2411
2025-02-01_48_46,3468
2025-02-19_47_28,2811
2025-01-10_09_45,1419
2025-02-11_46_26,2029
2025-01-18_02_14,1419
2025-01-31_22_36,2368
2025-01-07_45_46,3067
2025-01-02_46_48,3215
2025-01-15_21_02,1419
2025-02-28_02_14,1419
2025-01-11_47_03,1419
2025-02-28_02_21,1419
2025-02-01_34_45,2287
2025-01-07_09_45,1419
2025-02-19_03_45,1419
2025-01-13_05_45,1419
2025-02-10_02_24,1419
2025-01-21_45_03,1419
2025-01-08_46_44,2911
2025-02-20_03_47,1419
2025-02-16_34_45,3311
2025-02-14_20_46,2073
2025-02-02_45_34,2036
2025-02-13_47_46,2315
2025-01-14_45_03,1419
2025-01-23_09_46,1419
2025-02-14_02_24,1419
2025-02-10_02_47,1419
2025-02-04_46_35,1901
2025-02-24_01_02,1419
2025-02-17_17_23,2206
2025-02-15_09_46,1419
2025-02-16_23_13,1859
2025-01-28_37_36,1692
2025-02-19_15_46,1975
2025-01-05_39_45,2742
2025-01-01_02_31,1419
2025-02-04_47_05,1419
2025-01-22_45_05,1419
2025-02-16_19_30,2252
2025-02-11_46_47,1900
2025-01-16_28_47,2903
2025-01-25_19_30,2437
2025-02-21_19_32,2010
2025-01-26_46_47,2359
2025-01-05_30_14,2116
2025-01-30_26_46,2340
2025-02-13_45_47,3274
2025-01-21_43_47,3149
2025-02-12_47_02,1419
2025-01-21_47_45,2566
2025-01-11_45_44,3536
2025-01-17_30_14,2512
2025-01-02_46_33,2618
2025-01-08_47_02,1419
2025-01-14_36_11,1855
2025-02-22_46_09,1419
2025-02-05_36_27,2505
2025-01-17_01_02,1419
2025-02-27_17_23,1842
2025-02-26_45_03,1419
2025-02-27_26_46,2041
2025-02-18_04_29,1419
2025-02-11_36_37,5671
2025-01-06_12_36,2154
2025-01-20_01_02,1419
2025-02-16_46_48,2731
2025-01-23_45_47,3049
2025-01-27_02_01,1419
2025-02-12_08_47,1419
2025-01-11_02_01,1419
2025-01-14_45_46,3335
2025-01-09_16_02,1419
2025-01-21_02_01,1419
2025-01-16_33_46,3286
2025-02-05_44_46,2094
2025-01-12_23_25,2863
2025-02-09_09_45,1419
2025-01-02_13_23,2145
2025-01-03_46_18,2511
2025-02-14_36_27,2661
2025-01-09_46_35,3644
2025-01-08_25_23,2514
2025-01-30_16_02,1419
2025-01-07_02_47,1419
2025-01-04_45_05,1419
2025-01-03_47_30,2248
2025-01-17_40_02,1419
2025-02-23_36_27,2205
2025-02-02_02_01,1419
2025-02-10_48_46,3506
2025-01-10_46_18,4477
2025-02-26_16_02,1419
2025-01-19_46_15,2568
2025-02-24_35_46,2465
2025-02-19_45_28,2629
2025-02-05_02_47,1419
2025-01-31_08_47,1419
2025-02-04_05_45,1419
2025-01-02_47_46,2347
2025-02-17_30_14,2377
2025-01-12_28_45,2393
2025-01-11_11_36,1900
2025-01-25_45_48,2602
2025-02-21_45_47,3305
2025-01-19_08_47,1419
2025-02-16_28_45,2746
2025-01-30_30_14,2230
2025-01-19_44_46,4422
2025-02-14_36_12,2609
2025-02-11_39_45,2009
2025-02-15_45_28,2740
2025-01-08_04_29,1419
2025-01-10_45_39,3470
2025-01-22_02_21,1419
2025-02-07_36_11,2763
2025-02-09_20_46,2602
2025-02-07_45_47,3514
2025-01-12_47_03,1419
2025-02-23_02_14,1419
2025-01-15_33_46,3191
2025-02-25_02_47,1419
2025-01-08_06_47,1419
2025-01-17_45_48,3214
2025-01-10_46_48,5288
2025-02-12_23_25,3142
2025-02-03_36_22,1980
2025-01-20_13_23,2022
2025-02-19_02_24,1419
2025-01-12_03_45,1419
2025-01-04_46_15,2565
2025-02-09_46_26,2165
2025-02-20_46_48,3161
2025-01-05_48_46,3547
2025-02-08_05_45,1419
2025-02-21_37_36,3168
2025-01-13_46_20,3693
2025-01-02_31_02,1419
2025-02-04_19_32,1926
2025-01-31_46_35,2808
2025-02-14_43_47,2135
2025-02-28_45_34,3191
2025-01-03_25_23,3105
2025-02-02_45_42,2161
2025-01-26_48_45,2842
2025-02-26_31_02,1419
2025-02-13_21_02,1419
2025-01-24_21_02,1419
2025-02-17_39_45,2304
2025-01-12_32_19,1930
2025-01-07_27_36,1817
2025-02-14_02_01,1419
2025-02-06_31_02,1419
2025-02-23_36_12,2230
2025-02-25_23_25,2858
2025-02-05_46_20,2073
2025-01-30_36_27,2094
2025-02-27_27_36,2145
2025-01-15_36_27,2246
2025-02-22_38_36,2198
2025-02-26_25_23,2747
2025-02-10_01_02,1419
2025-01-09_47_05,1419
2025-02-10_47_06,1419
2025-01-26_25_23,4017
2025-01-15_46_26,2529
2025-02-09_11_36,2908
2025-01-16_04_29,1419
2025-01-07_36_27,1812
2025-02-04_02_24,1419
2025-02-03_45_44,1986
2025-01-07_19_30,2090
2025-01-30_12_36,2323
2025-02-20_46_35,2537
2025-01-19_02_16,1419
2025-02-17_32_19,2020
2025-01-08_46_47,2046
2025-01-31_41_36,3293
2025-02-02_46_15,2620
2025-01-12_02_16,1419
2025-02-05_04_29,1419
2025-01-12_44_46,2765
2025-01-17_03_45,1419
2025-02-23_37_36,3807
2025-01-21_25_23,2680
2025-01-09_15_46,2121
2025-01-01_47_43,2468
2025-01-14_36_12,2059
2025-02-13_08_47,1419
2025-01-12_30_02,1419
2025-02-02_31_02,1419
2025-01-21_47_05,1419
2025-01-09_48_46,2662
2025-01-03_36_07,1419
2025-02-07_47_45,3127
2025-01-27_46_35,2075
2025-02-22_26_46,2069
2025-01-23_19_32,2049
2025-02-18_16_02,1419
2025-02-09_37_36,4385
2025-01-24_28_47,1944
2025-01-05_47_08,1419
2025-02-02_19_32,2218
2025-01-28_45_48,2087
2025-01-30_45_44,2249
2025-02-12_09_45,1419
2025-01-24_20_46,2233
2025-01-16_42_45,2063
2025-01-12_36_07,1419
2025-02-09_08_47,1419
2025-01-17_47_46,2354
2025-01-22_36_37,2004
2025-01-07_47_43,3686
2025-02-05_14_30,2261
2025-01-20_36_11,2075
2025-02-16_41_36,3524
2025-01-22_02_31,1419
2025-01-23_48_45,2109
2025-01-23_02_14,1419
2025-01-21_09_45,1419
2025-02-28_43_47,2250
2025-02-19_02_19,1419
2025-02-22_44_45,1997
2025-01-04_38_36,1879
2025-02-17_45_46,2982
2025-01-16_39_45,2448
2025-01-04_02_47,1419
2025-01-14_02_30,1419
2025-02-03_09_45,1419
2025-01-02_17_23,1903
2025-02-21_36_07,1419
2025-01-02_02_16,1419
2025-01-07_40_02,1419
2025-02-06_46_48,3548
2025-02-05_45_03,1419
2025-02-10_02_14,1419
2025-02-16_14_30,2440
2025-01-16_19_30,2341
2025-01-28_03_47,1419
2025-02-12_19_02,1419
2025-02-11_27_36,2027
2025-02-09_46_20,2651
2025-02-10_02_40,1419
2025-02-13_06_47,1419
2025-01-23_42_45,2198
2025-02-24_47_46,2234
2025-01-18_28_45,3026
2025-02-04_01_02,1419
2025-02-10_18_46,3224
2025-02-04_09_46,1419
2025-02-20_05_45,1419
2025-01-11_02_16,1419
2025-01-14_47_03,1419
2025-01-25_47_43,2442
2025-02-24_21_02,1419
2025-02-25_09_45,1419
2025-01-21_28_47,1950
2025-01-12_46_44,3978
2025-02-14_42_45,2401
2025-01-29_44_45,1748
2025-02-26_05_47,1419
2025-01-19_26_46,3504
2025-01-20_06_47,1419
2025-01-15_47_30,2091
2025-02-08_36_37,4849
2025-01-12_36_11,1814
2025-01-13_46_45,2563
2025-01-16_48_45,3492
2025-02-21_47_43,2928
2025-01-14_04_29,1419
2025-02-24_47_03,1419
2025-01-20_39_45,2375
2025-02-01_45_39,2679
2025-02-15_46_18,3001
2025-01-26_47_30,1998
2025-01-22_17_23,1746
2025-02-26_44_46,1908
2025-02-28_48_46,3612
2025-01-10_02_14,1419
2025-02-16_47_06,1419
2025-01-18_46_18,2919
2025-01-31_06_47,1419
2025-01-14_44_45,2568
2025-01-22_46_20,2049
2025-02-10_05_47,1419
2025-02-24_30_14,1938
2025-01-07_36_07,1419
2025-02-14_13_23,2125
2025-01-23_45_44,2030
2025-02-08_35_46,2056
2025-02-21_19_02,1419
2025-02-28_45_39,3583
2025-01-12_15_46,2499
2025-02-26_47_05,1419
2025-02-10_23_13,1869
2025-02-01_20_46,2437
2025-01-04_01_02,1419
2025-02-13_37_36,3647
2025-01-23_45_42,2675
2025-01-24_02_19,1419
2025-01-11_46_20,4454
2025-02-18_05_47,1419
2025-01-05_46_20,2301
2025-02-03_40_02,1419
2025-01-07_02_31,1419
2025-01-14_27_36,1713
2025-02-02_40_02,1419
2025-02-28_03_47,1419
2025-01-06_03_47,1419
2025-01-30_45_09,1419
2025-01-25_40_02,1419
2025-01-15_23_13,1624
2025-01-19_48_46,4421
2025-01-15_01_02,1419
2025-01-24_02_47,1419
2025-02-09_03_45,1419
2025-02-07_19_30,1988
2025-02-12_41_36,3054
2025-01-29_46_45,2219
2025-02-17_47_08,1419
2025-02-10_47_10,1846
2025-01-31_36_22,1974
2025-02-04_26_46,1917
2025-01-22_46_15,2532
2025-01-19_05_45,1419
2025-02-24_45_03,1419
2025-02-27_45_39,2724
2025-01-06_02_40,1419
2025-01-26_02_16,1419
2025-01-19_36_41,3569
2025-02-16_02_40,1419
2025-01-01_45_05,1419
2025-01-08_41_36,3140
2025-01-14_47_45,3164
2025-01-17_11_36,1878
2025-01-07_46_18,2629
2025-02-14_45_28,3574
2025-01-22_39_45,2154
2025-02-12_46_45,3260
2025-01-22_14_30,1979
2025-01-22_08_47,1419
2025-02-28_05_47,1419
2025-02-27_19_02,1419
2025-01-12_36_22,2152
2025-01-18_05_47,1419
2025-01-03_30_02,1419
2025-02-21_45_34,3709
2025-01-03_05_45,1419
2025-01-05_36_22,2453
2025-02-21_02_19,1419
2025-01-14_46_20,3278
2025-01-05_13_23,2251
2025-01-22_35_46,2450
2025-02-10_38_36,2074
2025-02-19_45_05,1419
2025-01-27_46_09,1419
2025-01-18_09_45,1419
2025-02-11_45_42,2150
2025-01-07_46_44,2338
2025-01-16_02_21,1419
2025-01-22_46_18,2491
2025-01-20_47_28,2547
2025-01-07_45_03,1419
2025-01-15_32_19,1953
2025-01-18_16_02,1419
2025-01-13_19_30,2082
2025-02-06_45_44,2170
2025-01-26_36_41,4015
2025-02-17_46_33,1635
2025-01-23_08_47,1419
2025-01-04_36_41,4261
2025-01-14_09_45,1419
2025-01-20_46_20,2163
2025-01-05_34_45,4213
2025-01-21_02_30,1419
2025-02-07_02_30,1419
2025-01-09_05_45,1419
2025-01-27_46_45,3196
2025-02-11_36_22,1979
2025-01-30_44_45,2097
2025-01-10_19_32,2172
2025-02-23_23_25,3117
2025-02-25_25_23,2690
2025-02-25_47_46,2154
2025-02-09_47_06,1419
2025-01-21_46_20,2060
2025-01-17_02_14,1419
2025-01-22_45_34,2389
2025-01-08_30_02,1419
2025-02-18_46_18,2091
2025-01-29_46_47,1889
2025-01-09_02_40,1419
2025-01-06_47_30,2029
2025-01-16_02_40,1419
2025-01-04_46_26,2153
2025-01-19_46_44,2876
2025-02-06_46_47,2136
2025-01-26_21_02,1419
2025-01-19_16_02,1419
2025-01-13_09_45,1419
2025-01-04_02_24,1419
2025-02-24_45_48,2575
2025-01-22_02_16,1419
2025-02-16_02_14,1419
2025-02-15_46_09,1419
2025-02-17_02_19,1419
2025-01-13_46_33,3922
2025-01-13_27_36,1642
2025-02-25_03_47,1419
2025-02-27_06_47,1419
2025-02-14_09_46,1419
2025-02-15_36_41,3837
2025-01-24_36_12,2792
2025-02-11_20_46,2920
2025-01-18_47_43,2790
2025-01-18_48_45,3013
2025-01-05_36_27,1877
2025-01-17_06_47,1419
2025-02-22_05_45,1419
2025-01-30_45_46,3203
2025-02-16_46_33,2027
2025-01-18_02_24,1419
2025-02-11_45_48,2062
2025-01-01_45_03,1419
2025-01-28_36_11,1991
2025-02-18_19_30,2343
2025-02-06_09_45,1419
2025-02-09_26_46,2777
2025-02-27_47_43,2463
2025-01-22_02_24,1419
2025-01-21_30_02,1419
2025-02-24_25_23,2776
2025-01-05_36_11,1879
2025-01-27_04_29,1419
2025-02-27_46_18,2669
2025-01-09_45_28,3505
2025-01-03_36_37,1612
2025-01-23_45_48,2690
2025-01-31_47_05,1419
2025-02-09_06_47,1419
2025-01-25_47_46,2113
2025-02-02_02_14,1419
2025-01-01_48_46,4612
2025-02-04_11_36,2207
2025-01-21_36_27,2068
2025-02-13_02_40,1419
2025-01-21_46_45,2443
2025-02-24_43_47,1998
2025-01-25_02_01,1419
2025-02-25_48_45,2048
2025-01-26_47_46,2148
2025-01-14_02_16,1419
2025-01-20_19_32,1971
2025-02-13_23_25,3208
2025-01-20_12_36,2169
2025-01-29_47_43,2230
2025-02-21_47_46,2724
2025-02-03_37_36,4089
2025-02-02_47_43,2059
2025-01-04_47_28,2834
2025-02-18_36_37,4805
2025-02-14_47_45,3411
2025-01-08_02_21,1419
2025-02-22_45_46,2361
2025-02-06_30_14,2340
2025-02-16_47_43,2248
2025-01-16_23_25,3277
2025-01-27_44_46,2217
2025-01-07_05_47,1419
2025-02-14_45_03,1419
2025-01-07_46_20,2372
2025-02-25_27_36,2048
2025-01-31_47_43,2690
2025-01-23_34_45,2247
2025-02-15_44_45,1971
2025-01-28_02_16,1419
2025-01-30_36_12,2473
2025-02-28_46_18,3476
2025-01-21_02_14,1419
2025-01-15_02_01,1419
2025-02-14_08_47,1419
2025-01-25_36_12,2564
2025-01-03_15_46,3043
2025-01-06_22_36,1878
2025-01-29_19_32,1751
2025-02-02_35_46,2978
2025-02-17_02_40,1419
2025-01-17_28_47,2318
2025-01-22_20_46,2176
2025-01-29_02_31,1419
2025-01-11_45_46,3163
2025-01-15_03_47,1419
2025-01-29_45_03,1419
2025-02-26_47_46,1980
2025-01-31_44_46,2547
2025-01-16_02_16,1419
2025-02-22_14_30,2552
2025-02-09_41_36,3160
2025-01-03_04_29,1419
2025-01-11_19_32,1824
2025-02-04_22_36,1930
2025-01-22_32_19,1957
2025-01-16_06_47,1419
2025-02-16_36_41,3695
2025-01-17_25_23,2932
2025-02-19_44_45,1911
2025-01-21_31_02,1419
2025-02-17_47_10,1585
2025-01-27_36_37,3775
2025-02-04_47_30,1992
2025-02-25_46_26,1972
2025-02-13_20_46,1968
2025-01-16_17_23,1815
2025-01-18_05_45,1419
2025-02-21_46_45,3302
2025-01-18_02_30,1419
2025-01-05_02_24,1419
2025-02-19_05_47,1419
2025-02-12_45_48,2164
2025-01-06_46_18,2266
2025-02-22_25_23,3094
2025-01-04_45_09,1419
2025-01-30_47_10,1869
2025-01-06_23_25,3434
2025-01-02_34_45,4033
2025-02-17_30_02,1419
2025-02-05_30_02,1419
2025-02-18_27_36,2030
2025-01-21_01_02,1419
2025-01-25_16_02,1419
2025-01-07_36_11,2072
2025-01-02_47_28,2347
2025-01-20_30_14,2087
2025-01-10_26_46,2645
2025-01-02_45_05,1419
2025-01-06_30_02,1419
2025-02-05_47_02,1419
2025-02-17_31_02,1419
2025-02-08_02_16,1419
2025-01-07_17_23,2213
2025-01-26_47_08,1419
2025-02-15_23_13,2243
2025-01-12_02_01,1419
2025-02-28_44_45,2287
2025-02-13_48_46,2658
2025-01-06_46_47,1938
2025-01-28_45_03,1419
2025-01-04_45_42,2398
2025-02-20_45_28,3340
2025-02-06_07_36,1419
2025-01-16_36_22,1991
2025-02-20_45_05,1419
2025-01-13_45_42,2337
2025-02-19_46_35,1966
2025-02-13_46_47,2263
2025-02-01_45_47,3284
2025-02-20_47_03,1419
2025-01-27_41_36,3193
2025-01-23_02_47,1419
2025-02-01_46_47,2379
2025-01-28_45_09,1419
2025-01-10_02_16,1419
2025-02-14_11_36,2569
2025-01-17_22_36,1943
2025-01-06_36_41,3918
2025-02-06_02_14,1419
2025-02-21_45_48,3295
2025-02-28_31_02,1419
2025-02-05_16_02,1419
2025-01-25_46_18,2581
2025-02-22_03_45,1419
2025-01-17_36_07,1419
2025-02-04_05_47,1419
2025-01-03_46_44,2441
2025-02-11_02_01,1419
2025-01-15_31_02,1419
2025-02-26_02_47,1419
2025-01-21_06_47,1419
2025-02-04_02_14,1419
2025-01-07_45_48,2294
2025-02-21_45_09,1419
2025-02-03_34_45,2624
2025-01-29_35_46,2003
2025-01-14_46_15,2901
2025-01-14_36_07,1419
2025-02-15_47_10,1959
2025-01-09_30_02,1419
2025-01-20_45_28,2327
2025-01-01_45_39,2627
2025-02-15_43_47,2187
2025-01-17_44_45,2462
2025-01-01_33_46,2966
2025-01-12_44_45,2303
2025-02-14_47_28,3537
2025-01-29_45_46,2345
2025-01-30_19_32,2008
2025-01-08_46_45,3128
2025-02-17_47_46,1968
2025-01-05_12_36,2348
2025-01-10_14_30,2255
2025-01-10_15_46,2765
2025-01-17_47_30,2850
2025-01-09_06_47,1419
2025-02-16_04_29,1419
2025-01-09_44_46,2120
2025-02-06_02_19,1419
2025-02-22_36_07,1419
2025-01-22_09_46,1419
2025-01-31_45_05,1419
2025-01-21_46_44,2072
2025-01-25_02_24,1419
2025-01-15_39_45,2234
2025-01-18_06_47,1419
2025-02-09_45_09,1419
2025-02-09_17_23,1815
2025-01-14_46_18,3272
2025-02-20_47_30,2098
2025-01-10_47_03,1419
2025-02-10_14_30,2051
2025-01-21_46_15,2161
2025-01-03_45_28,3040
2025-01-15_46_44,2702
2025-02-22_37_36,4100
2025-01-02_47_03,1419
2025-01-03_46_45,3390
2025-02-23_39_45,2688
2025-02-14_27_36,2135
2025-02-06_02_21,1419
2025-02-11_02_16,1419
2025-01-08_40_02,1419
2025-01-21_42_45,2113
2025-02-09_35_46,2757
2025-02-23_35_46,3115
2025-01-22_38_36,1798
2025-01-01_36_37,1589
2025-02-20_28_47,2068
2025-02-20_45_39,2821
2025-01-23_46_18,2648
2025-01-26_36_37,3276
2025-02-01_14_30,1971
2025-02-23_05_45,1419
2025-02-19_46_15,2154
2025-01-18_46_20,3084
2025-01-17_02_47,1419
2025-01-21_03_45,1419
2025-01-04_45_48,2541
2025-02-10_27_36,2143
2025-01-16_46_35,3005
2025-01-23_31_02,1419
2025-02-22_46_47,2195
2025-01-17_43_47,3529
2025-02-11_41_36,3119
2025-02-06_45_42,2624
2025-02-01_45_09,1419
2025-01-09_34_45,2182
2025-02-03_27_36,2150
2025-01-09_32_19,1962
2025-02-17_46_18,2010
2025-02-16_35_46,3529
2025-02-12_22_36,2148
2025-01-05_46_44,2795
2025-01-03_23_13,1883
2025-02-06_13_23,2150
2025-02-07_02_19,1419
2025-02-04_36_22,2072
2025-02-22_36_22,2176
2025-01-25_20_46,2214
2025-01-12_14_30,2571
2025-01-27_26_46,2121
2025-02-17_47_06,1419
2025-01-14_37_36,1986
2025-01-23_13_23,2244
2025-01-25_46_44,2714
2025-01-09_12_36,2017
2025-01-06_37_36,1522
2025-01-13_46_35,3978
2025-02-07_12_36,2353
2025-02-14_45_39,3551
2025-01-09_13_23,2037
2025-02-26_44_45,1903
2025-01-29_36_11,2033
2025-02-11_46_18,2233
2025-02-02_42_45,2911
2025-02-15_21_02,1419
2025-02-16_27_36,2456
2025-02-27_47_03,1419
2025-01-19_31_02,1419
2025-01-13_36_12,2329
2025-01-03_02_47,1419
2025-01-16_19_32,2065
2025-01-17_05_47,1419
2025-02-07_45_48,3112
2025-02-12_36_12,2245
2025-01-02_27_36,2131
2025-02-12_46_35,2078
2025-02-10_44_46,2911
2025-01-25_06_47,1419
2025-01-25_48_45,2400
2025-01-24_15_46,2224
2025-02-03_45_39,2041
2025-02-24_18_46,2351
2025-01-11_36_27,2117
2025-02-06_36_37,4421
2025-01-27_09_45,1419
2025-02-25_02_30,1419
2025-02-12_19_32,1962
2025-02-19_45_09,1419
2025-01-21_05_45,1419
2025-02-18_02_47,1419
2025-02-25_47_10,2134
2025-01-06_47_28,2222
2025-01-29_46_35,2356
2025-01-09_46_20,3200
2025-02-06_23_13,1911
2025-01-11_20_46,2313
2025-01-04_31_02,1419
2025-01-09_28_47,2263
2025-02-25_19_30,2281
2025-01-25_45_46,2746
2025-02-11_34_45,2231
2025-02-02_36_22,2135
2025-01-19_44_45,3492
2025-02-10_09_46,1419
2025-02-03_47_28,2042
2025-02-20_45_34,2944
2025-02-07_09_45,1419
2025-02-28_02_24,1419
2025-02-01_46_18,3518
2025-02-07_47_03,1419
2025-02-16_05_45,1419
2025-02-19_45_48,2246
2025-02-04_34_45,2030
2025-02-20_35_46,2191
2025-02-28_46_48,3911
2025-02-02_02_30,1419
2025-01-31_48_45,2883
2025-01-19_02_40,1419
2025-02-10_26_46,2083
2025-01-30_02_40,1419
2025-02-03_36_41,3933
2025-01-12_47_05,1419
2025-01-23_22_36,1827
2025-02-11_45_34,1980
2025-02-20_47_28,3027
2025-01-14_39_45,2513
2025-01-15_47_05,1419
2025-02-06_26_46,1848
2025-01-16_44_46,3983
2025-02-08_39_45,2186
2025-02-28_48_45,2416
2025-02-05_19_30,2486
2025-02-13_46_45,3018
2025-01-26_08_47,1419
2025-01-02_15_46,3490
2025-01-04_44_46,2418
2025-01-02_07_36,1419
2025-02-23_46_35,2072
2025-02-20_46_33,1821
2025-02-19_45_44,1989
2025-01-07_19_02,1419
2025-01-26_45_48,2583
2025-02-26_23_25,2948
2025-02-16_46_45,3243
2025-01-17_46_47,2072
2025-01-21_03_47,1419
2025-01-20_47_03,1419
2025-01-16_08_47,1419
2025-02-26_01_02,1419
2025-01-16_03_47,1419
2025-02-01_46_15,3362
2025-02-15_46_35,2629
2025-01-10_45_48,4238
2025-02-24_03_47,1419
2025-02-07_36_07,1419
2025-02-14_46_26,2336
2025-02-12_38_36,2140
2025-01-31_39_45,2264
2025-01-18_23_13,2043
2025-01-05_46_15,2498
2025-01-18_47_46,2813
2025-01-11_02_21,1419
2025-01-07_19_32,2035
2025-02-21_48_45,2153
2025-01-27_28_45,2336
2025-02-17_23_13,1989
2025-01-16_09_46,1419
2025-02-24_46_18,2585
2025-01-14_48_45,3089
2025-02-26_36_11,2120
2025-02-15_47_05,1419
2025-02-12_05_45,1419
2025-01-24_18_46,2466
2025-02-21_47_06,1419
2025-02-17_12_36,2151
2025-01-30_25_23,2589
2025-02-22_39_45,2257
2025-01-25_43_47,2419
2025-02-18_45_05,1419
2025-02-25_38_36,2234
2025-01-30_47_45,2782
2025-01-30_07_36,1419
2025-02-03_13_23,1957
2025-01-27_09_46,1419
2025-01-20_47_46,2069
2025-02-13_02_01,1419
2025-02-20_47_45,2694
2025-02-01_07_36,1419
2025-01-19_02_24,1419
2025-02-14_47_43,3615
2025-01-20_47_05,1419
2025-01-16_45_48,2819
2025-01-26_48_46,3599
2025-02-09_36_11,2286
2025-01-12_48_45,2779
2025-01-24_45_28,3345
2025-02-05_47_45,2396
2025-01-05_45_34,2728
2025-02-23_46_45,2992
2025-02-28_02_19,1419
2025-02-19_37_36,2963
2025-01-09_45_05,1419
2025-01-01_46_20,2029
2025-01-06_21_02,1419
2025-01-12_02_40,1419
2025-01-24_26_46,2433
2025-02-14_45_05,1419
2025-02-13_42_45,2057
2025-01-02_44_46,2578
2025-02-10_05_45,1419
2025-02-23_17_23,1930
2025-02-15_45_34,2580
2025-01-09_45_48,3638
2025-01-02_46_47,2063
2025-01-22_45_03,1419
2025-01-25_45_34,2733
2025-01-15_45_48,2694
2025-01-02_23_13,2246
2025-01-25_09_45,1419
2025-02-09_23_25,2836
2025-02-27_08_47,1419
2025-02-14_12_36,2333
2025-02-06_36_41,3546
2025-02-14_05_45,1419
2025-01-29_47_08,1419
2025-01-21_47_46,1970
2025-02-25_28_45,2063
2025-02-08_45_34,2939
2025-01-26_45_47,2619
2025-01-26_01_02,1419
2025-02-24_11_36,2466
2025-01-28_19_30,2030
2025-02-15_39_45,2213
2025-01-13_18_46,2399
2025-02-16_32_19,2027
2025-01-07_34_45,2863
2025-02-24_46_09,1419
2025-02-01_02_21,1419
2025-02-19_36_41,3661
2025-01-23_47_43,2245
2025-01-31_26_46,2883
2025-02-27_47_46,2132
2025-01-07_47_08,1419
2025-01-15_44_45,3124
2025-02-27_12_36,2065
2025-01-21_18_46,2947
2025-02-13_03_47,1419
2025-01-13_46_09,1419
2025-01-06_30_14,1836
2025-01-28_39_45,2310
2025-02-10_45_05,1419
2025-01-25_46_48,3079
2025-02-24_16_02,1419
2025-01-20_46_47,2053
2025-01-30_02_31,1419
2025-01-30_48_45,2250
2025-01-24_45_47,3230
2025-01-03_16_02,1419
2025-02-26_21_02,1419
2025-01-06_36_27,1692
2025-02-11_38_36,2002
2025-01-30_20_46,2138
2025-01-18_20_46,3913
2025-01-21_40_02,1419
2025-01-21_09_46,1419
2025-02-10_02_16,1419
2025-02-08_45_28,2800
2025-02-25_47_05,1419
2025-02-24_47_08,1419
2025-01-19_27_36,1984
2025-02-20_46_47,2177
2025-02-26_07_36,1419
2025-01-22_02_30,1419
2025-02-09_28_47,2747
2025-02-09_21_02,1419
2025-01-07_42_45,2390
2025-01-17_23_13,1827
2025-01-04_35_46,2455
2025-01-03_47_46,2667
2025-01-26_46_44,2606
2025-02-06_08_47,1419
2025-02-13_01_02,1419
2025-02-20_02_14,1419
2025-02-20_02_40,1419
2025-02-06_46_15,2807
2025-01-25_02_14,1419
2025-02-28_33_46,1939
2025-01-11_21_02,1419
2025-02-16_47_02,1419
2025-02-07_02_14,1419
2025-02-08_07_36,1419
2025-01-13_21_02,1419
2025-02-25_47_08,1419
2025-02-08_01_02,1419
2025-01-16_46_47,2183
2025-01-20_33_46,2735
2025-01-16_47_08,1419
2025-02-12_07_36,1419
2025-01-07_37_36,1509
2025-01-22_48_46,3593
2025-02-26_46_18,2814
2025-02-01_46_45,2662
2025-01-19_47_45,4391
2025-02-05_39_45,2439
2025-02-12_16_02,1419
2025-01-18_12_36,2390
2025-01-02_21_02,1419
2025-02-10_47_45,3100
2025-02-13_34_45,2228
2025-02-21_45_03,1419
2025-01-19_47_02,1419
2025-02-17_47_43,1880
2025-02-23_46_20,2209
2025-01-06_46_15,2326
2025-02-01_30_14,2256
2025-01-03_26_46,2042
2025-01-24_45_39,3471
2025-02-23_36_07,1419
2025-01-10_37_36,1590
2025-02-21_39_45,2347
2025-01-20_36_27,2127
2025-02-02_47_05,1419
2025-02-24_47_10,1792
2025-01-19_46_18,2622
2025-01-08_19_02,1419
2025-02-23_47_30,2247
2025-01-11_02_40,1419
2025-01-06_36_07,1419
2025-02-20_45_03,1419
2025-01-14_40_02,1419
2025-02-01_02_31,1419
2025-02-12_02_24,1419
2025-01-02_40_02,1419
2025-01-30_23_25,2890
2025-01-07_02_40,1419
2025-02-20_03_45,1419
2025-01-03_47_08,1419
2025-01-30_45_47,3322
2025-01-08_32_19,2026
2025-01-08_45_48,2823
2025-01-28_33_46,1642
2025-02-28_47_45,2894
2025-02-16_45_46,3303
2025-01-15_38_36,1642
2025-02-02_23_13,1937
2025-01-03_44_45,1940
2025-01-13_36_41,4343
2025-02-13_48_45,2019
2025-01-18_45_42,2294
2025-02-10_46_45,3067
2025-01-30_45_48,3203
2025-01-12_48_46,3253
2025-02-24_47_43,1943
2025-02-12_32_19,1927
2025-02-19_02_47,1419
2025-02-11_45_09,1419
2025-01-01_47_05,1419
2025-02-12_04_29,1419
2025-01-16_03_45,1419
2025-01-24_45_34,3619
2025-02-28_30_02,1419
2025-01-05_40_02,1419
2025-01-23_07_36,1419
2025-02-13_14_30,1879
2025-02-06_32_19,1935
2025-02-13_25_23,2433
2025-02-19_25_23,2918
2025-01-20_25_23,2630
2025-02-18_28_45,2456
2025-01-31_17_23,1816
2025-02-10_47_30,1945
2025-01-24_08_47,1419
2025-02-01_46_44,3490
2025-02-18_46_33,1839
2025-02-05_47_03,1419
2025-01-05_47_45,3651
2025-01-03_09_46,1419
2025-02-15_01_02,1419
2025-01-30_15_46,2331
2025-01-10_09_46,1419
2025-02-24_47_02,1419
2025-01-10_46_45,2858
2025-02-25_02_31,1419
2025-01-20_05_47,1419
2025-01-04_03_47,1419
2025-02-02_04_29,1419
2025-01-25_28_47,2019
2025-02-04_36_37,3856
2025-02-08_18_46,2363
2025-01-07_46_15,2449
2025-01-02_45_03,1419
2025-02-14_14_30,2062
2025-02-21_20_46,2332
2025-01-22_21_02,1419
2025-01-22_19_32,1756
2025-01-23_36_37,2268
2025-02-11_48_46,3222
2025-02-02_45_05,1419
2025-01-08_22_36,1965
2025-02-07_25_23,2650
2025-02-23_01_02,1419
2025-01-07_47_30,2045
2025-02-02_25_23,2433
2025-02-09_05_47,1419
2025-02-15_47_28,3291
2025-02-22_42_45,2231
2025-02-10_37_36,3262
2025-01-14_35_46,3097
2025-02-14_30_02,1419
2025-02-09_48_46,3747
2025-01-23_39_45,2220
2025-01-27_05_47,1419
2025-01-06_05_45,1419
2025-02-21_14_30,2349
2025-02-19_41_36,2750
2025-02-23_12_36,2328
2025-01-29_43_47,1812
2025-02-09_36_07,1419
2025-02-04_19_30,2444
2025-02-16_40_02,1419
2025-02-24_09_45,1419
2025-01-11_03_45,1419
2025-01-09_47_06,1419
2025-01-28_47_08,1419
2025-02-23_38_36,2686
2025-02-28_22_36,2052
2025-02-04_41_36,2827
2025-02-17_18_46,2127
2025-02-09_45_03,1419
2025-01-02_47_30,2267
2025-01-06_04_29,1419
2025-01-17_26_46,2288
2025-01-15_36_41,4942
2025-02-13_02_21,1419
2025-02-10_31_02,1419
2025-02-22_46_35,2578
2025-01-07_23_13,1607
2025-02-25_02_21,1419
2025-02-22_07_36,1419
2025-01-01_47_02,1419
2025-01-14_45_34,2145
2025-02-15_45_05,1419
2025-01-02_47_06,1419
2025-02-08_14_30,2425
2025-01-02_46_18,2305
2025-02-09_14_30,2695
2025-02-08_28_45,2206
2025-01-26_47_03,1419
2025-02-04_44_46,2245
2025-01-17_47_02,1419
2025-02-03_11_36,2332
2025-01-12_18_46,2442
2025-01-31_45_09,1419
2025-02-01_32_19,1931
2025-01-26_40_02,1419
2025-02-24_02_14,1419
2025-01-11_13_23,2033
2025-02-15_45_09,1419
2025-01-04_48_45,2905
2025-01-01_23_13,1966
2025-01-23_36_27,2101
2025-01-27_37_36,1847
2025-01-03_36_22,2126
2025-02-21_44_45,1994
2025-02-23_46_33,2238
2025-01-30_28_45,2205
2025-01-19_45_48,2457
2025-01-03_18_46,2627
2025-01-31_36_12,2558
2025-01-18_35_46,3802
2025-02-18_45_34,1951
2025-01-17_31_02,1419
2025-02-11_36_41,3540
2025-02-23_41_36,3201
2025-01-17_02_40,1419
2025-01-24_45_05,1419
2025-02-17_15_46,2300
2025-02-20_11_36,2317
2025-01-11_09_45,1419
2025-02-27_45_46,2583
2025-01-21_46_35,2021
2025-02-09_47_30,2126
2025-01-18_46_48,3493
2025-01-22_13_23,2063
2025-01-23_11_36,1955
2025-02-28_46_35,3393
2025-01-11_45_48,4332
2025-01-30_36_07,1419
2025-02-08_41_36,3110
2025-02-27_09_46,1419
2025-02-09_02_16,1419
2025-01-19_36_07,1419
2025-02-28_12_36,2567
2025-01-28_47_43,2094
2025-02-23_28_45,2440
2025-02-27_45_48,2928
2025-02-16_02_19,1419
2025-02-18_02_24,1419
2025-02-26_45_48,2864
2025-01-07_02_30,1419
2025-02-14_46_44,2974
2025-01-09_45_09,1419
2025-01-28_48_46,2966
2025-02-20_02_30,1419
2025-02-12_31_02,1419
2025-02-18_36_07,1419
2025-02-05_36_37,4041
2025-01-13_45_46,2830
2025-02-14_23_25,3334
2025-01-12_05_47,1419
2025-01-06_28_45,2156
2025-01-28_27_36,1887
2025-02-06_37_36,2554
2025-01-15_45_05,1419
2025-01-27_38_36,1748
2025-02-20_36_12,2468
2025-01-03_46_26,2023
2025-01-25_39_45,2355
2025-01-06_02_47,1419
2025-02-10_45_03,1419
2025-02-28_46_20,3319
2025-01-27_02_21,1419
2025-02-07_45_05,1419
2025-01-16_05_45,1419
2025-01-07_47_02,1419
2025-01-04_23_13,2089
2025-02-17_26_46,2047
2025-01-24_43_47,2078
2025-01-21_17_23,1815
2025-01-08_46_35,3171
2025-02-25_32_19,1584
2025-02-28_15_46,2169
2025-02-17_07_36,1419
2025-02-05_46_18,2186
2025-01-12_38_36,1791
2025-01-09_22_36,1859
2025-01-21_30_14,2171
2025-02-14_47_06,1419
2025-02-19_28_47,1913
2025-01-27_13_23,2396
2025-02-10_20_46,2817
2025-01-27_11_36,2010
2025-02-19_46_26,1805
2025-02-03_36_11,2083
2025-01-28_46_44,2039
2025-01-10_36_07,1419
2025-01-18_42_45,2220
2025-02-10_46_18,2540
2025-01-24_17_23,1821
2025-02-07_03_45,1419
2025-01-04_25_23,3630
2025-02-07_45_39,3330
2025-01-21_37_36,1631
2025-02-22_02_21,1419
2025-02-28_27_36,2259
2025-01-03_47_28,2689
2025-01-23_02_21,1419
2025-02-04_04_29,1419
2025-02-01_47_28,2788
2025-01-26_47_28,2674
2025-01-21_45_44,1885
2025-01-05_45_39,2015
2025-01-06_38_36,1815
2025-02-27_30_02,1419
2025-01-13_43_47,2285
2025-02-28_02_31,1419
2025-02-02_23_25,2656
2025-01-11_12_36,2260
2025-01-02_09_46,1419
2025-01-10_02_21,1419
2025-02-07_45_28,3471
2025-01-14_02_24,1419
2025-02-24_46_45,2565
2025-02-08_08_47,1419
2025-02-24_19_30,2373
2025-01-26_39_45,2782
2025-01-20_23_13,1865
2025-02-08_46_33,2832
2025-02-08_47_10,1877
2025-01-11_47_28,4440
2025-02-08_36_41,4326
2025-02-10_23_25,3092
2025-01-09_05_47,1419
2025-02-28_35_46,2230
2025-02-19_40_02,1419
2025-01-11_46_35,4862
2025-01-13_02_31,1419
2025-02-24_46_44,2032
2025-01-13_47_05,1419
2025-02-11_47_08,1419
2025-01-25_18_46,2805
2025-01-07_02_19,1419
2025-01-22_05_45,1419
2025-01-06_36_11,2042
2025-01-23_48_46,3486
2025-01-05_45_48,2181
2025-01-03_03_47,1419
2025-02-05_03_47,1419
2025-02-27_40_02,1419
2025-01-21_14_30,1994
2025-01-25_46_26,2177
2025-01-03_46_09,1419
2025-02-16_02_01,1419
2025-02-24_19_32,1890
2025-02-25_47_43,2244
2025-01-24_27_36,1879
2025-01-10_02_01,1419
2025-02-15_31_02,1419
2025-01-15_02_40,1419
2025-01-10_47_05,1419
2025-01-04_02_16,1419
2025-02-05_40_02,1419
2025-02-14_47_08,1419
2025-02-27_47_28,2982
2025-01-20_47_45,3028
2025-01-22_05_47,1419
2025-01-20_02_01,1419
2025-01-04_14_30,2076
2025-02-03_20_46,2781
2025-01-12_36_37,3383
2025-02-25_19_02,1419
2025-02-04_45_44,1930
2025-01-15_45_46,2879
2025-01-31_03_45,1419
2025-02-27_48_45,2715
2025-01-02_36_11,2024
2025-01-12_11_36,1812
2025-02-15_37_36,4385
2025-02-10_45_47,3514
2025-01-12_19_30,2165
2025-02-09_36_37,4566
2025-02-25_44_45,1810
2025-01-28_47_46,2053
2025-01-29_02_16,1419
2025-01-11_35_46,2719
2025-01-09_03_45,1419
2025-01-28_02_40,1419
2025-02-09_02_47,1419
2025-01-16_38_36,1586
2025-01-11_44_45,1975
2025-02-01_36_37,4518
2025-01-24_02_16,1419
2025-01-30_46_35,2749
2025-02-19_45_03,1419
2025-02-27_46_09,1419
2025-01-09_47_10,3764
2025-01-30_11_36,2004
2025-02-24_48_46,2980
2025-01-12_01_02,1419
2025-01-25_23_25,3548
2025-01-30_46_45,2442
2025-01-14_05_47,1419
2025-02-22_19_30,2273
2025-01-17_35_46,3493
2025-02-21_09_45,1419
2025-02-01_02_16,1419
2025-02-28_41_36,3310
2025-02-13_30_02,1419
2025-02-12_28_47,2202
2025-01-08_47_43,4520
2025-01-06_47_05,1419
2025-01-01_45_46,3290
2025-01-05_41_36,3610
2025-01-05_46_48,4157
2025-02-15_30_02,1419
2025-01-22_26_46,1992
2025-01-13_19_02,1419
2025-01-05_47_10,2405
2025-02-12_45_05,1419
2025-02-06_47_28,3149
2025-02-28_47_43,2726
2025-01-22_02_19,1419
2025-01-13_45_03,1419
2025-02-21_03_45,1419
2025-02-04_08_47,1419
2025-01-01_47_46,2590
2025-02-02_45_46,3096
2025-02-27_47_45,2705
2025-01-26_17_23,1825
2025-02-23_04_29,1419
2025-01-18_45_44,2490
2025-01-15_45_09,1419
2025-01-18_36_07,1419
2025-01-15_46_18,2734
2025-01-19_47_06,1419
2025-02-11_47_30,1878
2025-02-01_28_45,2281
2025-01-24_31_02,1419
2025-02-14_30_14,2824
2025-01-30_36_11,2250
2025-01-07_02_01,1419
2025-02-09_30_02,1419
2025-02-02_11_36,2141
2025-01-04_47_43,2654
2025-01-05_16_02,1419
2025-01-01_11_36,2344
2025-01-11_26_46,2960
2025-01-24_01_02,1419
2025-02-22_28_45,2373
2025-01-09_31_02,1419
2025-02-03_38_36,2138
2025-01-29_47_28,2801
2025-01-27_02_14,1419
2025-02-23_06_47,1419
2025-02-04_07_36,1419
2025-02-13_33_46,1642
2025-02-18_23_13,1743
2025-02-20_41_36,2755
2025-01-17_45_34,3306
2025-02-04_46_45,2456
2025-02-26_02_21,1419
2025-02-05_02_14,1419
2025-02-26_47_45,2730
2025-01-14_05_45,1419
2025-01-19_33_46,3575
2025-01-31_47_03,1419
2025-02-22_46_18,2424
2025-01-03_30_14,2310
2025-02-11_43_47,1789
2025-02-17_36_37,4487
2025-01-10_21_02,1419
2025-01-25_02_30,1419
2025-01-22_30_14,1606
2025-01-16_18_46,4015
2025-01-15_47_45,3247
2025-02-28_45_42,3188
2025-01-26_45_34,2235
2025-02-24_28_45,2387
2025-01-16_36_37,1996
2025-02-25_18_46,1984
2025-01-31_12_36,2746
2025-02-14_38_36,2096
2025-02-25_36_22,2159
2025-02-15_46_26,2180
2025-02-02_13_23,1999
2025-02-03_48_46,3563
2025-02-03_18_46,2975
2025-01-24_40_02,1419
2025-01-19_02_31,1419
2025-01-29_47_06,1419
2025-01-25_42_45,2178
2025-02-22_36_27,2586
2025-02-18_42_45,2121
2025-01-26_02_24,1419
2025-01-12_46_47,2035
2025-01-24_47_02,1419
2025-02-13_46_35,2668
2025-02-03_09_46,1419
2025-01-26_36_27,2159
2025-02-20_32_19,1692
2025-02-26_48_46,3005
2025-02-12_23_13,1943
2025-02-09_15_46,2756
2025-02-19_31_02,1419
2025-01-18_41_36,3461
2025-02-02_46_20,2808
2025-01-20_45_03,1419
2025-02-22_22_36,2163
2025-01-30_35_46,2182
2025-02-01_30_02,1419
2025-01-05_31_02,1419
2025-01-21_47_02,1419
2025-02-22_08_47,1419
2025-01-13_44_46,2365
2025-01-28_36_27,2161
2025-02-25_22_36,1940
2025-01-26_45_03,1419
2025-02-22_45_34,2837
2025-02-14_36_11,3048
2025-02-09_19_02,1419
2025-01-11_46_09,1419
2025-01-29_47_02,1419
2025-02-02_45_39,2192
2025-01-13_17_23,1879
2025-02-21_47_02,1419
2025-01-12_36_12,2044
2025-02-07_17_23,1696
2025-02-10_19_30,2196
2025-02-09_22_36,2178
2025-01-05_07_36,1419
2025-02-20_43_47,2036
2025-01-13_30_02,1419
2025-02-26_45_05,1419
2025-01-19_45_05,1419
2025-02-12_36_27,2581
2025-02-01_45_05,1419
2025-02-06_44_45,2093
2025-02-07_05_47,1419
2025-02-22_36_11,2919
2025-01-13_46_18,4225
2025-01-27_25_23,2896
2025-02-25_12_36,2074
2025-02-18_37_36,3247
2025-02-01_02_47,1419
2025-02-13_26_46,1977
2025-01-09_46_45,2405
2025-01-07_09_46,1419
2025-01-26_36_12,2256
2025-01-30_45_39,2904
2025-01-23_02_30,1419
2025-02-04_45_05,1419
2025-01-06_25_23,2709
2025-02-07_45_09,1419
2025-01-23_47_03,1419
2025-01-01_04_29,1419
2025-01-17_46_33,2022
2025-01-08_28_45,2049
2025-02-24_47_45,2482
2025-01-30_46_09,1419
2025-02-03_46_48,3380
2025-01-14_46_47,2267
2025-01-29_30_14,2090
2025-01-25_02_16,1419
2025-01-04_22_36,1942
2025-01-28_23_25,2777
2025-02-12_46_26,1851
2025-02-19_09_45,1419
2025-02-04_47_43,2207
2025-01-30_47_05,1419
2025-02-03_47_46,2097
2025-01-31_36_07,1419
2025-01-23_23_13,2382
2025-01-10_28_47,2885
2025-02-13_46_26,1828
2025-01-30_34_45,2283
2025-01-12_46_45,2496
2025-02-12_42_45,2047
2025-01-23_46_15,2701
2025-02-09_19_32,1838
2025-01-19_36_12,2225
2025-02-11_25_23,2594
2025-01-28_47_45,2968
2025-02-18_45_48,2219
2025-01-19_46_48,3695
2025-02-06_40_02,1419
2025-02-06_05_47,1419
2025-02-05_09_45,1419
2025-01-24_47_46,2500
2025-01-21_47_28,2145
2025-01-22_37_36,1595
2025-02-06_47_05,1419
2025-02-27_46_33,1825
2025-01-01_19_02,1419
2025-02-12_46_15,1901
2025-01-27_45_34,2052
2025-02-04_47_08,1419
2025-02-17_19_30,2215
2025-02-12_01_02,1419
2025-02-11_37_36,3045
2025-01-12_02_30,1419
2025-01-05_47_06,1419
2025-01-04_05_47,1419
2025-01-15_45_47,2601
2025-01-04_46_33,1967
2025-02-15_08_47,1419
2025-02-28_36_27,2925
2025-02-08_03_45,1419
2025-02-05_47_43,2378
2025-01-05_32_19,2008
2025-02-17_40_02,1419
2025-02-21_09_46,1419
2025-01-29_17_23,1706
2025-02-10_45_44,1901
2025-01-07_16_02,1419
2025-02-25_46_15,2353
2025-02-26_02_31,1419
2025-01-12_03_47,1419
2025-02-26_02_16,1419
2025-01-15_46_45,2840
2025-02-13_44_46,2176
2025-01-30_46_15,3145
2025-02-01_47_43,2246
2025-02-24_07_36,1419
2025-02-22_05_47,1419
2025-02-08_02_21,1419
2025-01-01_03_45,1419
2025-02-12_02_47,1419
2025-01-09_30_14,2351
2025-01-15_36_22,1970
2025-02-28_36_12,2401
2025-01-20_45_46,3408
2025-01-18_47_03,1419
2025-01-25_01_02,1419
2025-01-28_01_02,1419
2025-01-08_45_46,2363
2025-02-17_46_48,2706
2025-01-08_47_06,1419
2025-01-30_05_47,1419
2025-02-12_45_03,1419
2025-02-03_36_07,1419
2025-02-22_46_26,2142
2025-01-22_11_36,1900
2025-01-16_36_27,2126
2025-02-01_22_36,2024
2025-02-18_33_46,1929
2025-01-29_46_18,2483
2025-01-19_09_45,1419
2025-01-29_02_47,1419
2025-01-06_47_08,1419
2025-02-19_02_16,1419
2025-02-21_46_20,2568
2025-01-11_31_02,1419
2025-02-10_28_45,2463
2025-02-25_31_02,1419
2025-02-17_35_46,2542
2025-02-27_43_47,1826
2025-02-23_23_13,2159
2025-01-03_31_02,1419
2025-01-14_47_02,1419
2025-01-21_12_36,2048
2025-01-01_40_02,1419
2025-02-23_28_47,2499
2025-01-02_46_09,1419
2025-01-05_36_07,1419
2025-02-10_46_33,2017
2025-01-01_36_41,4021
2025-02-04_38_36,2164
2025-02-21_47_03,1419
2025-01-18_45_28,2859
2025-01-18_25_23,3076
2025-02-02_28_45,2797
2025-02-23_02_21,1419
2025-02-17_25_23,2667
2025-02-25_45_48,3654
2025-02-03_21_02,1419
2025-01-02_19_02,1419
2025-01-25_35_46,2432
2025-02-13_18_46,2054
2025-01-07_45_39,2094
2025-02-09_47_02,1419
2025-01-28_41_36,3282
2025-02-21_02_16,1419
2025-02-11_46_09,1419
2025-02-28_07_36,1419
2025-02-19_45_42,2264
2025-01-25_19_02,1419
2025-01-26_46_26,2031
2025-01-01_47_45,3816
2025-02-11_02_47,1419
2025-02-17_43_47,2226
2025-01-24_47_45,3734
2025-01-24_47_08,1419
2025-01-24_28_45,2044
2025-02-26_46_48,3472
2025-01-12_47_45,2797
2025-01-11_46_26,3191
2025-02-21_11_36,2262
2025-01-05_47_05,1419
2025-01-18_02_19,1419
2025-01-24_45_09,1419
2025-01-05_02_47,1419
2025-01-25_48_46,3281
2025-02-24_08_47,1419
2025-02-05_06_47,1419
2025-02-18_44_46,2207
2025-01-19_30_14,2037
2025-01-29_44_46,2077
2025-02-26_47_28,2789
2025-01-12_02_24,1419
2025-02-02_02_16,1419
2025-02-26_46_45,2411
2025-02-02_19_30,2475
2025-01-17_46_44,2911
2025-02-13_09_46,1419
2025-02-25_45_09,1419
2025-01-24_02_01,1419
2025-02-28_09_46,1419
2025-02-22_17_23,1584
2025-02-13_47_03,1419
2025-02-02_38_36,2072
2025-02-27_44_45,1870
2025-01-28_47_03,1419
2025-01-22_47_43,2523
2025-01-24_02_30,1419
2025-02-02_03_47,1419
2025-02-07_11_36,2380
2025-02-15_19_32,2152
2025-02-05_35_46,2097
2025-02-02_30_02,1419
2025-02-21_30_14,2972
2025-01-12_45_42,2430
2025-01-27_27_36,2167
2025-01-17_02_31,1419
2025-02-18_17_23,1830
2025-02-22_48_45,2246
2025-01-24_12_36,2405
2025-01-02_45_47,3225
2025-01-02_38_36,1909
2025-01-26_02_21,1419
2025-01-07_07_36,1419
2025-02-27_14_30,1992
2025-02-12_37_36,4068
2025-01-28_08_47,1419
2025-02-17_47_28,2396
2025-02-13_45_42,2819
2025-02-04_23_13,1851
2025-01-02_05_47,1419
2025-02-12_02_14,1419
2025-01-28_11_36,2032
2025-01-20_23_25,2944
2025-02-09_18_46,2833
2025-01-31_46_45,3148
2025-02-16_36_22,2179
2025-02-24_42_45,2125
2025-02-15_02_24,1419
2025-02-15_45_47,3760
2025-01-29_45_09,1419
2025-02-04_47_10,1836
2025-02-01_02_19,1419
2025-02-23_30_14,1971
2025-01-21_23_25,3397
2025-01-08_47_03,1419
2025-01-01_02_30,1419
2025-02-04_02_21,1419
2025-02-08_37_36,3845
2025-01-31_28_45,2065
2025-01-10_45_34,3754
2025-02-05_46_26,1641
2025-01-07_45_28,3127
2025-02-20_18_46,2068
2025-01-06_14_30,1992
2025-02-22_45_47,2824
2025-02-01_41_36,3281
2025-01-09_47_46,2824
2025-02-17_14_30,2075
2025-01-30_02_21,1419
2025-01-02_01_02,1419
2025-01-03_08_47,1419
2025-01-02_46_44,2241
2025-02-05_02_24,1419
2025-02-01_13_23,2180
2025-02-19_16_02,1419
2025-02-23_31_02,1419
2025-01-27_45_09,1419
2025-02-01_43_47,2341
2025-02-18_48_46,2493
2025-01-16_43_47,4097
2025-02-07_28_47,2235
2025-01-10_25_23,2827
2025-01-03_45_03,1419
2025-02-22_11_36,2510
2025-02-16_47_08,1419
2025-02-16_03_47,1419
2025-02-26_42_45,2191
2025-02-19_23_13,1633
2025-01-01_02_47,1419
2025-01-27_36_27,1793
2025-01-16_25_23,2629
2025-01-04_02_01,1419
2025-02-24_02_24,1419
2025-02-04_02_30,1419
2025-02-14_36_07,1419
2025-01-08_45_42,1999
2025-02-17_48_45,2424
2025-02-23_45_42,2168
2025-01-20_11_36,1999
2025-02-04_43_47,1881
2025-02-07_45_34,3235
2025-01-10_46_33,4308
2025-02-04_46_44,2044
2025-02-27_25_23,2724
2025-02-28_06_47,1419
2025-02-08_36_12,2295
2025-01-01_39_45,3312
2025-01-21_02_40,1419
2025-01-22_19_30,2036
2025-01-31_45_34,3526
2025-01-26_11_36,2250
2025-02-10_47_05,1419
2025-02-21_43_47,2329
2025-01-04_12_36,2149
2025-01-08_30_14,1967
2025-02-22_45_05,1419
2025-02-28_46_47,2458
2025-01-20_36_37,2122
2025-01-13_02_16,1419
2025-01-23_15_46,2452
2025-01-15_47_28,2734
2025-02-03_32_19,1707
2025-01-22_02_47,1419
2025-02-06_28_47,2103
2025-02-07_07_36,1419
2025-01-02_45_09,1419
2025-01-15_03_45,1419
2025-02-06_47_08,1419
2025-02-12_45_09,1419
2025-01-14_02_31,1419
2025-02-28_23_13,2377
2025-01-09_25_23,2827
2025-02-27_44_46,2324
2025-01-07_46_45,2405
2025-02-23_09_45,1419
2025-02-18_36_22,2030
2025-01-12_35_46,2432
2025-02-13_38_36,2078
2025-02-28_20_46,2999
2025-01-20_46_44,2412
2025-02-17_09_45,1419
2025-01-03_28_47,1699
2025-02-06_30_02,1419
2025-01-14_11_36,1806
2025-01-31_30_02,1419
2025-02-10_03_45,1419
2025-02-04_45_42,2081
2025-01-20_18_46,3717
2025-02-24_13_23,2194
2025-01-29_15_46,2119
2025-01-06_47_10,2434
2025-01-25_07_36,1419
2025-01-20_04_29,1419
2025-01-27_46_33,1675
2025-02-23_19_32,2053
2025-02-13_11_36,2800
2025-01-01_28_47,2213
2025-01-30_09_45,1419
2025-01-13_03_45,1419
2025-02-22_31_02,1419
2025-01-22_01_02,1419
2025-01-04_13_23,2022
2025-02-19_08_47,1419
2025-02-14_44_45,1992
2025-02-18_45_39,2238
2025-02-15_23_25,3086
2025-01-19_04_29,1419
2025-01-05_25_23,3246
2025-02-13_19_30,2328
2025-01-02_28_47,1887
2025-02-03_47_05,1419
2025-02-25_02_01,1419
2025-01-25_05_47,1419
2025-02-14_02_21,1419
2025-02-11_47_46,1933
2025-02-04_02_47,1419
2025-01-29_46_09,1419
2025-01-08_27_36,1938
2025-02-13_43_47,2122
2025-01-05_14_30,2437
2025-02-18_18_46,2032
2025-01-07_46_09,1419
2025-02-04_39_45,2072
2025-02-14_02_40,1419
2025-02-12_45_42,2727
2025-01-27_47_05,1419
2025-01-12_04_29,1419
2025-01-08_35_46,2029
2025-02-05_46_15,2425
2025-02-26_03_45,1419
2025-01-17_45_09,1419
2025-02-10_45_34,2216
2025-01-29_02_30,1419
2025-01-26_22_36,1913
2025-01-15_09_45,1419
2025-01-30_30_02,1419
2025-02-02_47_45,3364
2025-01-04_46_35,2464
2025-02-26_19_02,1419
2025-02-20_22_36,2125
2025-01-26_31_02,1419
2025-01-02_48_46,3546
2025-02-26_36_41,3489
2025-01-25_30_14,2290
2025-02-05_22_36,1942
2025-01-07_14_30,1878
2025-01-29_34_45,2337
2025-02-15_20_46,2081
2025-02-01_23_25,3061
2025-02-23_34_45,3492
2025-02-03_15_46,2564
2025-01-03_02_40,1419
2025-02-16_45_39,2113
2025-02-22_33_46,1919
2025-02-07_47_06,1419
2025-01-31_46_48,3984
2025-01-08_02_31,1419
2025-02-27_02_24,1419
2025-01-05_21_02,1419
2025-02-05_33_46,1814
2025-01-21_47_06,1419
2025-02-20_33_46,2447
2025-01-09_36_22,2048
2025-02-18_36_27,2377
2025-01-05_02_01,1419
2025-01-04_03_45,1419
2025-01-01_09_45,1419
2025-02-14_22_36,2296
2025-02-09_45_28,2961
2025-02-01_36_27,2790
2025-02-04_13_23,1872
2025-02-24_45_09,1419
2025-01-20_36_07,1419
2025-02-06_14_30,1815
2025-02-11_18_46,2928
2025-02-11_19_32,1997
2025-01-30_13_23,2042
2025-02-18_35_46,2128
2025-02-06_45_28,2908
2025-02-05_05_45,1419
2025-01-18_23_25,3130
2025-02-03_42_45,2373
2025-02-11_23_25,2719
2025-01-08_39_45,2000
2025-02-12_33_46,1863
2025-02-12_48_46,2647
2025-02-18_25_23,2567
2025-02-26_46_47,2070
2025-01-12_17_23,1932
2025-01-28_46_35,2106
2025-01-08_14_30,1958
2025-02-27_46_47,1937
2025-01-30_45_42,2678
2025-01-01_03_47,1419
2025-02-21_46_44,3052
2025-01-26_20_46,2470
2025-01-04_19_30,2750
2025-01-09_37_36,1381
2025-02-01_17_23,1642
2025-01-05_02_14,1419
2025-02-01_47_30,2245
2025-02-05_31_02,1419
2025-02-08_43_47,2424
2025-01-21_02_19,1419
2025-01-10_39_45,2099
2025-02-02_18_46,3112
2025-02-18_31_02,1419
2025-02-21_17_23,1813
2025-01-06_47_43,2903
2025-02-04_21_02,1419
2025-01-05_47_30,2155
2025-02-23_46_26,2158
2025-02-12_15_46,2214
2025-01-20_02_19,1419
2025-02-27_46_44,2351
2025-01-12_47_28,3709
2025-02-18_45_44,1977
2025-02-08_17_23,1847
2025-01-13_28_47,2166
2025-01-13_26_46,2301
2025-01-18_39_45,2431
2025-01-13_42_45,2172
2025-02-09_36_22,1996
2025-01-08_43_47,2125
2025-01-04_07_36,1419
2025-01-11_39_45,2664
2025-01-22_28_45,2161
2025-01-05_02_16,1419
2025-01-08_45_09,1419
2025-02-13_46_33,1977
2025-01-28_05_47,1419
2025-02-08_19_32,2223
2025-01-01_48_45,3626
2025-02-04_32_19,1926
2025-02-20_19_32,2341
2025-01-26_26_46,2578
2025-02-17_05_47,1419
2025-02-08_02_14,1419
2025-01-28_46_45,2037
2025-02-20_45_46,2669
2025-01-08_02_19,1419
2025-01-23_46_44,2150
2025-01-10_03_47,1419
2025-02-06_09_46,1419
2025-01-06_42_45,2798
2025-02-20_45_44,2241
2025-02-16_30_02,1419
2025-02-08_44_45,1971
2025-02-10_16_02,1419
2025-02-20_45_42,2456
2025-01-17_15_46,3235
2025-01-18_03_45,1419
2025-02-09_47_28,2466
2025-01-15_16_02,1419
2025-02-25_41_36,3061
2025-02-27_02_30,1419
2025-02-16_05_47,1419
2025-01-24_37_36,1907
2025-02-28_19_30,2099
2025-02-11_46_44,2097
2025-02-14_18_46,2232
2025-01-16_02_31,1419
2025-01-01_42_45,3177
2025-02-17_02_16,1419
2025-02-21_27_36,1974
2025-02-19_39_45,2072
2025-02-27_07_36,1419
2025-01-19_18_46,4053
2025-02-12_45_34,2226
2025-02-27_47_06,1419
2025-02-23_11_36,2547
2025-01-10_47_02,1419
2025-01-03_48_45,2649
2025-01-06_45_34,2125
2025-02-26_20_46,2283
2025-01-06_43_47,2213
2025-01-11_36_07,1419
2025-01-20_47_08,1419
2025-02-06_45_47,3045
2025-02-27_45_03,1419
2025-01-21_44_46,2719
2025-01-04_42_45,2887
2025-01-08_44_46,2032
2025-02-09_02_19,1419
2025-01-24_02_40,1419
2025-02-02_19_02,1419
2025-02-25_21_02,1419
2025-02-15_46_33,1951
2025-02-07_20_46,2003
2025-01-11_01_02,1419
2025-02-13_02_30,1419
2025-02-13_36_12,2848
2025-01-26_19_32,2003
2025-01-04_45_34,3200
2025-01-02_32_19,1952
2025-02-22_12_36,2471
2025-01-27_02_31,1419
2025-01-23_37_36,1592
2025-02-25_23_13,2059
2025-01-28_45_47,3301
2025-01-17_47_28,2928
2025-01-17_46_20,2438
2025-01-17_18_46,3549
2025-01-14_45_44,2526
2025-02-26_46_20,2786
2025-02-24_32_19,1951
2025-02-08_38_36,2245
2025-01-08_48_46,3383
2025-01-31_47_10,1991
2025-01-06_28_47,2143
2025-01-14_47_05,1419
2025-01-05_23_13,1979
2025-02-03_02_16,1419
2025-02-12_47_30,1896
2025-01-02_02_47,1419
2025-01-08_48_45,2146
2025-02-18_11_36,2393
2025-01-31_33_46,2408
2025-01-01_02_24,1419
2025-01-16_32_19,1585
2025-02-19_46_45,2387
2025-02-15_28_45,2681
2025-01-21_02_21,1419
2025-02-24_45_05,1419
2025-01-21_45_48,2173
2025-01-03_36_12,2702
2025-01-15_40_02,1419
2025-01-04_46_44,2703
2025-01-19_46_45,3370
2025-01-13_46_15,3782
2025-01-27_36_41,3662
2025-01-02_45_46,3776
2025-02-19_43_47,1925
2025-02-08_02_40,1419
2025-02-02_20_46,2998
2025-02-09_45_46,3118
2025-02-23_47_06,1419
2025-02-12_47_03,1419
2025-02-17_47_02,1419
2025-02-26_40_02,1419
2025-02-09_12_36,2246
2025-01-18_45_39,2745
2025-02-09_02_31,1419
2025-02-15_32_19,2122
2025-02-05_45_47,2734
2025-01-10_34_45,2776
2025-02-23_47_46,2394
2025-01-19_36_22,2131
2025-02-14_17_23,1953
2025-01-28_36_37,3604
2025-01-24_47_28,3400
2025-02-07_27_36,2075
2025-02-08_30_14,2245
2025-02-05_46_35,2383
2025-02-14_40_02,1419
2025-01-21_45_09,1419
2025-02-22_02_14,1419
2025-01-23_47_08,1419
2025-02-20_44_45,1947
2025-01-31_02_01,1419
2025-02-13_36_41,3922
2025-01-20_46_18,2314
2025-02-03_01_02,1419
2025-01-17_02_01,1419
2025-02-21_38_36,1985
2025-01-14_02_47,1419
2025-02-28_36_22,2261
2025-02-05_05_47,1419
2025-02-28_47_08,1419
2025-01-27_16_02,1419
2025-01-09_47_30,2127
2025-01-05_26_46,2935
2025-02-06_46_09,1419
2025-01-02_25_23,3997
2025-02-11_48_45,2416
2025-02-22_47_45,3443
2025-01-27_45_44,2020
2025-01-09_36_07,1419
2025-02-12_46_09,1419
2025-02-03_02_01,1419
2025-02-02_47_06,1419
2025-01-20_36_12,2004
2025-02-27_02_47,1419
2025-01-31_04_29,1419
2025-02-28_37_36,2741
2025-01-20_46_45,3188
2025-02-26_04_29,1419
2025-01-22_41_36,2871
2025-02-10_46_20,2501
2025-02-26_27_36,2114
2025-01-04_44_45,2241
2025-01-11_02_24,1419
2025-01-24_05_47,1419
2025-02-07_41_36,3331
2025-01-16_47_28,2735
2025-02-01_47_10,2124
2025-02-06_02_24,1419
2025-01-21_22_36,1709
2025-02-17_46_35,1974
2025-02-24_17_23,2349
2025-02-02_45_28,2448
2025-02-14_21_02,1419
2025-02-16_47_03,1419
2025-02-22_46_44,2375
2025-01-26_47_05,1419
2025-01-19_45_44,1983
2025-01-04_19_02,1419
2025-02-05_02_01,1419
2025-01-16_01_02,1419
2025-02-08_34_45,2376
2025-02-27_19_30,1990
2025-01-28_02_21,1419
2025-02-03_45_48,1972
2025-02-10_36_41,3933
2025-01-03_46_48,3072
2025-02-11_45_46,2976
2025-02-21_41_36,2766
2025-01-24_46_48,3402
2025-02-28_47_03,1419
2025-02-24_02_19,1419
2025-01-20_31_02,1419
2025-01-25_36_07,1419
2025-01-06_11_36,2060
2025-01-05_47_46,2747
2025-01-13_03_47,1419
2025-02-05_44_45,1970
2025-02-21_36_11,2994
2025-01-01_02_16,1419
2025-01-05_18_46,2961
2025-01-18_15_46,3495
2025-02-23_44_46,3131
2025-01-09_35_46,2214
2025-01-29_12_36,1947
2025-02-20_39_45,1923
2025-01-09_47_28,3291
2025-02-20_47_08,1419
2025-01-31_14_30,2143
2025-01-14_03_45,1419
2025-01-09_45_39,2843
2025-02-21_01_02,1419
2025-02-08_30_02,1419
2025-01-18_31_02,1419
2025-01-11_45_28,4528
2025-02-12_36_37,4528
2025-01-17_19_30,2613
2025-02-18_38_36,1879
2025-02-23_45_46,3710
2025-01-24_23_13,2625
2025-02-14_23_13,1789
2025-01-21_47_10,1598
2025-01-03_46_20,2218
2025-02-05_25_23,2352
2025-01-11_47_08,1419
2025-01-23_46_20,2388
2025-01-13_02_19,1419
2025-02-09_16_02,1419
2025-02-17_02_47,1419
2025-01-19_47_30,2328
2025-02-08_09_46,1419
2025-01-22_45_39,2478
2025-01-29_19_02,1419
2025-02-04_46_48,2316
2025-01-11_15_46,2776
2025-02-02_36_07,1419
2025-01-01_15_46,4163
2025-01-26_37_36,2078
2025-01-02_30_02,1419
2025-01-30_18_46,2057
2025-02-01_46_48,3835
2025-01-03_45_44,2606
2025-01-21_38_36,1880
2025-02-08_12_36,2241
2025-02-10_46_35,2229
2025-02-06_02_16,1419
2025-02-25_02_40,1419
2025-02-20_16_02,1419
2025-01-07_36_37,1585
2025-02-27_46_20,2648
2025-01-10_45_47,4053
2025-01-02_37_36,1512
2025-02-28_40_02,1419
2025-02-27_04_29,1419
2025-02-05_37_36,2634
2025-01-15_46_09,1419
2025-02-03_19_30,2456
2025-02-13_46_09,1419
2025-02-20_46_44,2406
2025-01-12_46_48,4814
2025-02-27_36_11,2524
2025-02-06_19_30,2214
2025-01-09_23_25,3407
2025-02-27_18_46,3100
2025-01-04_36_27,1938
2025-02-15_13_23,1927
2025-02-03_02_19,1419
2025-02-18_47_28,2315
2025-01-26_45_42,2489
2025-01-13_02_40,1419
2025-01-17_28_45,2584
2025-01-28_15_46,2045
2025-02-15_47_30,2187
2025-02-23_47_45,2964
2025-01-12_05_45,1419
2025-02-22_47_06,1419
2025-02-07_28_45,2292
2025-02-27_37_36,3078
2025-01-29_36_12,2354
2025-01-19_45_03,1419
2025-02-21_28_47,2075
2025-02-02_02_24,1419
2025-02-02_48_45,3352
2025-01-29_02_21,1419
2025-01-27_47_06,1419
2025-02-24_44_45,2020
2025-01-05_45_09,1419
2025-01-16_46_18,2825
2025-01-05_38_36,1903
2025-01-27_43_47,1940
2025-02-21_47_08,1419
2025-02-26_47_10,1872
2025-02-10_47_43,2312
2025-01-19_46_09,1419
2025-01-19_36_37,2500
2025-02-05_28_45,2351
2025-02-22_46_15,2322
2025-01-16_45_46,3222
2025-01-20_07_36,1419
2025-02-09_39_45,2609
2025-01-06_47_46,1943
2025-01-08_12_36,2126
2025-02-06_48_45,2351
2025-02-20_26_46,1811
2025-02-18_22_36,1825
2025-02-26_32_19,2032
2025-02-07_47_10,1974
2025-01-08_02_01,1419
2025-01-11_37_36,1892
2025-02-05_03_45,1419
2025-02-20_28_45,2116
2025-02-12_17_23,1816
2025-02-05_18_46,2332
2025-01-26_03_47,1419
2025-02-19_36_27,2524
2025-01-19_45_42,2114
2025-01-28_45_42,2073
2025-02-21_23_13,1974
2025-01-02_44_45,2711
2025-02-24_20_46,1957
2025-01-01_46_15,2719
2025-01-10_46_35,4477
2025-02-04_45_28,2437
2025-01-07_04_29,1419
2025-01-02_02_14,1419
2025-02-01_02_14,1419
2025-01-18_08_47,1419
2025-02-24_47_05,1419
2025-01-31_20_46,2515
2025-02-16_03_45,1419
2025-02-15_41_36,3244
2025-02-08_46_18,3561
2025-02-23_18_46,2800
2025-02-21_02_01,1419
2025-02-25_17_23,1821
2025-02-04_02_40,1419
2025-02-23_45_09,1419
2025-01-30_32_19,1755
2025-02-18_01_02,1419
2025-02-16_45_42,2265
2025-01-27_35_46,2397
2025-01-08_45_39,2214
2025-02-04_09_45,1419
2025-01-28_30_02,1419
2025-01-22_46_09,1419
2025-01-26_02_47,1419
2025-02-10_41_36,3262
2025-02-28_46_45,3314
2025-01-12_31_02,1419
2025-01-07_46_47,2065
2025-01-20_22_36,1941
2025-02-09_45_39,2332
2025-02-23_40_02,1419
2025-01-14_23_25,3019
2025-01-04_41_36,3457
2025-02-17_28_45,2593
2025-01-06_48_46,3651
2025-01-12_47_08,1419
2025-01-27_02_19,1419
2025-01-22_22_36,1879
2025-01-08_23_25,3031
2025-01-27_46_47,1813
2025-02-06_04_29,1419
2025-02-28_36_37,2943
2025-02-06_46_44,2357
2025-01-15_02_30,1419
2025-01-09_02_14,1419
2025-01-26_07_36,1419
2025-02-26_33_46,1906
2025-02-22_23_13,2156
2025-01-13_46_26,2437
2025-01-04_11_36,2032
2025-01-05_45_03,1419
2025-01-03_32_19,2075
2025-01-14_33_46,2324
2025-02-22_47_30,2659
2025-02-19_09_46,1419
2025-01-30_37_36,2920
2025-02-13_36_07,1419
2025-01-17_45_28,3374
2025-01-09_45_46,2585
2025-02-13_46_15,2416
2025-02-19_27_36,2121
2025-02-21_46_48,3472
2025-01-23_36_12,2161
2025-01-28_02_30,1419
2025-01-03_36_11,2178
2025-02-13_19_02,1419
2025-02-17_47_45,2594
2025-01-25_19_32,2072
2025-01-28_47_02,1419
2025-01-08_31_02,1419
2025-02-02_26_46,2476
2025-02-12_02_21,1419
2025-01-25_44_46,2229
2025-02-08_45_03,1419
2025-01-18_45_47,3691
2025-01-01_45_44,2407
2025-01-17_21_02,1419
2025-02-21_44_46,2305
2025-02-21_02_24,1419
2025-01-24_04_29,1419
2025-02-18_46_45,2253
2025-02-12_21_02,1419
2025-02-14_02_47,1419
2025-01-13_13_23,2006
2025-01-23_02_31,1419
2025-01-20_21_02,1419
2025-01-08_47_30,2062
2025-01-01_16_02,1419
2025-02-01_39_45,2517
2025-02-25_46_09,1419
2025-02-02_02_47,1419
2025-01-13_38_36,1855
2025-02-19_36_37,4605
2025-02-08_46_35,2912
2025-01-24_47_43,2805
2025-01-13_06_47,1419
2025-01-10_02_31,1419
2025-01-07_46_35,2245
2025-01-03_02_01,1419
2025-01-23_46_33,1958
2025-02-25_36_11,2543
2025-02-19_04_29,1419
2025-02-19_20_46,1878
2025-01-06_45_09,1419
2025-01-19_02_30,1419
2025-02-03_02_40,1419
2025-02-17_46_26,1706
2025-02-07_13_23,1836
2025-02-12_28_45,2091
2025-01-28_14_30,1977
2025-02-26_11_36,2176
2025-01-01_05_45,1419
2025-02-09_07_36,1419
2025-02-17_08_47,1419
2025-01-10_45_28,4421
2025-01-11_02_14,1419
2025-01-17_48_45,2969
2025-02-19_07_36,1419
2025-01-15_13_23,1955
2025-01-25_46_45,3005
2025-01-29_47_46,2070
2025-02-23_45_48,2399
2025-01-27_12_36,2162
2025-01-14_46_45,2945
2025-01-01_36_22,2068
2025-01-04_46_18,2512
2025-01-04_33_46,1947
2025-01-25_15_46,2406
2025-02-08_47_46,2575
2025-01-20_02_31,1419
2025-01-01_19_30,2937
2025-02-10_30_14,2053
2025-01-07_45_47,2742
2025-02-09_32_19,2073
2025-02-25_30_02,1419
2025-02-08_45_09,1419
2025-01-12_06_47,1419
2025-02-14_15_46,2233
2025-01-17_46_35,2536
2025-02-10_22_36,1981
2025-01-20_30_02,1419
2025-01-19_47_46,2853
2025-02-22_18_46,2274
2025-02-03_03_45,1419
2025-02-25_03_45,1419
2025-02-18_46_20,2058
2025-01-02_36_12,2186
2025-01-19_23_13,2062
2025-01-28_19_32,1696
2025-02-04_31_02,1419
2025-01-22_36_41,4255
2025-01-09_46_18,3743
2025-01-21_46_33,1839
2025-02-16_47_46,2577
2025-02-24_26_46,2060
2025-01-01_47_28,2335
2025-02-04_46_18,2235
2025-02-20_02_24,1419
2025-02-06_38_36,2064
2025-01-25_36_22,2138
2025-02-07_02_16,1419
2025-01-23_18_46,2371
2025-02-17_21_02,1419
2025-01-18_26_46,2189
2025-02-18_02_21,1419
2025-02-20_47_02,1419
2025-01-05_02_21,1419
2025-02-23_45_03,1419
2025-01-05_47_03,1419
2025-01-15_23_25,3337
2025-02-24_30_02,1419
2025-02-27_45_44,2063
2025-01-26_45_39,2528
2025-01-11_36_11,2164
2025-02-19_05_45,1419
2025-02-23_45_39,2089
2025-01-13_36_07,1419
2025-01-24_22_36,2004
2025-01-18_33_46,3283
2025-01-21_23_13,1939
2025-02-04_17_23,1879
2025-01-18_03_47,1419
2025-01-01_46_48,4179
2025-02-08_47_05,1419
2025-01-05_20_46,3115
2025-02-03_47_02,1419
2025-01-04_47_08,1419
2025-02-12_13_23,1810
2025-01-19_28_45,3525
2025-02-04_35_46,2013
2025-02-07_47_28,3214
2025-01-23_46_26,2068
2025-02-23_47_10,1866
2025-02-17_02_01,1419
2025-02-28_38_36,2104
2025-01-14_02_40,1419
2025-01-07_08_47,1419
2025-02-11_12_36,2113
2025-01-14_09_46,1419
2025-01-16_02_30,1419
2025-01-25_46_20,2449
2025-02-17_42_45,2259
2025-02-17_11_36,2485
2025-02-11_28_45,2156
2025-02-13_36_27,2552
2025-02-19_47_10,1592
2025-02-16_31_02,1419
2025-01-30_28_47,1994
2025-01-11_03_47,1419
2025-02-25_36_07,1419
2025-02-07_46_33,2929
2025-01-19_05_47,1419
2025-02-12_45_44,1779
2025-02-25_16_02,1419
2025-02-17_34_45,2556
2025-01-07_31_02,1419
2025-01-20_20_46,3228
2025-02-16_47_05,1419
2025-01-04_45_46,3484
2025-02-11_22_36,1959
2025-02-26_46_33,1784
2025-02-25_33_46,1855
2025-01-13_36_11,1987
2025-02-07_09_46,1419
2025-01-21_46_47,1992
2025-02-07_16_02,1419
2025-01-13_30_14,2137
2025-01-27_46_26,2024
2025-02-27_28_47,1965
2025-02-20_02_16,1419
2025-02-13_02_14,1419
2025-01-20_47_43,2441
2025-02-01_05_45,1419
2025-02-09_02_30,1419
2025-02-02_45_48,2513
2025-01-11_44_46,2848
2025-01-20_37_36,1724
2025-02-06_45_03,1419
2025-01-20_46_15,2244
2025-01-29_47_45,2352
2025-01-05_03_45,1419
2025-02-24_45_39,2068
2025-02-24_12_36,2196
2025-02-09_43_47,2400
2025-02-17_41_36,2844
2025-02-09_46_33,2152
2025-01-19_30_02,1419
2025-02-01_31_02,1419
2025-02-17_02_14,1419
2025-01-17_09_45,1419
2025-01-16_35_46,3939
2025-02-01_36_07,1419
2025-01-17_02_19,1419
2025-01-29_39_45,1993
2025-01-24_36_11,2702
2025-01-05_09_45,1419
2025-01-02_30_14,2232
2025-01-10_02_24,1419
2025-01-19_21_02,1419
2025-01-24_47_06,1419
2025-01-07_06_47,1419
2025-02-16_47_28,2547
2025-01-26_41_36,3260
2025-02-12_45_47,3242
2025-02-27_46_45,2500
2025-02-16_11_36,3061
2025-01-11_46_44,4555
2025-02-10_46_26,1950
2025-01-05_45_42,2160
2025-02-12_45_39,2337
2025-02-03_45_46,2773
2025-01-14_22_36,2060
2025-01-23_47_05,1419
2025-01-20_02_16,1419
2025-01-28_05_45,1419
2025-02-07_03_47,1419
2025-02-12_09_46,1419
2025-01-04_30_02,1419
2025-01-26_28_45,2674
2025-01-28_46_09,1419
2025-02-10_33_46,2210
2025-02-25_01_02,1419
2025-02-07_01_02,1419
2025-02-25_07_36,1419
2025-02-11_42_45,2158
2025-02-06_44_46,1955
2025-01-20_09_45,1419
2025-02-26_36_22,2110
2025-02-13_15_46,2152
2025-01-12_46_26,2633
2025-02-24_04_29,1419
2025-02-18_20_46,1893
2025-02-20_02_21,1419
2025-01-06_36_12,2127
2025-02-25_45_47,2764
2025-02-06_19_32,1861
2025-02-23_14_30,2612
2025-01-17_33_46,2948
2025-02-26_02_19,1419
2025-01-13_09_46,1419
2025-01-03_01_02,1419
2025-01-06_16_02,1419
2025-02-20_05_47,1419
2025-02-18_03_45,1419
2025-02-04_28_45,2269
2025-01-26_45_05,1419
2025-01-02_02_19,1419
2025-02-07_43_47,2237
2025-02-14_45_44,2803
2025-02-07_02_21,1419
2025-02-26_45_39,2300
2025-01-26_16_02,1419
2025-02-13_27_36,2199
2025-01-17_07_36,1419
2025-02-09_19_30,2606
2025-02-14_25_23,2640
2025-02-08_46_47,2071
2025-02-22_47_02,1419
2025-02-13_47_05,1419
2025-02-23_45_47,3123
2025-02-18_47_08,1419
2025-02-19_26_46,2164
2025-01-27_45_03,1419
2025-02-04_45_39,1855
2025-01-22_06_47,1419
2025-02-14_46_09,1419
2025-01-12_47_43,4537
2025-01-26_44_46,3206
2025-02-11_45_47,2760
2025-02-17_45_03,1419
2025-02-09_04_29,1419
2025-02-09_27_36,2708
2025-02-10_36_07,1419
2025-02-03_02_31,1419
2025-02-17_36_07,1419
2025-01-03_19_32,1977
2025-02-12_03_47,1419
2025-01-24_32_19,2083
2025-02-19_34_45,2069
2025-01-11_46_48,4750
2025-01-31_30_14,3169
2025-01-11_28_47,2767
2025-02-19_17_23,1954
2025-02-16_45_09,1419
2025-01-25_45_03,1419
2025-01-28_43_47,1692
2025-01-04_02_30,1419
2025-01-07_18_46,2114
2025-02-16_09_45,1419
2025-01-10_45_46,3576
2025-01-12_46_33,3493
2025-01-13_02_24,1419
2025-02-01_47_08,1419
2025-02-04_30_14,2350
2025-01-22_47_08,1419
2025-01-13_25_23,2328
2025-01-15_44_46,3529
2025-02-15_42_45,2233
2025-01-24_19_32,2066
2025-02-26_03_47,1419
2025-02-26_02_40,1419
2025-01-26_02_31,1419
2025-02-17_37_36,3260
2025-01-06_45_48,2085
2025-02-06_41_36,2902
2025-01-06_46_45,2740
2025-01-13_34_45,2935
2025-02-15_30_14,2684
2025-02-25_37_36,3139
2025-01-21_19_02,1419
2025-02-08_28_47,2372
2025-01-12_45_48,3449
2025-01-14_28_47,2650
2025-01-22_43_47,2607
2025-01-25_26_46,2270
2025-02-11_35_46,2591
2025-02-07_36_41,4581
2025-01-13_22_36,1977
2025-01-13_02_14,1419
2025-02-13_31_02,1419
2025-02-18_47_30,2062
2025-01-09_33_46,1808
2025-02-16_46_26,2274
2025-01-08_47_10,3532
2025-01-15_35_46,3662
2025-02-24_37_36,3138
2025-02-16_02_24,1419
2025-01-10_46_20,4528
2025-01-23_47_02,1419
2025-02-03_25_23,2719
2025-01-13_41_36,3505
2025-01-26_02_30,1419
2025-01-15_45_44,2156
2025-01-14_45_42,2029
2025-02-16_44_46,3219
2025-01-23_46_47,2132
2025-02-12_02_31,1419
2025-02-03_46_09,1419
2025-01-31_02_30,1419
2025-02-14_05_47,1419
2025-01-13_31_02,1419
2025-02-01_47_06,1419
2025-02-18_09_46,1419
2025-01-07_45_42,1998
2025-02-21_40_02,1419
2025-01-01_36_11,2124
2025-01-01_14_30,3029
2025-02-26_39_45,2029
2025-01-11_46_47,2716
2025-01-28_02_01,1419
2025-02-02_02_19,1419
2025-01-15_48_46,4463
2025-01-21_48_45,2586
2025-01-03_47_06,1419
2025-02-25_05_47,1419
2025-01-03_46_47,2007
2025-02-16_46_44,2353
2025-01-31_05_47,1419
2025-01-14_34_45,3133
2025-01-24_45_46,3326
2025-01-17_39_45,2352
2025-01-22_04_29,1419
2025-02-10_39_45,2559
2025-01-03_42_45,2587
2025-02-27_20_46,2826
2025-01-03_09_45,1419
2025-02-06_22_36,1969
2025-02-22_46_45,2519
2025-01-16_31_02,1419
2025-02-18_46_44,2156
2025-01-12_21_02,1419
2025-01-02_47_08,1419
2025-01-31_45_44,3252
2025-02-11_02_40,1419
2025-01-27_42_45,2397
2025-02-19_45_47,3407
2025-02-24_02_21,1419
2025-01-01_21_02,1419
2025-02-21_23_25,3611
2025-02-17_46_47,2437
2025-02-02_43_47,2300
2025-01-08_36_12,2237
2025-01-31_45_39,3428
2025-01-29_30_02,1419
2025-02-25_46_45,2328
2025-02-15_18_46,2231
2025-01-29_36_27,1963
2025-01-03_45_05,1419
2025-01-18_36_12,2556
2025-02-21_36_37,6293
2025-01-21_36_07,1419
2025-01-23_19_02,1419
2025-01-31_18_46,2749
2025-02-12_05_47,1419
2025-02-27_47_08,1419
2025-01-11_34_45,3042
2025-02-18_05_45,1419
2025-01-17_27_36,1951
2025-01-09_43_47,2228
2025-01-10_45_44,3607
2025-01-31_45_46,3240
2025-02-25_45_03,1419
2025-01-02_19_32,2007
2025-02-06_02_47,1419
2025-01-10_35_46,2225
2025-01-06_36_22,2235
2025-02-11_44_45,2211
2025-02-04_46_20,2059
2025-02-01_46_09,1419
2025-02-08_47_45,2815
2025-02-17_27_36,2309
2025-01-28_46_15,2533
2025-02-02_01_02,1419
2025-01-11_46_15,4748
2025-01-26_09_45,1419
2025-02-19_38_36,2231
2025-01-29_22_36,1620
2025-01-10_28_45,2463
2025-02-22_46_48,3694
2025-01-30_43_47,2042
2025-01-01_17_23,1787
2025-01-18_46_47,2328
2025-01-16_45_42,2072
2025-01-31_42_45,2339
2025-01-09_09_45,1419
2025-02-12_47_10,1875
2025-02-11_08_47,1419
2025-02-04_47_28,2518
2025-01-03_12_36,2363
2025-01-27_02_47,1419
2025-02-19_47_03,1419
2025-02-18_02_30,1419
2025-02-16_33_46,2668
2025-01-27_39_45,2653
2025-02-02_44_45,2982
2025-01-08_13_23,1928
2025-01-04_02_31,1419
2025-01-07_47_06,1419
2025-01-20_45_48,2185
2025-02-04_18_46,2334
2025-02-14_31_02,1419
2025-01-21_02_16,1419
2025-01-07_48_46,3057
2025-02-01_36_11,2777
2025-02-24_44_46,2218
2025-02-17_33_46,1792
2025-01-15_06_47,1419
2025-02-17_16_02,1419
2025-01-29_45_39,2384
2025-02-15_38_36,2192
2025-01-26_46_35,1979
2025-01-06_47_06,1419
2025-02-01_01_02,1419
2025-01-27_47_46,1887
2025-01-23_02_24,1419
2025-02-01_45_44,2896
2025-02-19_46_09,1419
2025-02-26_37_36,3592
2025-02-01_08_47,1419
2025-02-06_45_39,2835
2025-01-11_45_47,3208
2025-01-01_44_45,3057
2025-02-11_01_02,1419
2025-01-29_02_19,1419
2025-01-26_36_11,1806
2025-01-20_02_47,1419
2025-01-01_36_12,2560
2025-02-08_02_01,1419
2025-02-16_46_47,2409
2025-02-16_28_47,2554
2025-02-16_46_18,2376
2025-01-10_05_45,1419
2025-01-25_31_02,1419
2025-02-04_30_02,1419
2025-01-29_01_02,1419
2025-02-17_45_47,3271
2025-02-17_46_44,1996
2025-01-08_45_05,1419
2025-02-05_23_13,1643
2025-02-23_02_31,1419
2025-01-20_08_47,1419
2025-02-05_47_05,1419
2025-02-08_46_44,2862
2025-02-13_28_47,2170
2025-01-11_22_36,2062
2025-01-28_45_28,2409
2025-01-13_39_45,2403
2025-02-13_46_18,2489
2025-02-21_02_40,1419
2025-01-25_03_45,1419
2025-02-21_45_39,3567
2025-01-21_34_45,2427
2025-01-17_47_10,2231
2025-01-17_45_03,1419
2025-01-14_45_39,2242
2025-02-16_16_02,1419
2025-02-14_47_46,2568
2025-01-27_47_08,1419
2025-02-26_19_32,1620
2025-02-16_08_47,1419
2025-01-25_02_19,1419
2025-02-19_28_45,2265
2025-01-02_05_45,1419
2025-01-09_20_46,1856
2025-01-30_08_47,1419
2025-01-21_33_46,2151
2025-01-04_46_45,2767
2025-01-31_46_09,1419
2025-01-08_19_32,2083
2025-02-08_48_45,2228
2025-02-17_45_09,1419
2025-02-27_36_12,2353
2025-01-31_19_02,1419
2025-02-17_36_41,3499
2025-02-12_46_33,1585
2025-02-05_07_36,1419
2025-01-30_45_03,1419
2025-01-01_25_23,4520
2025-02-02_05_45,1419
2025-02-04_45_48,2028
2025-01-29_46_44,2493
2025-01-02_35_46,2904
2025-01-30_47_08,1419
2025-02-23_02_16,1419
2025-01-20_16_02,1419
2025-01-27_46_15,2180
2025-02-09_45_34,2483
2025-02-18_47_43,2381
2025-02-15_03_45,1419
2025-02-15_45_48,2606
2025-01-27_46_48,2350
2025-02-02_12_36,2371
2025-02-17_45_28,2701
2025-02-22_28_47,2480
2025-02-25_47_30,1939
2025-02-06_20_46,1933
2025-01-15_25_23,2861
2025-01-30_46_20,2349
2025-01-13_02_30,1419
2025-02-03_46_18,2158
2025-02-20_12_36,2323
2025-01-26_19_30,2549
2025-01-05_46_18,2648
2025-02-20_21_02,1419
2025-01-29_45_05,1419
2025-02-13_16_02,1419
2025-01-24_42_45,2526
2025-01-12_47_46,2525
2025-01-31_15_46,3132
2025-02-15_27_36,2260
2025-02-11_06_47,1419
2025-01-07_32_19,1961
2025-02-21_02_30,1419
2025-02-27_02_14,1419
2025-01-01_26_46,2870
2025-01-23_03_45,1419
2025-01-19_20_46,3803
2025-02-14_19_02,1419
2025-02-10_46_48,2828
2025-02-22_47_46,2251
2025-02-03_46_47,1886
2025-01-30_46_18,3070
2025-02-07_18_46,2399
2025-02-08_45_42,2515
2025-01-24_36_22,2335
2025-02-23_46_47,2396
2025-02-02_46_45,3143
2025-02-20_46_18,2332
2025-02-07_14_30,2212
2025-01-12_09_45,1419
2025-01-02_43_47,2405
2025-01-27_19_02,1419
2025-01-14_02_21,1419
2025-02-08_25_23,2451
2025-02-23_02_19,1419
2025-02-06_46_20,2317
2025-01-16_07_36,1419
2025-02-27_15_46,2356
2025-01-27_47_43,2219
2025-02-11_02_19,1419
2025-02-02_09_46,1419
2025-02-26_36_12,2370
2025-01-09_48_45,2460
2025-02-25_35_46,2259
2025-01-03_02_30,1419
2025-02-02_16_02,1419
2025-01-18_36_11,2262
2025-01-30_31_02,1419
2025-02-04_46_26,1861
2025-02-26_22_36,1995
2025-01-24_46_18,2910
2025-02-11_45_39,2058
2025-02-25_46_18,3029
2025-01-22_46_45,2465
2025-01-06_09_46,1419
2025-02-10_04_29,1419
2025-01-20_44_45,2801
2025-02-22_45_48,2700
2025-01-01_38_36,1912
2025-01-26_27_36,2094
2025-01-08_20_46,1743
2025-02-06_17_23,1643
2025-02-27_47_02,1419
2025-01-23_47_45,3361
2025-02-21_47_05,1419
2025-01-08_18_46,2085
2025-02-12_25_23,2289
2025-01-26_13_23,2260
2025-02-03_02_24,1419
2025-02-01_40_02,1419
2025-02-06_33_46,1888
2025-01-14_43_47,2629
2025-02-03_47_03,1419
2025-02-05_45_48,2232
2025-02-07_15_46,2453
2025-01-27_40_02,1419
2025-01-29_06_47,1419
2025-01-10_19_02,1419
2025-01-13_23_25,2707
2025-01-27_02_40,1419
2025-01-03_02_24,1419
2025-01-19_45_39,2426
2025-01-07_35_46,2123
2025-01-29_20_46,2178
2025-01-08_46_26,1886
2025-02-28_45_03,1419
2025-02-02_14_30,2611
2025-01-09_28_45,2002
2025-02-05_46_33,1864
2025-02-13_45_03,1419
2025-01-18_38_36,1934
2025-02-27_45_42,2323
2025-01-02_33_46,2103
2025-01-21_46_09,1419
2025-02-07_46_09,1419
2025-01-11_30_14,2358
2025-01-29_23_13,1898
2025-01-20_02_24,1419
2025-01-10_02_30,1419
2025-01-08_38_36,1606
2025-02-20_47_46,2157
2025-01-12_47_02,1419
2025-02-09_05_45,1419
2025-02-11_03_45,1419
2025-02-24_45_46,3056
2025-02-21_47_30,2492
2025-02-21_16_02,1419
2025-01-13_33_46,1879
2025-01-19_11_36,2053
2025-02-02_47_30,2310
2025-01-27_36_22,2216
2025-02-08_40_02,1419
2025-01-29_13_23,1977
2025-01-26_47_02,1419
2025-01-05_17_23,1844
2025-02-04_46_15,2053
2025-01-11_41_36,3842
2025-01-19_03_45,1419
2025-01-12_22_36,1927
2025-01-08_01_02,1419
2025-01-02_02_21,1419
2025-01-14_46_26,2244
2025-01-08_45_44,2394
2025-01-04_37_36,1563
2025-02-01_19_02,1419
2025-01-13_47_46,2530
2025-02-23_36_37,4392
2025-02-04_36_11,2237
2025-01-31_09_46,1419
2025-02-05_36_41,4021
2025-01-24_09_46,1419
2025-01-25_08_47,1419
2025-01-26_38_36,2027
2025-02-02_22_36,1978
2025-01-29_48_45,2252
2025-01-23_44_45,1951
2025-02-09_38_36,2745
2025-02-16_36_37,4785
2025-02-16_12_36,2306
2025-01-16_28_45,2978
2025-02-23_07_36,1419
2025-02-21_46_15,2536
2025-01-02_36_27,2073
2025-02-25_09_46,1419
2025-02-28_17_23,2292
2025-01-16_47_46,2365
2025-01-31_46_18,3381
2025-02-26_45_47,2824
2025-01-08_02_40,1419
2025-01-05_04_29,1419
2025-01-28_23_13,1927
2025-02-08_20_46,2396
2025-02-25_36_27,2584
2025-01-04_09_46,1419
2025-01-20_02_40,1419
2025-02-11_47_06,1419
2025-01-12_28_47,2490
2025-01-26_46_09,1419
2025-01-30_40_02,1419
2025-01-09_21_02,1419
2025-02-16_25_23,2854
2025-02-10_28_47,2149
2025-02-05_21_02,1419
2025-01-02_45_42,2661
2025-02-13_47_30,2511
2025-01-02_22_36,1930
2025-02-12_46_20,2097
2025-01-05_27_36,2161
2025-01-29_26_46,1855
2025-01-01_22_36,2167
2025-02-06_21_02,1419
2025-01-22_46_44,2328
2025-02-09_45_42,2381
2025-01-06_02_14,1419
2025-02-10_03_47,1419
2025-01-11_46_33,4261
2025-02-24_23_13,2244
2025-01-15_47_02,1419
2025-02-21_05_45,1419
2025-01-04_26_46,2424
2025-01-06_06_47,1419
2025-01-17_05_45,1419
2025-02-02_05_47,1419
2025-02-13_09_45,1419
2025-01-22_47_05,1419
2025-01-06_34_45,3463
2025-01-05_46_35,2241
2025-01-27_19_32,1726
2025-02-22_13_23,2098
2025-01-24_47_10,1984
2025-01-01_47_30,2340
2025-02-25_45_39,2304
2025-02-02_47_02,1419
2025-02-16_20_46,2376
2025-01-18_30_02,1419
2025-01-10_30_02,1419
2025-02-03_05_47,1419
2025-02-27_45_34,2439
2025-02-24_47_28,2561
2025-01-29_09_45,1419
2025-01-04_47_30,2438
2025-01-01_35_46,3695
2025-01-24_30_02,1419
2025-01-26_35_46,2932
2025-02-08_46_48,3586
2025-02-06_27_36,1869
2025-01-06_46_33,1951
2025-02-21_46_33,2166
2025-02-11_09_45,1419
2025-01-18_19_30,2445
2025-02-26_36_07,1419
2025-01-08_02_24,1419
2025-02-28_46_26,2171
2025-01-24_46_20,2827
2025-01-30_02_16,1419
2025-01-17_20_46,3051
2025-01-04_36_07,1419
2025-02-26_09_45,1419
2025-02-14_46_18,2838
2025-02-14_46_20,2477
2025-01-30_46_48,3471
2025-01-04_48_46,3508
2025-02-07_36_22,2237
2025-02-07_04_29,1419
2025-02-28_45_47,3253
2025-01-26_30_02,1419
2025-01-31_46_15,3530
2025-02-25_39_45,2152
2025-01-02_03_45,1419
2025-01-14_45_48,3038
2025-02-28_02_30,1419
2025-01-11_43_47,2667
2025-02-10_47_03,1419
2025-02-07_44_46,2226
2025-01-28_48_45,2272
2025-02-22_02_40,1419
2025-02-25_30_14,2648
2025-01-26_45_44,2392
2025-01-28_47_10,1742
2025-02-09_44_46,3208
2025-02-27_05_45,1419
2025-01-04_06_47,1419
2025-01-29_25_23,2360
2025-02-18_19_32,1978
2025-01-23_45_46,3031
2025-01-29_36_22,1967
2025-02-12_26_46,1989
2025-01-16_13_23,1824
2025-02-03_02_21,1419
2025-01-10_46_44,4806
2025-02-16_45_03,1419
2025-02-14_46_33,2651
2025-02-04_23_25,2829
2025-01-28_22_36,1757
2025-01-24_46_45,3228
2025-01-30_17_23,1810
2025-02-06_47_45,2869
2025-01-01_01_02,1419
2025-02-13_07_36,1419
2025-02-13_46_20,2145
2025-01-06_01_02,1419
2025-01-04_23_25,3164
2025-02-23_45_28,2577
2025-02-11_05_45,1419
2025-02-28_36_07,1419
2025-02-21_15_46,1944
2025-02-21_22_36,2032
2025-01-06_19_30,1922
2025-01-30_45_05,1419
2025-02-01_26_46,2398
2025-01-14_02_19,1419
2025-01-23_43_47,2154
2025-01-03_44_46,2299
2025-02-10_46_47,1919
2025-02-20_02_01,1419
2025-01-29_16_02,1419
2025-02-17_47_05,1419
2025-02-01_36_41,4226
2025-02-09_28_45,2741
2025-02-12_47_46,1955
2025-01-23_04_29,1419
2025-01-31_36_37,4517
2025-01-04_39_45,2469
2025-02-03_14_30,2288
2025-02-09_02_14,1419
2025-01-12_45_47,3511
2025-01-11_47_06,1419
2025-02-14_45_09,1419
2025-01-21_11_36,1616
2025-02-09_46_45,2921
2025-01-06_27_36,1875
2025-01-26_32_19,1972
2025-01-25_47_30,2501
2025-02-25_14_30,1903
2025-02-24_45_44,1864
2025-02-03_45_05,1419
2025-01-23_01_02,1419
2025-01-07_47_10,2742
2025-01-23_47_30,2216
2025-01-13_46_47,2247
2025-02-26_45_44,2036
2025-01-07_39_45,2026
2025-01-21_47_03,1419
2025-01-23_36_22,1934
2025-01-14_44_46,2777
2025-01-28_44_45,1847
2025-02-19_46_44,2123
2025-02-03_47_10,1568
2025-02-24_36_11,2493
2025-01-14_07_36,1419
2025-02-19_46_20,1961
2025-01-11_45_03,1419
2025-02-16_43_47,2608
2025-02-02_08_47,1419
2025-02-10_36_27,2471
2025-01-16_36_12,2241
2025-01-20_45_47,2295
2025-02-09_34_45,3179
2025-02-16_45_28,2345
2025-01-25_46_47,1982
2025-02-01_02_30,1419
2025-02-10_47_46,2121
2025-01-28_25_23,2433
2025-01-10_45_03,1419
2025-01-17_45_39,3170
2025-01-02_19_30,2480
2025-01-01_47_06,1419
2025-01-25_25_23,3579
2025-01-28_09_46,1419
2025-02-26_46_15,2286
2025-02-06_03_45,1419
2025-02-16_15_46,2734
2025-01-08_37_36,1588
2025-01-06_08_47,1419
2025-01-30_48_46,3021
2025-01-14_46_33,2415
2025-01-03_23_25,3459
2025-01-27_45_47,2248
2025-01-25_45_42,2676
2025-02-02_41_36,2837
2025-01-23_27_36,1880
2025-01-30_39_45,2034
2025-01-10_42_45,2087
2025-02-18_45_47,3291
2025-01-26_34_45,3374
2025-02-21_31_02,1419
2025-01-29_28_45,2011
2025-01-15_02_16,1419
2025-02-18_02_19,1419
2025-02-22_15_46,1977
2025-02-12_36_07,1419
2025-02-06_46_33,2039
2025-01-11_28_45,2237
2025-02-02_06_47,1419
2025-02-02_07_36,1419
2025-01-12_37_36,1559
2025-01-30_19_30,2158
2025-01-25_47_10,1695
2025-02-06_02_30,1419
2025-01-08_46_09,1419
2025-02-18_21_02,1419
2025-02-02_09_45,1419
2025-01-04_46_09,1419
2025-02-23_44_45,2757
2025-01-27_03_45,1419
2025-02-06_47_10,1957
2025-02-04_19_02,1419
2025-01-27_44_45,1855
2025-01-14_36_27,2161
2025-01-15_08_47,1419
2025-01-28_46_20,2163
2025-02-21_08_47,1419
2025-02-10_36_22,1957
2025-01-08_36_11,2022
2025-01-05_08_47,1419
2025-02-15_46_20,2442
2025-01-03_45_48,2419
2025-02-14_47_30,2310
2025-01-19_38_36,1878
2025-01-16_47_06,1419
2025-02-03_46_45,2866
2025-01-16_44_45,3079
2025-02-10_25_23,2731
2025-02-19_22_36,1818
2025-01-05_44_45,2588
2025-01-04_18_46,3024
2025-01-18_36_41,4360
2025-02-27_16_02,1419
2025-01-15_14_30,1935
2025-02-18_30_14,2328
2025-02-16_23_25,3005
2025-01-16_16_02,1419
2025-01-25_09_46,1419
2025-02-14_36_22,2335
2025-02-23_03_45,1419
2025-01-28_28_47,2107
2025-01-04_43_47,2119
2025-01-06_46_20,1950
2025-02-24_02_30,1419
2025-02-25_47_03,1419
2025-02-01_02_01,1419
2025-01-22_15_46,2341
2025-01-15_47_08,1419
2025-02-16_02_31,1419
2025-02-14_19_30,2266
2025-01-21_04_29,1419
2025-01-03_34_45,3507
2025-02-22_36_12,2335
2025-02-26_47_30,1931
2025-01-15_34_45,2759
2025-02-11_40_02,1419
2025-02-22_02_16,1419
2025-01-21_45_28,2442
2025-01-31_02_19,1419
2025-02-27_02_21,1419
2025-02-20_46_20,2237
2025-01-08_02_47,1419
2025-02-18_34_45,2544
2025-01-17_16_02,1419
2025-01-11_02_30,1419
2025-01-23_36_11,2078
2025-01-11_32_19,2003
2025-01-28_47_06,1419
2025-02-07_45_03,1419
2025-01-31_40_02,1419
2025-01-25_45_28,2927
2025-01-11_23_25,3314
2025-01-05_05_45,1419
2025-01-18_45_03,1419
2025-02-08_03_47,1419
2025-01-31_23_25,3625
2025-01-29_19_30,1978
2025-01-08_02_16,1419
2025-01-01_47_03,1419
2025-01-18_17_23,1807
2025-02-24_45_47,3103
2025-02-23_45_05,1419
2025-01-29_27_36,1841
2025-02-21_02_21,1419
2025-01-22_36_12,2154
2025-01-19_46_33,2162
2025-01-31_02_40,1419
2025-02-21_04_29,1419
2025-01-10_20_46,2208
2025-02-23_15_46,2798
2025-01-08_46_18,2898
2025-02-27_36_22,1938
2025-01-14_26_46,2228
2025-01-28_28_45,2268
2025-01-26_09_46,1419
2025-02-12_47_28,2649
2025-01-17_36_27,2233
2025-01-10_32_19,2162
2025-02-09_45_44,2269
2025-02-23_36_11,2543
2025-01-13_32_19,1936
2025-02-11_07_36,1419
2025-01-10_04_29,1419
2025-01-23_46_35,2245
2025-01-25_03_47,1419
2025-01-25_45_39,2766
2025-02-25_45_46,3146
2025-02-17_02_31,1419
2025-02-18_47_02,1419
2025-01-11_46_18,4421
2025-01-13_47_06,1419
2025-01-31_03_47,1419
2025-02-11_13_23,1891
2025-01-09_46_33,3129
2025-02-09_46_44,2831
2025-02-04_45_47,2576
2025-02-18_23_25,2876
2025-01-26_46_15,2325
2025-01-28_06_47,1419
2025-02-06_36_22,2073
2025-01-01_45_42,2739
2025-01-02_14_30,2177
2025-01-30_02_14,1419
2025-02-15_47_08,1419
2025-02-06_02_40,1419
2025-01-31_47_08,1419
2025-01-01_46_47,2216
2025-02-15_02_16,1419
2025-02-13_45_46,2922
2025-01-18_47_02,1419
2025-01-01_45_48,2802
2025-02-03_08_47,1419
2025-02-10_30_02,1419
2025-02-21_35_46,2472
2025-02-12_40_02,1419
2025-01-06_31_02,1419
2025-01-28_45_05,1419
2025-01-03_39_45,2318
2025-02-26_30_14,2178
2025-02-08_46_20,3273
2025-02-12_35_46,2235
2025-02-05_09_46,1419
2025-01-15_45_42,2117
2025-02-20_31_02,1419
2025-01-17_36_22,2135
2025-01-02_46_35,2382
2025-01-10_07_36,1419
2025-02-07_02_47,1419
2025-02-04_33_46,1866
2025-01-03_40_02,1419
2025-01-07_46_26,1747
2025-02-06_18_46,2274
2025-02-19_47_02,1419
2025-02-17_46_09,1419
2025-02-05_20_46,2029
2025-02-21_18_46,2273
2025-01-30_42_45,1998
2025-01-27_06_47,1419
2025-02-22_47_28,2932
2025-02-26_12_36,2219
2025-02-20_30_02,1419
2025-01-01_46_33,2406
2025-01-06_45_03,1419
2025-02-05_47_06,1419
2025-01-06_02_19,1419
2025-01-13_48_45,2454
2025-01-15_46_33,2529
2025-02-17_02_24,1419
2025-01-19_12_36,2832
2025-02-25_45_34,2729
2025-02-06_34_45,2166
2025-02-05_47_10,1837
2025-02-18_36_11,2581
2025-02-28_04_29,1419
2025-01-09_47_02,1419
2025-01-23_09_45,1419
2025-01-22_33_46,1779
2025-02-28_47_30,2245
2025-02-22_02_30,1419
2025-01-26_47_45,2684
2025-02-20_36_37,5288
2025-01-18_47_05,1419
2025-01-22_46_33,1839
2025-01-29_03_45,1419
2025-01-12_42_45,2250
2025-02-26_45_34,2379
2025-02-22_47_05,1419
2025-02-22_44_46,2401
2025-02-24_36_07,1419
2025-02-18_39_45,2278
2025-01-13_45_44,3134
2025-01-04_02_40,1419
2025-02-24_27_36,1962
2025-02-03_02_47,1419
2025-01-19_19_02,1419
2025-01-06_39_45,2377
2025-02-27_30_14,2340
2025-02-05_19_32,1945
2025-01-03_45_34,3235
2025-02-09_47_05,1419
2025-01-06_03_45,1419
2025-02-23_27_36,2143
2025-01-18_46_26,2136
2025-01-05_46_45,3325
2025-02-06_46_45,3138
2025-02-09_47_03,1419
2025-02-11_19_02,1419
2025-02-03_47_43,1996
2025-01-31_31_02,1419
2025-01-22_45_48,2453
2025-01-10_36_12,2716
2025-02-25_43_47,2023
2025-01-07_23_25,3219
2025-01-31_35_46,2361
2025-02-17_36_12,2233
2025-01-04_45_39,2531
2025-01-24_45_48,3100
2025-01-16_45_34,2700
2025-02-07_48_46,4251
2025-01-29_02_14,1419
2025-02-03_44_46,2995
2025-01-19_39_45,2851
2025-01-11_45_39,3188
2025-01-14_02_14,1419
2025-01-17_42_45,2359
2025-01-19_45_34,2428
2025-01-02_06_47,1419
2025-01-29_45_42,2436
2025-02-28_02_47,1419
2025-01-12_02_14,1419
2025-01-23_19_30,2090
2025-01-19_47_08,1419
2025-01-16_46_44,2640
2025-02-04_06_47,1419
2025-02-16_02_21,1419
2025-01-15_20_46,3558
2025-02-14_28_47,2247
2025-02-06_36_11,2695
2025-01-02_28_45,2210
2025-02-08_23_13,2017
2025-02-26_47_06,1419
2025-01-10_12_36,2569
2025-02-13_36_22,2132
2025-02-24_02_47,1419
2025-01-05_02_31,1419
2025-01-27_17_23,2458
2025-01-10_47_46,3737
2025-02-24_05_45,1419
2025-02-15_40_02,1419
2025-02-10_17_23,2182
2025-01-15_43_47,3506
2025-01-03_14_30,2120
2025-02-02_34_45,3174
2025-01-31_09_45,1419
2025-02-26_36_37,3214
2025-02-08_48_46,4104
2025-01-11_18_46,2540
2025-02-21_45_05,1419
2025-01-20_45_09,1419
2025-02-09_01_02,1419
2025-01-01_20_46,3475
2025-01-17_46_18,2908
2025-01-12_33_46,1876
2025-02-27_03_47,1419
2025-02-09_09_46,1419
2025-02-07_45_44,2734
2025-02-11_46_35,2033
2025-01-07_20_46,1802
2025-01-18_13_23,2100
2025-01-25_21_02,1419
2025-01-11_47_10,4537
2025-01-07_21_02,1419
2025-02-27_01_02,1419
2025-02-13_35_46,2268
2025-02-09_46_47,2160
2025-02-16_13_23,1993
2025-02-27_34_45,2221
2025-01-01_27_36,1951
2025-02-20_46_15,2363
2025-01-24_46_33,2646
2025-01-16_20_46,3695
2025-02-16_46_15,2028
2025-02-19_02_30,1419
2025-01-31_05_45,1419
2025-01-31_19_30,2528
2025-01-22_25_23,3097
2025-01-20_02_14,1419
2025-02-23_09_46,1419
2025-02-03_28_45,2170
2025-01-19_36_11,1749
2025-01-24_09_45,1419
2025-02-15_47_45,2644
2025-01-12_16_02,1419
2025-02-10_08_47,1419
2025-02-08_45_47,3638
2025-02-07_02_24,1419
2025-01-30_05_45,1419
2025-01-03_46_35,2325
2025-01-22_36_22,1998
2025-02-19_45_46,2348
2025-02-05_43_47,1869
2025-02-08_19_30,2203
2025-01-16_15_46,3637
2025-01-26_05_45,1419
2025-01-31_13_23,2123
2025-02-23_22_36,1954
2025-02-03_45_47,2514
2025-02-06_19_02,1419
2025-02-22_45_44,2317
2025-02-02_44_46,3546
2025-01-06_18_46,2059
2025-02-20_45_09,1419
2025-02-15_06_47,1419
2025-02-25_46_35,2123
2025-02-21_34_45,2566
2025-01-05_11_36,2254
2025-02-26_47_03,1419
2025-01-07_36_22,2073
2025-02-10_36_11,2576
2025-01-11_17_23,1621
2025-01-31_46_47,2437
2025-02-11_11_36,2296
2025-02-08_47_02,1419
2025-01-30_47_46,2062
2025-02-03_03_47,1419
2025-02-22_02_19,1419
2025-01-22_45_47,3117
2025-02-01_48_45,2624
2025-01-01_18_46,3790
2025-02-07_02_31,1419
2025-01-21_39_45,2177
2025-02-02_30_14,2129
2025-01-10_11_36,2126
2025-02-11_47_28,2536
2025-02-20_02_31,1419
2025-01-11_30_02,1419
2025-01-24_44_45,2146
2025-02-27_46_15,2440
2025-01-24_19_30,2459
2025-01-18_19_02,1419
2025-01-15_15_46,3628
2025-01-15_11_36,1955
2025-02-23_48_46,3624
2025-01-24_44_46,2087
2025-01-18_44_46,3461
2025-01-15_19_32,1886
2025-01-31_07_36,1419
2025-01-10_36_11,2214
2025-02-08_36_07,1419
2025-01-22_03_45,1419
2025-02-03_26_46,2113
2025-01-31_28_47,2330
2025-02-16_47_10,1878
2025-02-09_02_01,1419
2025-01-31_45_03,1419
2025-02-08_02_31,1419
2025-02-27_02_31,1419
2025-02-11_28_47,2235
2025-01-08_45_03,1419
2025-02-09_02_24,1419
2025-01-25_14_30,2145
2025-01-25_23_13,2057
2025-01-20_36_22,2078
2025-02-03_46_15,2185
2025-01-05_28_45,3150
2025-01-21_45_39,2260
2025-02-05_48_46,3440
2025-02-11_21_02,1419
2025-01-06_47_45,3487
2025-02-13_05_45,1419
2025-01-16_45_09,1419
2025-02-27_39_45,2198
2025-01-24_46_44,2626
2025-01-09_44_45,1953
2025-01-10_23_25,3510
2025-01-23_02_40,1419
2025-02-06_47_03,1419
2025-01-20_41_36,3422
2025-01-31_02_31,1419
2025-01-19_43_47,4606
2025-01-03_43_47,1938
2025-02-18_07_36,1419
2025-02-04_36_27,2512
2025-01-29_03_47,1419
2025-02-17_46_20,1894
2025-01-28_21_02,1419
2025-02-05_11_36,2014
2025-01-11_47_02,1419
2025-02-01_45_42,2492
2025-02-21_05_47,1419
2025-02-27_36_41,3512
2025-02-20_19_30,2266
2025-01-04_15_46,3019
2025-02-23_25_23,2814
2025-02-24_05_47,1419
2025-01-08_07_36,1419
2025-02-16_19_32,2293
2025-01-19_42_45,2790
2025-01-11_14_30,2248
2025-01-18_02_47,1419
2025-02-27_48_46,3501
2025-01-28_35_46,1806
2025-01-11_06_47,1419
2025-02-03_31_02,1419
2025-01-16_14_30,1808
2025-02-04_42_45,2260
2025-01-06_19_02,1419
2025-01-18_28_47,2945
2025-02-06_47_30,2364
2025-02-03_45_28,2595
2025-02-08_47_08,1419
2025-02-10_09_45,1419
2025-01-12_20_46,2359
2025-02-13_23_13,1901
2025-01-06_45_44,1903
2025-01-14_36_41,4117
2025-01-02_12_36,2408
2025-02-18_09_45,1419
2025-01-15_46_48,3585
2025-02-23_47_03,1419
2025-01-12_45_09,1419
2025-01-17_37_36,1591
2025-01-08_47_45,2782
2025-01-24_45_42,3149
2025-01-22_47_03,1419
2025-01-16_46_48,3434
2025-02-06_47_02,1419
2025-02-18_41_36,2643
2025-02-15_12_36,2311
2025-01-14_47_06,1419
2025-02-07_37_36,2743
2025-01-05_46_26,2195
2025-02-20_48_45,2190
2025-02-28_45_46,3612
2025-01-09_36_12,2354
2025-01-15_19_02,1419
2025-02-21_02_14,1419
2025-01-10_23_13,1824
2025-02-11_46_20,1973
2025-02-01_37_36,3414
2025-01-23_33_46,1607
2025-01-28_46_18,2283
2025-02-25_02_14,1419
2025-01-11_09_46,1419
2025-01-31_02_47,1419
2025-01-27_45_28,2317
2025-01-19_37_36,2559
2025-02-10_46_09,1419
2025-02-12_48_45,2049
2025-01-15_45_39,2155
2025-01-01_46_45,3462
2025-01-31_37_36,2216
2025-01-08_36_07,1419
2025-01-18_21_02,1419
2025-01-02_47_02,1419
2025-02-02_46_48,3165
2025-01-26_36_22,2124
2025-01-27_21_02,1419
2025-02-04_47_45,2362
2025-01-04_30_14,2292
2025-02-20_40_02,1419
2025-01-27_45_42,1837
2025-02-18_45_46,2332
2025-01-16_02_01,1419
2025-01-06_07_36,1419
2025-01-14_13_23,1812
2025-01-07_01_02,1419
2025-02-06_16_02,1419
2025-02-01_03_47,1419
2025-02-13_47_28,3110
2025-02-03_46_44,2030
2025-01-25_47_28,2693
2025-02-28_23_25,3712
2025-02-10_45_39,2087
2025-01-27_36_07,1419
2025-02-05_02_19,1419
2025-01-19_47_43,2534
2025-01-22_31_02,1419
2025-02-25_08_47,1419
2025-01-24_30_14,3000
2025-02-18_46_47,1989
2025-02-07_46_26,2491
2025-02-03_23_25,2848
2025-02-28_11_36,2342
2025-02-23_36_22,1892
2025-01-09_02_24,1419
2025-01-08_03_45,1419
2025-02-07_34_45,2622
2025-01-09_02_01,1419
2025-02-14_16_02,1419
2025-01-16_12_36,2489
2025-02-16_45_48,2330
2025-02-13_47_43,2940
2025-01-09_46_47,2227
2025-02-11_30_14,2244
2025-02-28_32_19,1985
2025-02-16_36_07,1419
2025-01-12_45_39,2426
2025-01-19_02_19,1419
2025-01-30_21_02,1419
2025-01-19_28_47,3291
2025-02-08_44_46,2428
2025-02-28_05_45,1419
2025-02-21_36_41,4360
2025-01-05_22_36,2002
2025-02-13_45_09,1419
2025-02-21_02_47,1419
2025-01-08_44_45,1846
2025-02-18_44_45,1988
2025-01-26_02_19,1419
2025-01-10_45_09,1419
2025-01-02_45_34,2741
2025-02-23_42_45,2811
2025-01-03_45_09,1419
2025-02-06_25_23,2569
2025-01-29_18_46,2371
2025-01-16_02_24,1419
2025-01-04_36_12,2445
2025-01-05_44_46,2802
2025-02-03_45_09,1419
2025-01-25_46_33,2336
2025-01-27_36_11,1836
2025-01-15_27_36,1911
2025-02-06_03_47,1419
2025-02-23_08_47,1419
2025-01-05_36_12,2218
2025-01-02_02_01,1419
2025-01-29_05_45,1419
2025-02-15_11_36,2622
2025-02-25_19_32,1745
2025-02-05_41_36,3037
2025-01-01_02_21,1419
2025-01-22_44_46,2236
2025-01-28_09_45,1419
2025-01-24_07_36,1419
2025-01-22_44_45,2132
2025-01-25_45_47,2672
2025-01-31_45_28,3318
2025-01-13_28_45,2138
2025-01-11_38_36,1695
2025-02-25_48_46,3448
2025-02-26_46_09,1419
2025-01-22_47_10,1695
2025-01-27_08_47,1419
2025-01-30_36_22,1933
2025-02-12_02_19,1419
2025-01-14_06_47,1419
2025-02-07_47_43,3163
2025-02-17_05_45,1419
2025-01-03_47_05,1419
2025-02-03_19_02,1419
2025-01-20_34_45,2406
2025-01-01_37_36,1519
2025-01-22_16_02,1419
2025-01-12_46_15,3434
2025-02-15_46_48,3254
2025-01-15_05_45,1419
2025-01-30_47_06,1419
2025-02-13_02_19,1419
2025-01-10_45_42,2709
2025-01-15_07_36,1419
2025-01-25_37_36,2049
2025-01-07_11_36,2077
2025-01-24_46_09,1419
2025-01-08_45_34,2466
2025-02-05_47_28,2529
2025-01-08_36_37,1595
2025-01-09_11_36,1953
2025-02-17_44_45,2345
2025-02-28_19_02,1419
2025-01-15_36_07,1419
2025-02-08_36_27,2352
2025-01-24_34_45,2569
2025-01-28_26_46,1803
2025-02-28_36_41,3931
2025-02-15_04_29,1419
2025-01-12_45_03,1419
2025-02-11_09_46,1419
2025-01-09_46_26,2241
2025-01-09_47_03,1419
2025-02-19_02_21,1419
2025-01-07_36_41,3983
2025-01-29_45_44,2237
2025-02-14_34_45,2885
2025-01-17_02_21,1419
2025-02-21_47_10,2288
2025-02-12_47_08,1419
2025-02-03_36_12,1937
2025-02-08_47_30,2245
2025-01-07_30_14,1701
2025-02-02_36_41,3653
2025-01-30_04_29,1419
2025-01-04_02_14,1419
2025-01-22_36_07,1419
2025-01-20_02_21,1419
2025-01-16_40_02,1419
2025-01-02_47_45,3330
2025-02-27_09_45,1419
2025-01-19_02_14,1419
2025-02-23_16_02,1419
2025-01-25_30_02,1419
2025-01-23_20_46,2132
2025-02-13_05_47,1419
2025-01-22_12_36,2028
2025-01-10_47_30,2849
2025-02-05_46_47,1757
2025-02-06_47_46,1994
2025-01-14_25_23,2499
2025-02-18_03_47,1419
2025-01-06_17_23,2183
2025-02-07_08_47,1419
2025-01-08_36_27,2125
2025-01-28_19_02,1419
2025-01-10_17_23,1593
2025-02-12_39_45,2048
2025-02-25_47_02,1419
2025-01-13_45_47,2568
2025-02-05_38_36,1918
2025-01-27_48_45,2430
2025-02-16_39_45,3434
2025-02-19_47_08,1419
2025-02-05_46_09,1419
2025-01-01_23_25,3234
2025-02-20_42_45,2154
2025-01-10_30_14,2838
2025-02-22_04_29,1419
2025-02-17_09_46,1419
2025-02-01_47_03,1419
2025-01-28_36_07,1419
2025-01-20_47_10,1939
2025-01-26_23_25,3285
2025-01-20_42_45,2682
2025-02-03_47_08,1419
2025-01-25_34_45,2216
2025-01-16_47_43,2493
2025-01-18_09_46,1419
2025-02-20_27_36,2147
2025-01-08_47_05,1419
2025-02-12_36_41,3681
2025-01-05_47_43,2761
2025-02-01_35_46,2463
2025-01-23_14_30,1942
2025-02-20_02_47,1419
2025-02-04_02_19,1419
2025-02-22_02_01,1419
2025-01-04_02_19,1419
2025-01-13_45_28,3493
2025-02-19_14_30,2093
2025-01-17_46_45,2518
2025-02-01_02_24,1419
2025-01-23_26_46,2013
2025-01-09_38_36,1803
2025-02-16_22_36,2036
2025-02-27_23_13,1903
2025-02-23_13_23,2114
2025-02-20_36_41,3900
2025-01-28_02_19,1419
2025-02-23_02_47,1419
2025-02-28_13_23,2060
2025-02-18_26_46,1960
2025-01-11_19_30,2005
2025-01-22_02_01,1419
2025-02-17_06_47,1419
2025-01-21_16_02,1419
2025-02-18_47_10,1620
2025-01-07_30_02,1419
2025-02-06_35_46,2194
2025-02-16_48_45,3238
2025-01-12_26_46,2242
2025-02-03_46_26,2388
2025-01-07_03_45,1419
2025-01-24_14_30,2133
2025-02-12_45_46,2227
2025-01-18_45_46,2932
2025-02-06_46_35,2199
2025-01-24_03_47,1419
2025-01-12_45_46,3776
2025-01-04_45_44,2482
2025-01-18_18_46,3824
2025-02-23_19_30,2333
2025-02-27_47_30,1931
2025-01-24_06_47,1419
2025-02-14_03_47,1419
2025-01-25_45_44,2245
2025-01-04_32_19,2011
2025-02-17_47_03,1419
2025-01-02_04_29,1419
2025-01-28_16_02,1419
2025-01-16_30_02,1419
2025-01-05_15_46,3493
2025-01-23_45_05,1419
2025-01-31_47_02,1419
2025-02-17_22_36,1836
2025-02-06_36_27,2377
2025-02-08_15_46,2569
2025-02-19_23_25,3019
2025-02-28_30_14,2869
2025-02-18_43_47,1809
2025-02-15_36_27,2687
2025-02-03_02_14,1419
2025-02-07_22_36,2102
2025-02-03_48_45,2956
2025-01-09_45_03,1419
2025-01-26_05_47,1419
2025-01-10_47_28,4806
2025-02-27_46_48,3591
2025-01-11_04_29,1419
2025-02-28_47_10,2260
2025-01-25_22_36,1912
2025-02-27_36_07,1419
2025-02-24_36_22,2156
2025-01-10_02_47,1419
2025-02-06_23_25,3257
2025-02-23_43_47,2468
2025-01-24_03_45,1419
2025-01-06_45_39,1997
2025-02-12_18_46,2694
2025-01-30_45_34,2635
2025-02-25_42_45,2065
2025-02-16_07_36,1419
2025-01-08_16_02,1419
2025-01-03_11_36,1881
2025-01-23_46_45,2619
2025-01-17_36_11,2629
2025-01-01_47_10,2176
2025-02-22_16_02,1419
2025-02-25_36_41,3458
2025-01-06_45_47,3488
2025-01-18_37_36,1729
2025-02-21_46_26,2226
2025-01-14_48_46,3543
2025-01-07_45_09,1419
2025-01-16_47_30,2203
2025-02-15_02_14,1419
2025-02-17_19_32,1872
2025-01-23_35_46,2257
2025-01-15_09_46,1419
2025-02-27_02_16,1419
2025-02-26_45_42,2252
2025-01-05_19_02,1419
2025-02-04_47_02,1419
2025-02-24_23_25,3131
2025-02-02_36_27,2265
2025-01-29_36_41,3536
2025-02-26_47_43,2127
2025-02-25_47_06,1419
2025-01-13_23_13,1641
2025-01-10_01_02,1419
2025-02-21_47_28,3349
2025-02-14_45_46,3340
2025-02-24_40_02,1419
2025-01-21_19_30,2027
2025-01-23_21_02,1419
2025-01-08_21_02,1419
2025-01-23_47_06,1419
2025-01-28_03_45,1419
2025-02-27_33_46,1816
2025-01-25_36_11,2335
2025-01-31_48_46,3392
2025-01-31_44_45,2234
2025-01-18_46_45,2627
2025-01-07_36_12,2246
2025-02-11_47_10,1634
2025-01-18_34_45,2630
2025-02-04_14_30,1990
2025-02-17_36_27,2120
2025-01-27_48_46,2728
2025-02-09_02_40,1419
2025-02-13_46_48,3082
2025-01-31_46_20,3504
2025-01-06_45_28,2397
2025-02-19_46_47,1977
2025-02-28_28_45,2072
2025-01-02_18_46,3148
2025-01-31_45_42,3083
2025-02-20_13_23,1712
2025-01-26_46_48,3003
2025-01-27_19_30,2216
2025-02-15_36_11,2900
2025-02-12_44_46,2230
2025-02-18_14_30,1991
2025-01-15_45_03,1419
2025-02-19_11_36,2553
2025-02-09_44_45,2410
2025-02-01_21_02,1419
2025-02-20_36_27,2629
2025-01-15_36_12,2242
2025-02-11_45_03,1419
2025-01-25_02_40,1419
2025-01-17_47_45,3080
2025-02-27_31_02,1419
2025-02-11_30_02,1419
2025-01-07_44_45,1952
2025-01-16_21_02,1419
2025-01-09_03_47,1419
2025-02-01_47_02,1419
2025-02-24_45_42,2285
2025-01-13_20_46,2231
2025-01-06_45_42,2058
2025-01-31_36_41,5026
2025-02-18_45_09,1419
2025-02-07_45_42,2863
2025-02-27_46_26,2150
2025-01-12_47_30,2014
2025-02-11_02_24,1419
2025-01-01_43_47,2449
2025-02-11_23_13,1914
2025-01-04_47_02,1419
2025-02-17_48_46,2773
2025-01-26_36_07,1419
2025-01-20_32_19,2023
2025-02-18_15_46,1972
2025-01-05_19_32,2107
2025-01-18_14_30,2246
2025-01-05_33_46,2555
2025-02-22_36_37,4898
2025-02-04_36_41,3678
2025-02-16_45_44,2170
2025-01-12_45_28,3632
2025-02-05_02_30,1419
2025-01-30_23_13,1808
2025-01-02_36_22,2073
2025-02-26_45_28,2756
2025-02-12_27_36,2237
2025-02-08_04_29,1419
2025-01-25_32_19,1970
2025-01-06_02_30,1419
2025-01-02_41_36,3993
2025-01-30_46_44,2731
2025-01-19_45_09,1419
2025-02-27_02_01,1419
2025-01-08_03_47,1419
2025-01-21_15_46,2779
2025-02-27_13_23,1967
2025-02-28_47_06,1419
2025-02-19_32_19,1790
2025-01-09_18_46,2054
2025-01-21_36_41,3839
2025-02-14_01_02,1419
2025-01-18_43_47,4301
2025-02-24_46_26,1791
2025-01-21_46_18,2236
2025-01-11_33_46,2699
2025-02-02_46_35,2131
2025-01-07_13_23,1929
2025-01-10_08_47,1419
2025-01-03_02_31,1419
2025-01-24_35_46,2098
2025-01-09_47_43,4750
2025-02-07_42_45,2601
2025-02-21_45_28,3347
2025-01-21_44_45,2249
2025-01-08_47_46,2249
2025-02-15_36_37,5630
2025-02-01_42_45,2293
2025-01-14_36_22,1962
2025-01-30_22_36,1811
2025-01-07_33_46,1517
2025-02-18_45_28,2840
2025-02-06_47_43,2677
2025-02-15_47_06,1419
2025-01-20_28_47,2473
2025-02-20_46_09,1419
2025-02-10_42_45,2198
2025-02-02_37_36,3001
2025-02-11_03_47,1419
2025-01-18_47_45,2969
2025-01-12_27_36,1827
2025-02-15_44_46,2135
2025-01-17_41_36,3567
2025-02-13_04_29,1419
2025-02-05_36_11,2595
2025-01-14_30_02,1419
2025-02-19_47_43,2491
2025-01-14_46_44,3222
2025-01-25_11_36,2148
2025-02-25_02_19,1419
2025-01-12_40_02,1419
2025-02-22_47_08,1419
2025-01-27_45_05,1419
2025-01-12_25_23,2896
2025-02-18_47_03,1419
2025-01-03_22_36,1969
2025-01-15_22_36,1953
2025-01-09_04_29,1419
2025-02-11_02_31,1419
2025-02-22_43_47,1971
2025-02-26_45_46,2420
2025-01-27_46_20,1944
2025-01-13_46_48,4873
2025-01-27_31_02,1419
2025-01-05_45_46,3117
2025-01-22_45_09,1419
2025-01-07_03_47,1419
2025-02-07_48_45,2367
2025-01-01_36_07,1419
2025-01-05_42_45,3273
2025-01-17_04_29,1419
2025-01-08_28_47,2130
2025-02-07_46_44,3253
2025-01-20_03_45,1419
2025-02-12_47_43,2446
2025-02-20_36_07,1419
2025-01-30_27_36,1907
2025-01-06_40_02,1419
2025-01-15_37_36,1935
2025-02-28_19_32,2052
2025-02-04_03_45,1419
2025-02-19_01_02,1419
2025-02-17_04_29,1419
2025-01-14_18_46,2780
2025-01-03_38_36,1584
2025-02-28_09_45,1419
2025-02-02_36_37,4442
2025-01-21_41_36,2892
2025-01-02_26_46,2803
2025-02-20_38_36,1880
2025-01-01_46_35,2563
2025-02-22_45_28,3014
2025-02-05_45_09,1419
2025-01-01_02_14,1419
2025-01-25_47_45,2484
2025-02-17_36_22,1942
2025-01-20_15_46,3110
2025-01-06_02_31,1419
2025-02-19_02_31,1419
2025-01-28_20_46,2221
2025-02-18_48_45,2340
2025-01-24_47_05,1419
2025-01-17_45_44,2455
2025-02-03_22_36,2103
2025-01-24_47_30,2459
2025-01-06_46_09,1419
2025-01-02_45_28,2364
2025-02-24_02_01,1419
2025-01-24_46_47,2222
2025-02-28_44_46,2467
2025-01-29_33_46,1889
2025-02-10_12_36,2623
2025-02-14_19_32,2198
2025-02-15_02_31,1419
2025-01-30_19_02,1419
2025-01-25_13_23,2078
2025-01-11_27_36,1975
2025-01-31_02_24,1419
2025-01-21_02_24,1419
2025-02-13_47_08,1419
2025-02-22_35_46,2330
2025-01-31_02_16,1419
2025-01-12_45_34,2839
2025-01-27_15_46,2180
2025-01-28_38_36,1722
2025-02-17_01_02,1419
2025-02-24_46_33,1994
2025-02-13_44_45,1879
2025-01-09_46_09,1419
2025-02-09_36_27,2312
2025-01-05_45_05,1419
2025-02-23_46_44,2175
2025-01-12_08_47,1419
2025-02-16_09_46,1419
2025-01-04_46_47,2258
2025-02-20_25_23,2639
2025-02-01_12_36,2139
2025-01-10_16_02,1419
2025-01-27_47_30,1956
2025-01-27_28_47,2151
2025-01-29_28_47,2041
2025-01-19_46_35,2608
2025-01-02_08_47,1419
2025-02-04_36_12,2067
2025-01-07_25_23,2515
2025-02-03_39_45,2521
2025-01-18_07_36,1419
2025-01-31_11_36,2146
2025-02-10_45_09,1419
2025-01-22_34_45,2226
2025-02-05_02_31,1419
2025-01-26_47_06,1419
2025-01-13_02_47,1419
2025-02-10_43_47,2037
2025-01-07_45_05,1419
2025-02-02_46_09,1419
2025-01-03_47_02,1419
2025-01-27_47_28,2335
2025-01-16_45_28,2890
2025-01-24_45_44,2524
2025-02-05_13_23,1779
2025-02-05_45_44,1905
2025-01-30_36_37,4022
2025-02-24_46_20,2365
2025-02-01_09_46,1419
2025-01-13_01_02,1419
2025-01-17_23_25,3305
2025-02-20_48_46,2808
2025-02-18_47_46,1958
2025-02-14_45_42,3229
2025-01-19_35_46,4702
2025-02-23_33_46,2179
2025-02-01_04_29,1419
2025-01-20_46_35,2543
2025-01-25_45_09,1419
2025-02-10_07_36,1419
2025-02-19_47_05,1419
2025-01-05_36_41,4283
2025-02-04_45_46,2481
2025-01-29_04_29,1419
2025-02-12_02_30,1419
2025-02-11_05_47,1419
2025-02-25_36_37,4895
2025-01-18_32_19,2138
2025-01-26_47_43,2248
2025-02-07_46_35,3130
2025-01-15_04_29,1419
2025-01-12_45_05,1419
2025-02-27_28_45,2138
2025-02-09_46_18,2733
2025-02-19_36_11,2578
2025-01-26_06_47,1419
2025-01-25_27_36,2161
2025-01-26_19_02,1419
2025-02-06_15_46,2122
2025-01-25_46_09,1419
2025-01-26_43_47,2314
2025-01-20_27_36,2117
2025-01-06_44_45,2131
2025-01-14_36_37,1990
2025-01-08_33_46,1815
2025-01-02_39_45,2763
2025-01-05_46_47,2412
2025-01-04_34_45,4099
2025-02-02_47_46,2557
2025-01-14_47_10,2536
2025-01-16_41_36,3371
2025-01-20_47_02,1419
2025-01-29_02_24,1419
2025-01-29_08_47,1419
2025-01-09_01_02,1419
2025-02-13_36_37,5288
2025-01-07_28_45,2191
2025-01-04_36_11,2110
2025-02-21_47_45,2961
2025-02-24_33_46,1616
2025-02-05_36_07,1419
2025-02-23_45_44,2149
2025-02-25_46_33,2126
2025-01-06_46_48,2938
2025-01-13_47_03,1419
2025-02-24_14_30,2085
2025-02-24_06_47,1419
2025-02-01_45_46,3021
2025-02-28_46_09,1419
2025-01-01_09_46,1419
2025-02-20_36_11,2946
2025-02-06_46_26,1918
2025-02-17_02_21,1419
2025-02-20_06_47,1419
2025-02-25_46_48,5026
2025-01-06_32_19,1975
2025-01-27_18_46,2133
2025-02-25_47_45,2651
2025-02-06_28_45,2219
2025-01-12_39_45,2405
2025-01-26_47_10,1698
2025-02-11_45_28,2458
2025-02-13_40_02,1419
2025-02-24_46_35,2214
2025-02-19_46_18,2227
2025-02-09_45_48,2426
2025-01-01_02_40,1419
2025-02-23_46_18,2230
2025-01-16_46_15,2536
2025-02-16_46_20,2131
2025-02-22_40_02,1419
2025-02-02_02_21,1419
2025-01-23_45_39,2909
2025-02-26_19_30,2188
2025-01-18_46_09,1419
2025-02-13_46_44,2360
2025-01-16_23_13,1911
2025-02-15_28_47,2331
2025-02-02_48_46,4332
2025-01-07_47_45,3370
2025-01-02_11_36,2032
2025-02-01_45_28,2867
2025-01-26_15_46,2734
2025-02-22_20_46,2103
2025-01-03_27_36,1964
2025-01-18_40_02,1419
2025-01-23_47_28,3187
2025-01-01_45_28,2878
2025-01-22_45_46,2452
2025-01-06_35_46,2382
2025-02-03_30_02,1419
2025-01-18_47_10,1993
2025-01-29_45_48,2742
2025-02-15_02_01,1419
2025-01-23_45_03,1419
2025-02-09_03_47,1419
2025-02-15_34_45,2638
2025-02-25_44_46,1943
2025-02-07_45_46,3340
2025-02-15_47_03,1419
2025-02-09_47_10,1586
2025-02-15_46_47,2329
2025-01-02_02_31,1419
2025-02-03_45_34,2083
2025-01-17_02_16,1419
2025-02-03_33_46,2251
2025-01-06_33_46,1601
2025-01-10_13_23,2172
2025-01-29_23_25,2712
2025-01-03_45_47,2916
2025-02-03_04_29,1419
2025-02-23_46_15,2032
2025-02-19_36_12,2217
2025-02-13_02_24,1419
2025-02-20_07_36,1419
2025-02-16_42_45,2848
2025-01-03_45_39,2928
2025-01-11_46_45,2908
2025-01-22_46_26,1955
2025-01-09_09_46,1419
2025-02-05_26_46,1922
2025-02-05_02_40,1419
2025-01-22_47_28,2387
2025-01-06_45_05,1419
2025-02-12_36_11,2566
2025-01-19_46_20,2767
2025-02-26_45_09,1419
2025-02-26_08_47,1419
2025-01-18_02_21,1419
2025-01-17_45_05,1419
2025-02-14_47_03,1419
2025-01-19_45_46,3234
2025-01-16_47_10,1979
2025-01-14_19_02,1419
2025-01-30_02_19,1419
2025-01-26_03_45,1419
2025-01-07_28_47,2036
2025-01-05_46_33,1978
2025-01-11_25_23,2911
2025-01-29_31_02,1419
2025-01-07_26_46,1825
2025-01-24_46_15,2725
2025-02-04_02_31,1419
2025-02-21_46_18,2967
2025-01-24_19_02,1419
2025-01-17_44_46,3502
2025-01-03_07_36,1419
2025-01-17_47_06,1419
2025-02-18_06_47,1419
2025-02-22_27_36,2053
2025-01-30_46_33,2405
2025-01-22_46_35,2106
2025-02-14_02_14,1419
2025-01-19_25_23,2994
2025-01-12_02_47,1419
2025-01-17_47_08,1419
2025-02-25_34_45,2352
2025-01-20_46_09,1419
2025-01-19_23_25,3181
2025-01-15_30_14,2051
2025-02-05_45_46,2351
2025-02-20_45_48,2901
2025-01-22_45_42,2241
2025-01-28_36_22,1955
2025-02-03_12_36,2344
2025-01-27_45_48,2293
2025-01-02_20_46,2975
2025-02-11_16_02,1419
2025-01-29_11_36,2063
2025-02-14_45_48,3388
2025-01-21_19_32,2062
2025-02-20_19_02,1419
2025-01-07_02_16,1419
2025-01-20_44_46,3363
2025-01-16_37_36,1574
2025-02-13_41_36,2987
2025-02-08_47_06,1419
2025-01-28_12_36,2513
2025-02-23_30_02,1419
2025-02-18_45_03,1419
2025-02-03_23_13,1832
2025-02-02_27_36,2211
2025-01-17_02_30,1419
2025-01-05_02_19,1419
2025-01-04_45_03,1419
2025-01-29_47_03,1419
2025-01-18_46_35,2345
2025-01-29_14_30,2009
2025-02-28_46_44,3424
2025-02-21_13_23,2289
2025-02-23_46_48,3794
2025-01-15_26_46,2383
2025-01-02_46_45,3212
2025-02-08_22_36,2216
2025-01-17_13_23,2024
2025-01-14_47_28,2678
2025-02-03_45_42,2083
2025-02-09_23_13,1789
2025-01-30_09_46,1419
2025-01-18_45_05,1419
2025-02-15_25_23,2663
2025-02-16_26_46,2263
2025-01-26_28_47,2718
2025-02-21_45_42,3026
2025-01-24_48_46,3305
2025-01-15_30_02,1419
2025-02-14_41_36,3123
2025-01-30_47_43,2377
2025-01-12_34_45,3174
2025-02-17_47_30,1954
2025-01-22_46_48,2523
2025-02-23_32_19,2161
2025-01-05_48_45,3037
2025-01-30_44_46,2113
2025-01-12_19_02,1419
2025-02-08_33_46,1901
2025-01-16_05_47,1419
2025-02-09_42_45,2725
2025-01-14_47_08,1419
2025-01-29_36_37,2771
2025-02-21_42_45,2260
2025-01-11_02_47,1419
2025-02-06_39_45,2038
2025-02-17_03_45,1419
2025-01-31_43_47,2100
2025-01-13_47_02,1419
2025-02-14_06_47,1419
2025-01-19_45_28,2655
2025-01-14_47_43,2996
2025-02-14_02_16,1419
2025-01-08_45_28,3758
2025-02-14_28_45,2302
2025-02-27_32_19,1726
2025-02-07_19_02,1419
2025-02-07_26_46,2332
2025-02-28_02_16,1419
2025-01-01_12_36,2822
2025-02-24_19_02,1419
2025-02-15_46_45,3443
2025-01-30_36_41,3843
2025-01-10_46_47,3405
2025-01-15_02_14,1419
2025-01-24_48_45,2293
2025-02-09_02_21,1419
2025-01-18_30_14,2655
2025-02-11_44_46,2486
2025-01-20_26_46,2767
2025-01-16_30_14,2023
2025-02-14_48_46,3093
2025-01-29_05_47,1419
2025-02-24_39_45,2252
2025-01-13_45_34,2547
2025-02-21_36_12,2714
2025-01-27_30_14,1998
2025-02-11_47_03,1419
2025-02-28_01_02,1419
2025-01-10_48_46,4391
2025-02-28_26_46,2250
2025-02-04_16_02,1419
2025-02-26_02_14,1419
2025-01-06_45_46,2878
2025-02-12_03_45,1419
2025-02-08_02_24,1419
2025-01-18_02_01,1419
2025-01-16_27_36,1948
2025-01-26_33_46,2757
2025-01-15_47_43,2637
2025-02-18_47_45,2471
2025-01-08_36_41,4807
2025-01-31_21_02,1419
2025-01-07_47_28,2764
2025-02-06_43_47,2226
2025-02-03_46_20,2106
2025-01-18_02_16,1419
2025-01-15_46_35,2713
2025-01-31_16_02,1419
2025-02-13_45_28,3407
2025-02-09_30_14,1977
2025-01-06_47_03,1419
2025-01-16_11_36,1943
2025-02-03_28_47,2071
2025-01-06_26_46,1873
2025-02-11_47_05,1419
2025-02-02_46_18,2742
2025-01-15_28_45,3219
2025-01-04_36_37,1621
2025-01-28_02_47,1419
2025-01-22_45_28,2491
2025-02-08_46_09,1419
2025-01-13_47_28,3440
2025-01-01_05_47,1419
2025-01-11_02_19,1419
2025-01-28_04_29,1419
2025-02-21_06_47,1419
2025-02-05_45_39,2233
2025-01-28_36_41,4089
2025-01-11_45_42,2666
2025-02-10_02_21,1419
2025-02-01_03_45,1419
2025-02-07_47_46,2536
2025-01-21_20_46,2453
2025-02-04_45_03,1419
2025-01-22_02_40,1419
2025-01-26_02_40,1419
2025-01-14_15_46,3209
2025-01-22_02_14,1419
2025-02-03_46_35,2053
2025-02-25_28_47,2004
2025-01-16_45_39,2584
2025-02-18_13_23,2022
2025-01-15_36_37,2073
2025-01-16_34_45,2190
2025-01-23_45_09,1419
2025-02-24_15_46,1982
2025-02-26_02_01,1419
2025-02-28_47_28,3116
2025-02-15_45_03,1419
2025-02-14_47_10,2138
2025-02-26_28_45,2371
2025-01-17_03_47,1419
2025-02-03_17_23,2296
2025-02-15_45_42,2783
2025-01-27_47_10,1517
2025-01-28_46_48,2252
2025-02-06_48_46,3404
2025-01-28_40_02,1419
2025-02-22_32_19,2128
2025-02-01_15_46,2660
2025-02-09_46_15,2757
2025-02-09_40_02,1419
2025-02-13_45_48,2702
2025-02-13_13_23,2001
2025-01-12_09_46,1419
2025-02-14_36_41,3983
2025-02-08_16_02,1419
2025-02-25_45_42,2343
2025-02-15_19_02,1419
2025-01-23_30_14,2227
2025-02-07_46_48,3389
2025-01-28_02_31,1419
2025-01-18_01_02,1419
2025-02-08_45_48,3093
2025-02-02_45_03,1419
2025-02-23_47_28,2455
2025-01-12_36_41,4123
2025-02-15_02_40,1419
2025-01-10_36_22,2037
2025-02-07_02_40,1419
2025-01-23_28_47,2252
2025-02-15_47_46,2068
2025-01-12_07_36,1419
2025-01-10_36_37,2710
2025-01-31_34_45,2675
2025-01-04_45_28,2772
2025-02-05_45_05,1419
2025-01-12_45_44,2742
2025-01-30_01_02,1419
2025-02-16_37_36,4520
2025-02-22_47_43,2464
2025-01-31_46_44,3519
2025-02-16_01_02,1419
2025-01-04_28_47,2009
2025-01-14_46_09,1419
2025-02-28_08_47,1419
2025-01-12_46_35,4035
2025-01-05_05_47,1419
2025-02-15_02_21,1419
2025-02-10_44_45,2678
2025-02-06_45_46,3013
2025-02-22_45_39,2729
2025-01-29_32_19,1891
2025-02-14_45_47,3523
2025-02-21_30_02,1419
2025-02-24_36_37,5288
2025-02-21_28_45,2048
2025-01-10_31_02,1419
2025-02-20_09_46,1419
2025-02-01_28_47,2099
2025-01-20_46_26,1921
2025-01-18_27_36,2012
2025-02-15_36_22,2205
2025-02-12_46_44,2078
2025-02-24_09_46,1419
2025-01-20_38_36,1974
2025-01-28_46_47,1693
2025-01-19_47_28,2445
2025-01-06_13_23,2173
2025-01-31_32_19,1945
2025-01-01_47_08,1419
2025-02-24_47_30,1922
2025-02-16_45_47,2818
2025-01-16_45_05,1419
2025-01-05_30_02,1419
2025-01-17_08_47,1419
2025-01-16_36_07,1419
2025-01-19_09_46,1419
2025-01-15_42_45,2099
2025-02-03_47_30,1951
2025-02-14_26_46,2189
2025-01-17_46_48,3509
2025-02-11_17_23,1878
2025-01-09_17_23,1564
2025-01-04_05_45,1419
2025-02-08_45_39,2671
2025-01-09_02_21,1419
2025-02-11_31_02,1419
2025-02-24_38_36,2128
2025-01-18_46_44,2939
2025-02-02_36_12,2331
2025-01-05_23_25,3127
2025-01-21_02_31,1419
2025-01-24_25_23,2824
2025-02-06_12_36,2019
2025-01-21_13_23,1950
2025-02-28_45_28,3318
2025-01-02_42_45,2661
2025-02-13_02_47,1419
2025-01-21_45_34,2222
2025-01-31_38_36,1846
2025-01-27_23_25,2952
2025-02-01_18_46,3054
2025-01-04_04_29,1419
2025-02-24_34_45,2600
2025-02-12_34_45,1994
2025-02-22_30_02,1419
2025-02-12_36_22,2081
2025-01-28_46_26,1956
2025-01-07_12_36,2026
2025-01-25_36_27,2592
2025-01-30_45_28,3063
2025-01-25_45_05,1419
2025-02-01_27_36,1887
2025-01-13_47_08,1419
2025-02-20_46_45,3160
2025-01-13_08_47,1419
2025-02-21_03_47,1419
2025-02-28_45_09,1419
2025-02-08_46_26,2821
2025-02-17_44_46,2335
2025-02-11_46_48,2738
2025-01-11_40_02,1419
2025-02-12_44_45,2081
2025-02-20_14_30,1968
2025-02-11_15_46,2707
2025-01-08_15_46,2006
2025-01-19_48_45,3529
2025-01-11_08_47,1419
2025-01-28_47_30,1944
2025-01-13_40_02,1419
2025-02-24_22_36,1926
2025-02-08_06_47,1419
2025-01-31_47_45,2991
2025-01-13_12_36,2019
2025-01-29_09_46,1419
2025-01-16_02_19,1419
2025-01-07_46_33,1967
2025-01-18_19_32,2229
2025-02-25_46_20,3712
2025-02-28_47_02,1419
2025-01-09_47_45,3155
2025-02-26_13_23,1995
2025-02-25_36_12,2092
2025-02-19_35_46,2022
2025-02-25_40_02,1419
2025-02-04_40_02,1419
2025-01-27_20_46,2191
2025-02-19_30_02,1419
2025-02-10_13_23,2019
2025-01-28_31_02,1419
2025-02-19_45_34,2211
2025-02-15_05_47,1419
2025-01-18_11_36,2269
2025-02-15_33_46,1742
2025-02-26_06_47,1419
2025-01-30_47_30,2340
2025-01-23_47_46,2150
2025-01-23_17_23,1698
2025-01-25_33_46,1787
2025-01-06_48_45,2935
2025-02-08_23_25,3086
2025-02-25_05_45,1419
2025-01-20_03_47,1419
2025-01-19_13_23,2359
2025-02-07_46_45,3349
2025-02-10_06_47,1419
2025-01-23_25_23,2782
2025-01-19_34_45,3110
2025-01-25_46_15,2547
2025-02-23_47_05,1419
2025-02-20_20_46,2075
2025-01-11_02_31,1419
2025-01-10_27_36,2102
2025-01-09_45_47,3918
2025-01-18_47_28,2657
2025-02-16_36_11,2825
2025-01-25_47_03,1419
2025-01-15_02_24,1419
2025-01-09_41_36,3083
2025-02-19_47_30,1966
2025-02-10_02_31,1419
2025-02-10_40_02,1419
2025-02-10_11_36,2400
2025-01-23_36_07,1419
2025-01-22_40_02,1419
2025-02-15_48_46,3368
2025-01-13_48_46,3005
2025-01-09_36_27,1879
2025-02-16_46_35,2377
2025-02-17_03_47,1419
2025-01-20_48_46,3569
2025-01-04_45_47,2876
2025-02-22_03_47,1419
2025-02-19_30_14,2328
2025-01-16_09_45,1419
2025-01-16_22_36,1818
2025-01-19_02_47,1419
2025-01-14_46_48,3758
2025-02-03_43_47,1939
2025-01-22_23_25,4807
2025-01-26_46_18,2246
2025-02-13_39_45,2121
2025-02-01_33_46,2282
2025-01-23_02_16,1419
2025-01-28_44_46,1933
2025-01-12_46_18,3834
2025-01-25_02_21,1419
2025-01-08_47_28,3106
2025-02-02_02_31,1419
2025-01-15_47_10,2143
2025-02-04_44_45,2093
2025-02-15_36_07,1419
2025-02-15_16_02,1419
2025-02-13_12_36,2038
2025-01-13_19_32,2026
2025-01-15_48_45,3553
2025-02-18_02_40,1419
2025-01-21_27_36,1905
2025-01-31_47_28,3212
2025-02-07_23_25,3363
2025-01-20_14_30,1911
2025-01-24_02_31,1419
2025-01-12_02_19,1419
2025-02-14_46_35,3012
2025-01-29_47_05,1419
2025-01-14_14_30,1755
2025-01-18_48_46,4528
2025-02-07_19_32,2042
2025-01-19_19_30,2559
2025-01-11_19_02,1419
2025-02-14_48_45,2145
2025-01-17_47_05,1419
2025-01-25_41_36,3212
2025-01-22_07_36,1419
2025-01-06_46_26,1706
2025-02-10_19_32,1891
2025-02-11_36_11,2691
2025-02-22_23_25,3421
2025-01-02_09_45,1419
2025-02-13_30_14,2326
2025-01-15_02_31,1419
2025-02-02_46_26,2828
2025-02-05_17_23,1643
2025-02-05_34_45,1971
2025-02-02_36_11,2241
2025-02-03_05_45,1419
2025-01-21_36_37,1878
2025-01-29_41_36,2972
2025-02-05_27_36,2062
2025-01-09_02_30,1419
2025-02-08_36_11,2559
2025-02-16_38_36,2600
2025-01-14_46_35,3603
2025-01-01_45_09,1419
2025-01-24_36_27,2552
2025-01-09_40_02,1419
2025-01-01_30_14,2293
2025-02-01_36_22,2259
2025-02-19_02_40,1419
2025-01-02_03_47,1419
2025-02-27_47_05,1419
2025-02-15_02_47,1419
2025-01-22_36_27,2124
2025-02-20_37_36,3078
2025-02-18_02_01,1419
2025-02-14_46_15,2985
2025-01-16_02_14,1419
2025-02-19_02_01,1419
2025-02-21_07_36,1419
2025-01-16_46_33,2154
2025-01-12_30_14,1939
2025-01-31_47_46,2835
2025-01-27_46_44,2014
2025-02-21_26_46,2036
2025-02-22_48_46,3593
2025-02-16_36_12,2187
2025-02-23_21_02,1419
2025-02-26_48_45,2622
2025-01-04_17_23,2057
2025-02-28_21_02,1419
2025-01-21_36_12,1999
2025-01-27_34_45,2693
2025-01-02_46_20,2227
2025-01-21_47_08,1419
2025-01-30_47_28,2801
2025-01-26_46_33,1979
2025-02-08_02_47,1419
2025-02-12_47_05,1419
2025-02-15_45_46,2679
2025-01-28_30_14,1976
2025-01-06_09_45,1419
2025-01-03_47_03,1419
2025-02-24_31_02,1419
2025-02-15_15_46,2231
2025-02-19_47_46,1933
2025-01-25_04_29,1419
2025-02-01_46_33,2370
2025-01-08_46_33,2527
2025-01-24_33_46,1911
2025-01-12_12_36,2305
2025-01-03_02_14,1419
2025-01-19_02_01,1419
2025-01-16_47_45,3627
2025-01-01_45_47,3247
2025-02-13_22_36,2096
2025-01-01_28_45,2842
2025-01-08_19_30,2212
2025-01-27_33_46,1845
2025-01-02_02_40,1419
2025-02-22_21_02,1419
2025-02-19_06_47,1419
2025-01-02_47_10,1980
2025-02-24_46_48,3607
2025-01-31_02_21,1419
2025-02-23_47_43,2232
2025-02-22_02_31,1419
2025-01-14_45_28,2843
2025-02-18_46_09,1419
2025-01-18_02_40,1419
2025-02-22_46_33,1932
2025-01-01_30_02,1419
2025-02-15_26_46,2361
2025-02-03_36_37,3352
2025-02-08_46_15,3222
2025-01-17_45_46,3616
2025-01-11_05_45,1419
2025-01-29_07_36,1419
2025-01-10_06_47,1419
2025-02-25_45_28,2985
2025-01-19_47_10,2078
2025-01-20_46_33,1880
2025-01-23_05_45,1419
2025-02-12_02_16,1419
2025-01-14_12_36,2096
2025-02-23_26_46,2372
2025-02-05_46_48,3572
2025-01-28_17_23,1805
2025-02-24_02_16,1419
2025-01-09_45_34,2943
2025-01-17_02_24,1419
2025-01-24_02_14,1419
2025-02-11_04_29,1419
2025-02-28_45_48,3455
2025-02-06_36_07,1419
2025-02-25_11_36,2306
2025-01-01_32_19,1877
2025-02-14_46_47,2749
2025-01-04_21_02,1419
2025-02-18_36_41,3549
2025-02-28_02_40,1419
2025-01-18_36_27,2231
2025-01-13_14_30,1933
2025-01-08_17_23,1807
2025-02-21_25_23,2830
2025-01-27_02_30,1419
2025-01-22_47_06,1419
2025-01-21_45_42,2044
2025-02-26_23_13,1842
2025-02-13_02_16,1419
2025-02-09_25_23,2740
2025-01-10_44_45,2255
2025-02-02_47_03,1419
2025-02-02_47_08,1419
2025-01-24_47_03,1419
2025-01-03_20_46,2557
2025-02-20_04_29,1419
2025-01-14_02_01,1419
2025-01-11_47_05,1419
2025-02-07_46_15,3092
2025-02-13_47_06,1419
2025-01-16_36_11,2539
2025-01-01_46_09,1419
2025-02-26_46_26,1847
2025-01-03_21_02,1419
2025-01-15_18_46,4021
2025-02-19_47_45,3312
2025-01-03_37_36,1559
2025-02-05_46_45,2405
2025-01-23_16_02,1419
2025-01-29_46_33,1953
2025-01-04_08_47,1419
2025-01-13_37_36,1572
2025-02-01_16_02,1419
2025-01-02_36_37,1560
2025-02-02_46_47,2422
2025-02-09_47_43,2484
2025-02-22_02_24,1419
2025-01-27_03_47,1419
2025-02-05_47_08,1419
2025-01-11_47_45,3671
2025-01-23_02_01,1419
2025-02-16_47_30,2210
2025-01-14_47_30,1933
2025-01-14_45_09,1419
2025-01-20_47_30,1952
2025-01-26_42_45,2700
2025-01-09_02_31,1419
2025-02-26_38_36,2362
2025-01-04_46_48,3056
2025-01-10_03_45,1419
2025-01-28_07_36,1419
2025-02-07_36_37,5846
2025-01-14_45_47,2736
2025-01-15_02_21,1419
2025-02-14_32_19,2030
2025-01-15_45_28,2834
2025-01-08_46_20,3073
2025-01-15_47_03,1419
2025-02-07_30_14,2925
2025-02-10_02_30,1419
2025-01-12_36_27,2072
2025-01-10_46_09,1419
2025-01-25_46_35,2246
2025-02-05_46_44,2251
2025-01-23_12_36,2160
2025-01-01_02_01,1419
2025-01-16_45_03,1419
2025-01-15_46_20,2630
2025-01-21_02_47,1419
2025-02-23_45_34,2613
2025-02-24_02_31,1419
2025-01-27_47_45,3105
2025-02-22_45_03,1419
2025-01-18_02_31,1419
2025-02-12_45_28,2714
2025-02-15_17_23,1943
2025-02-01_19_32,2031
2025-01-22_47_02,1419
2025-01-10_47_43,6293
2025-02-27_45_05,1419
2025-02-01_45_34,2302
2025-01-18_46_33,2383
2025-02-11_47_45,2442
2025-01-05_02_40,1419
2025-01-09_02_16,1419
2025-01-11_42_45,2414
2025-02-23_02_40,1419
2025-01-28_32_19,1616
2025-01-09_36_41,4542
2025-02-04_20_46,2068
2025-01-03_46_33,2012
2025-02-06_06_47,1419
2025-01-25_44_45,2085
2025-02-09_45_05,1419
2025-01-03_03_45,1419
2025-02-17_23_25,3133
2025-01-06_46_44,2028
2025-01-21_28_45,2491
2025-01-20_45_34,2087
2025-01-06_20_46,2367
2025-01-03_36_41,4202
2025-01-23_41_36,3266
2025-01-06_05_47,1419
2025-02-03_47_45,2941
2025-01-28_36_12,2102
2025-02-10_19_02,1419
2025-02-06_11_36,2167
2025-01-26_46_20,2125
2025-02-20_47_10,1957
2025-01-06_19_32,1726
2025-01-15_41_36,3458
2025-01-04_16_02,1419
2025-01-03_33_46,2053
2025-02-17_02_30,1419
2025-01-17_12_36,2125
2025-01-10_19_30,2177
2025-02-01_02_40,1419
2025-01-22_36_11,2012
2025-01-18_04_29,1419
2025-01-01_45_34,2751
2025-01-04_47_03,1419
2025-01-14_30_14,2032
2025-02-26_02_30,1419
2025-02-07_33_46,1836
2025-01-07_48_45,2165
2025-01-31_25_23,3179
2025-01-08_34_45,2845
2025-02-14_39_45,2159
2025-01-21_47_43,2314
2025-02-20_23_13,1646
2025-02-08_32_19,1701
2025-01-23_23_25,3654
2025-02-09_46_35,2537
2025-02-08_45_44,2714
2025-02-11_45_44,1973
2025-01-03_17_23,1813
2025-01-11_23_13,1960
2025-01-19_40_02,1419
2025-02-02_28_47,2521
2025-02-12_46_47,2003
2025-01-11_47_43,5615
2025-02-06_45_09,1419
2025-02-04_03_47,1419
2025-02-17_45_42,1981
2025-02-10_47_02,1419
2025-01-20_48_45,3068
2025-01-28_45_46,2214
2025-02-05_32_19,1826
2025-01-10_43_47,3194
2025-01-09_47_08,1419
2025-01-02_47_05,1419
2025-01-10_33_46,1968
2025-01-11_36_37,2782
2025-02-02_47_28,2247
2025-02-05_47_30,2237
2025-01-02_45_44,1968
2025-02-27_35_46,2072
2025-01-16_47_03,1419
2025-02-15_02_30,1419
2025-01-29_21_02,1419
2025-01-23_36_41,4202
2025-01-03_45_42,2440
2025-01-19_45_47,3068
2025-02-12_02_40,1419
2025-02-14_33_46,1947
2025-02-18_02_16,1419
2025-02-15_09_45,1419
2025-01-08_05_45,1419
2025-01-25_02_31,1419
2025-02-14_45_34,3558
2025-01-02_46_15,2631
2025-01-17_48_46,3862
2025-01-14_41_36,3782
2025-02-08_47_28,2690
2025-01-09_45_44,3155
2025-01-21_07_36,1419
2025-02-17_46_15,2153
2025-01-10_18_46,2552
2025-01-23_38_36,1695
2025-02-18_02_31,1419
2025-01-29_36_07,1419
2025-02-05_12_36,2154
2025-01-08_46_15,3191
2025-01-21_36_22,1872
2025-01-30_02_47,1419
2025-01-10_46_26,3448
2025-02-13_03_45,1419
2025-01-27_30_02,1419
2025-01-05_46_09,1419
2025-01-11_45_34,3120
2025-02-01_47_45,3032
2025-02-08_19_02,1419
2025-01-08_46_48,3547
2025-01-15_47_06,1419
2025-01-14_17_23,1823
2025-02-07_30_02,1419
2025-02-03_44_45,2793
2025-01-14_16_02,1419
2025-01-06_44_46,2465
2025-02-02_46_33,2099
2025-01-23_45_34,2846
2025-02-04_02_01,1419
2025-02-19_12_36,2334
2025-02-08_31_02,1419
2025-01-31_01_02,1419
2025-02-20_23_25,3372
2025-02-06_02_01,1419
2025-02-15_45_44,2148
2025-02-14_07_36,1419
2025-02-09_47_08,1419
2025-02-25_45_05,1419
2025-02-02_03_45,1419
2025-01-19_22_36,2036
2025-01-09_02_19,1419
2025-02-28_46_33,2618
2025-02-28_28_47,2071
2025-02-21_36_22,2129
2025-02-25_02_16,1419
2025-01-13_45_05,1419
2025-02-28_25_23,2911
2025-02-26_26_46,2027
2025-01-05_37_36,1595
2025-01-27_45_39,2159
2025-01-05_06_47,1419
2025-02-20_30_14,2719
2025-01-22_45_44,1903
2025-01-27_14_30,2114
2025-01-21_08_47,1419
2025-02-28_14_30,2389
2025-02-24_45_34,2493
2025-02-05_08_47,1419
2025-01-20_45_05,1419
2025-01-26_30_14,2076
2025-01-30_02_01,1419
2025-02-19_47_06,1419
2025-01-07_05_45,1419
2025-02-21_33_46,1746
2025-01-10_36_41,4898
2025-01-01_46_44,2630
2025-01-11_45_09,1419
2025-01-10_38_36,1862
2025-01-26_23_13,2007
2025-01-28_18_46,1955
2025-02-15_22_36,2442
2025-01-19_15_46,4076
2025-01-29_42_45,1983
2025-02-10_35_46,2703
2025-01-13_45_09,1419
2025-01-17_38_36,1624
2025-02-11_36_07,1419
2025-02-10_45_28,2730
2025-01-19_47_05,1419
2025-02-02_15_46,2770
2025-02-10_36_37,4898
2025-02-07_40_02,1419
2025-02-23_02_24,1419
2025-01-29_02_40,1419
2025-02-13_45_44,2054
2025-01-09_23_13,1888
2025-02-18_46_35,2061
2025-01-01_31_02,1419
2025-01-16_02_47,1419
2025-01-06_02_16,1419
2025-02-19_44_46,1971
2025-02-23_20_46,2560
2025-02-21_12_36,2493
2025-02-19_48_46,3146
2025-02-13_36_11,2618
2025-01-14_01_02,1419
2025-01-06_02_21,1419
2025-01-05_28_47,2746
2025-02-08_47_03,1419
2025-01-16_48_46,4548
2025-01-31_36_11,2730
2025-01-09_27_36,1824
2025-02-07_32_19,1979
2025-02-09_31_02,1419
2025-02-07_46_20,2916
2025-02-07_44_45,2099
2025-01-19_07_36,1419
2025-01-10_05_47,1419
2025-01-08_23_13,1436
2025-01-02_02_30,1419
2025-02-26_36_27,2379
2025-01-29_46_26,1839
2025-01-07_47_03,1419
2025-02-12_43_47,1952
2025-01-17_46_15,2920
2025-02-14_09_45,1419
2025-01-12_43_47,2285
2025-02-25_47_28,2820
2025-01-01_44_46,3686
2025-02-23_36_41,3695
2025-01-27_45_46,1997
2025-01-27_02_16,1419
2025-01-08_42_45,2247
2025-02-23_46_09,1419
2025-01-10_02_40,1419
2025-01-29_45_34,2194
2025-02-28_16_02,1419
2025-01-09_19_32,1980
2025-02-18_45_42,2185
2025-01-26_45_46,4179
2025-02-19_46_48,3269
2025-02-01_44_45,2241
2025-02-15_45_39,2891
2025-01-09_45_42,2273
2025-02-01_09_45,1419
2025-02-13_47_45,2777
2025-02-28_46_15,3322
2025-02-09_47_45,3464
2025-01-11_48_45,2822
2025-01-03_47_43,2974
2025-02-09_36_12,2532
2025-02-16_48_46,3674
2025-02-07_35_46,2250
2025-01-21_46_48,2429
2025-02-20_47_06,1419
2025-02-21_46_47,2519
2025-01-04_47_46,2588
2025-01-09_36_37,2179
2025-02-22_34_45,2391
2025-02-10_46_15,2349
2025-01-21_46_26,1888
2025-01-01_08_47,1419
2025-02-27_05_47,1419
2025-02-12_19_30,1980
2025-01-08_05_47,1419
2025-01-13_36_22,2233
2025-01-02_47_43,2387
2025-02-10_48_45,2826
2025-01-03_02_16,1419
2025-01-03_47_10,1937
2025-01-14_32_19,1647
2025-01-30_41_36,3138
2025-01-22_42_45,2201
2025-02-06_02_31,1419
2025-02-18_47_05,1419
2025-02-28_36_11,2745
2025-02-01_05_47,1419
2025-02-21_19_30,2271
2025-02-14_04_29,1419
2025-01-17_19_02,1419
2025-02-12_20_46,2151
2025-02-08_21_02,1419
2025-01-01_02_19,1419
2025-01-02_45_48,2564
2025-01-05_03_47,1419
2025-01-24_36_07,1419
2025-01-20_47_06,1419
2025-01-15_19_30,2318
2025-01-20_28_45,2719
2025-01-26_46_45,3091
2025-01-01_13_23,2074
2025-02-22_46_20,2582
2025-01-23_47_10,1977
2025-02-21_48_46,3499
2025-02-03_46_33,1894
2025-01-10_45_05,1419
2025-02-18_40_02,1419
2025-02-24_28_47,2168
2025-01-21_45_47,2369
2025-01-05_09_46,1419
2025-01-10_40_02,1419
2025-01-07_02_14,1419
2025-01-18_47_08,1419
2025-02-18_36_12,2180
2025-01-09_19_02,1419
2025-01-26_44_45,2710
2025-02-03_16_02,1419
2025-02-12_11_36,2346
2025-02-25_45_44,2080
2025-01-06_02_24,1419
2025-02-12_14_30,2082
2025-02-01_45_48,2763
2025-02-08_47_43,2428
2025-02-05_01_02,1419
2025-01-26_18_46,3191
2025-02-04_28_47,2307
2025-01-16_46_09,1419
2025-01-06_46_35,2230
2025-02-27_36_27,2662
2025-02-21_36_27,2591
2025-02-08_46_45,2747
2025-02-01_25_23,2778
2025-02-06_45_05,1419
2025-01-29_45_47,3587
2025-01-13_16_02,1419
2025-01-07_47_46,2043
2025-02-18_08_47,1419
2025-02-14_44_46,2451
2025-01-15_46_47,2151
2025-01-05_36_37,1513
2025-02-05_42_45,2201
2025-01-24_13_23,2182
2025-01-13_05_47,1419
2025-01-22_19_02,1419
2025-01-17_46_09,1419
2025-02-01_36_12,2659
2025-01-09_42_45,1904
2025-01-06_02_01,1419
2025-02-03_19_32,2002
2025-02-06_05_45,1419
2025-02-11_14_30,1869
2025-01-21_48_46,3747
2025-02-24_45_28,2537
2025-02-02_45_09,1419
2025-02-22_19_02,1419
2025-02-17_20_46,1992
2025-01-23_03_47,1419
2025-01-19_01_02,1419
2025-01-12_47_06,1419
2025-01-14_45_05,1419
2025-02-21_45_44,2919
2025-01-08_36_22,2164
2025-01-24_02_24,1419
2025-01-13_47_30,2186
2025-02-01_19_30,2440
2025-02-26_47_02,1419
2025-02-09_46_48,4207
2025-02-16_47_45,3330
2025-02-11_32_19,2061
2025-01-30_46_26,2427
2025-02-07_47_30,2416
2025-02-27_21_02,1419
2025-01-03_06_47,1419
2025-02-15_02_19,1419
2025-02-16_02_16,1419
2025-02-16_45_05,1419
2025-01-05_47_28,2501
2025-01-05_45_44,2075
2025-01-17_36_12,2834
2025-01-24_38_36,1947
2025-01-29_47_30,2043
2025-01-18_36_37,2237
2025-02-21_45_46,3335
2025-01-10_47_45,3529
2025-02-19_42_45,2093
2025-01-02_16_02,1419
2025-02-20_08_47,1419
2025-01-19_41_36,3212
2025-01-24_11_36,2193
2025-02-13_47_02,1419
2025-01-24_36_41,5026
2025-01-09_46_48,4108
2025-01-04_47_45,3424
2025-01-31_02_14,1419
2025-02-15_19_30,2308
2025-01-29_02_01,1419
2025-01-23_06_47,1419
2025-01-07_15_46,2216
2025-02-11_02_21,1419
2025-02-09_36_41,3512
2025-01-24_46_26,2588
2025-02-22_02_47,1419
2025-01-04_46_20,2319
2025-01-29_40_02,1419
2025-02-27_19_32,2123
2025-01-22_28_47,2213
2025-02-26_46_35,2556
2025-02-02_47_10,1702
2025-02-05_19_02,1419
2025-02-12_46_48,2647
2025-02-26_43_47,1747
2025-01-22_47_30,2179
2025-01-02_36_07,1419
2025-02-24_36_12,2273
2025-01-23_28_45,2371
2025-01-08_11_36,1873
2025-01-25_02_47,1419
2025-02-02_21_02,1419
2025-01-05_19_30,2571
2025-02-11_45_05,1419
2025-01-25_47_05,1419
2025-02-20_45_47,3138
2025-01-12_02_21,1419
2025-01-14_42_45,2346
2025-01-16_46_26,2501
2025-02-22_01_02,1419
2025-01-11_36_12,2398
2025-02-19_03_47,1419
2025-02-08_42_45,2539
2025-01-16_36_41,4407
2025-02-23_48_45,2790
2025-02-27_45_09,1419
2025-01-04_40_02,1419
2025-02-28_39_45,2070
2025-02-10_02_19,1419
2025-01-17_45_42,3039
2025-02-19_19_30,2394
2025-01-20_45_44,2177
2025-01-09_46_15,3335
2025-01-15_02_47,1419
2025-01-04_36_22,2396
2025-01-26_45_09,1419
2025-02-28_34_45,2386
2025-02-10_36_12,2078
2025-02-07_38_36,1896
2025-01-20_35_46,3170
2025-02-24_46_15,2312
2025-02-07_46_47,2315
2025-02-16_02_30,1419
2025-01-14_38_36,1909
2025-01-05_02_30,1419
2025-02-28_03_45,1419
2025-02-17_45_48,2029
2025-01-14_19_30,2093
2025-02-03_02_30,1419
2025-02-23_02_01,1419
2025-01-27_01_02,1419
2025-02-17_13_23,1894
2025-01-20_19_30,2309
2025-01-29_47_10,1933
2025-02-24_02_40,1419
2025-02-03_30_14,1900
2025-01-31_45_47,3606
2025-02-08_02_19,1419
2025-01-13_02_01,1419
2025-01-15_05_47,1419
2025-02-19_02_14,1419
2025-02-27_42_45,2063
2025-01-26_14_30,2475
2025-01-15_45_34,2310
2025-02-06_47_06,1419
2025-02-15_14_30,2076
2025-01-17_14_30,2150
2025-01-27_47_03,1419
2025-01-19_17_23,1817
2025-02-22_45_09,1419
2025-01-25_17_23,1815
2025-02-17_45_34,2367
2025-02-13_45_39,3086
2025-02-22_19_32,2008
2025-02-04_47_06,1419
2025-01-30_33_46,1722
2025-02-02_45_47,3143
2025-01-13_45_39,2851
2025-01-17_46_26,1997
2025-01-13_35_46,2413
2025-01-03_46_15,2533
2025-01-16_46_45,3331
2025-02-14_02_19,1419
2025-01-31_47_06,1419
2025-02-01_45_03,1419
2025-01-24_41_36,3330
2025-01-02_23_25,3505
2025-01-24_46_35,2786
2025-02-09_33_46,2557
2025-01-23_40_02,1419
2025-01-31_19_32,2409
2025-02-14_02_30,1419
2025-01-04_27_36,2062
2025-02-09_47_46,2517
2025-02-08_45_46,2695
2025-01-21_35_46,2921
2025-01-23_32_19,1945
2025-02-17_28_47,2476
2025-02-22_09_46,1419
2025-02-23_47_02,1419
2025-02-16_17_23,1967
2025-01-31_46_33,2883
2025-01-08_47_08,1419
2025-02-08_02_30,1419
2025-01-19_32_19,1973
2025-02-02_32_19,2007
2025-02-10_45_48,2206
2025-02-15_07_36,1419
2025-01-20_02_30,1419
2025-01-18_47_06,1419
2025-01-14_31_02,1419
2025-01-19_02_21,1419
2025-01-19_06_47,1419
2025-01-30_02_24,1419
2025-01-09_14_30,1878
2025-02-05_15_46,2380
2025-01-10_47_06,1419
2025-01-30_06_47,1419
2025-01-09_07_36,1419
2025-02-26_17_23,1833
2025-02-01_06_47,1419
2025-01-16_45_47,4010
2025-02-10_02_01,1419
2025-02-04_27_36,2129
2025-01-11_07_36,1419
2025-02-01_47_46,2350
2025-02-18_02_14,1419
2025-01-25_36_41,4542
2025-01-10_46_15,4319
2025-01-04_28_45,2338
2025-01-04_19_32,1892
2025-01-24_36_37,3035
2025-01-29_37_36,2962
2025-01-23_05_47,1419
2025-02-27_03_45,1419
2025-02-08_36_22,2102
2025-02-10_21_02,1419
2025-01-03_47_45,3681
2025-01-13_04_29,1419
2025-02-25_06_47,1419
2025-01-04_09_45,1419
2025-02-25_46_47,2024
2025-01-09_19_30,2260
2025-01-07_43_47,1976
2025-02-15_35_46,2181
2025-02-20_15_46,2065
2025-02-12_06_47,1419
2025-01-27_05_45,1419
2025-02-20_34_45,2154
2025-02-13_45_34,2878
2025-01-06_23_13,1874
2025-02-11_47_43,2002
2025-01-16_47_02,1419
2025-01-04_20_46,3013
2025-01-09_39_45,2034
2025-01-13_44_45,2132
2025-02-26_35_46,1987
2025-01-29_38_36,1584
2025-01-17_36_37,3218
2025-01-17_45_47,2956
2025-01-30_46_47,1979
2025-01-25_12_36,2228
2025-02-26_02_24,1419
2025-02-16_21_02,1419
2025-01-26_45_28,2668
2025-02-08_13_23,2044
2025-01-06_41_36,3253
2025-01-22_09_45,1419
2025-02-15_48_45,2147
2025-01-10_41_36,3467
2025-01-12_41_36,4000
2025-02-14_47_02,1419
2025-01-18_45_48,2986
2025-02-17_45_44,1866
2025-01-15_28_47,3191
2025-02-13_47_10,1691
2025-01-21_05_47,1419
2025-01-14_19_32,1696
2025-02-06_45_34,2941
2025-02-04_47_03,1419
2025-02-10_34_45,2578
2025-01-01_06_47,1419
2025-02-16_19_02,1419
2025-02-06_45_48,2426
2025-02-01_44_46,2732
2025-01-12_19_32,1945
2025-02-26_18_46,2018
2025-02-11_36_27,2291
2025-01-07_38_36,1597
2025-01-17_36_41,4533
2025-01-29_48_46,2533
2025-01-02_36_41,4166
2025-02-19_33_46,1846
2025-01-04_47_10,2099
2025-01-17_47_43,2695
2025-01-13_47_43,3577
2025-01-28_34_45,2210
2025-01-19_46_26,2757
2025-02-16_36_27,2468
2025-01-15_17_23,1693
2025-02-18_12_36,2215
2025-01-16_47_05,1419
2025-01-26_12_36,2363
2025-02-24_48_45,2199
2025-01-11_05_47,1419
2025-01-28_45_34,2160
2025-02-26_30_02,1419
2025-01-02_46_26,2043
2025-01-23_45_28,2800
2025-01-28_42_45,2072
2025-01-17_19_32,1958
2025-01-25_38_36,1878
2025-02-20_44_46,2414
2025-01-13_47_10,3069
2025-02-10_47_28,2503
2025-01-30_14_30,2402
2025-02-16_44_45,2972
2025-02-20_09_45,1419
2025-01-27_02_24,1419
2025-01-31_23_13,2306
2025-02-05_23_25,3481
2025-01-06_36_37,1511
2025-01-05_01_02,1419
2025-01-28_47_05,1419
2025-01-20_45_42,2251
2025-01-19_36_27,2032
2025-02-26_41_36,3325
2025-02-16_45_34,2163
2025-02-16_18_46,2792
2025-01-10_47_10,5145
2025-01-31_27_36,1992
2025-02-28_45_44,2493
2025-02-03_36_27,2154
2025-02-07_06_47,1419
2025-02-07_31_02,1419
2025-01-27_07_36,1419
2025-02-20_02_19,1419
2025-02-05_45_42,2256
2025-02-26_15_46,1971
2025-02-02_45_44,2210
2025-01-02_45_39,2826
2025-01-07_46_48,3010
2025-02-22_47_10,1990
2025-02-20_36_22,1991
2025-01-01_41_36,4868
2025-02-07_36_12,2712
2025-02-02_39_45,3200
2025-02-11_19_30,2216
2025-02-23_19_02,1419
2025-02-17_19_02,1419
2025-02-16_02_47,1419
2025-02-18_30_02,1419
2025-02-04_15_46,2310
2025-01-24_05_45,1419
2025-02-01_11_36,2325
2025-01-08_09_45,1419
2025-01-25_36_37,3193
2025-02-05_45_34,2358
2025-01-28_02_24,1419
2025-02-19_18_46,1878
2025-01-06_15_46,2451
2025-01-07_45_34,2170
2025-01-12_02_31,1419
2025-02-14_36_37,6293
2025-02-15_05_45,1419
2025-02-14_46_48,3522
2025-01-10_48_45,2902
2025-02-27_38_36,2044
2025-01-16_46_20,2667
2025-01-14_08_47,1419
2025-02-19_13_23,1925
2025-02-05_30_14,2003
2025-02-27_36_37,2674
2025-01-01_36_27,2060
2025-02-02_17_23,1584
2025-02-04_46_09,1419
2025-02-14_02_31,1419
2025-02-12_47_45,3274
2025-01-23_30_02,1419
2025-01-19_14_30,2126
2025-01-15_36_11,2160
2025-02-21_02_31,1419
2025-01-20_45_39,2142
2025-02-28_02_01,1419
2025-02-28_47_46,2712
2025-02-22_36_41,4231
2025-01-03_02_21,1419
2025-02-27_45_28,2834
2025-01-19_19_32,1981
2025-01-24_23_25,3343
2025-02-19_19_32,2164
2025-02-27_45_47,3197
2025-01-12_47_10,3450
2025-01-22_48_45,2211
2025-02-12_30_02,1419
2025-01-29_46_20,2134
2025-01-10_22_36,2529
2025-02-21_46_35,3258
2025-01-30_47_03,1419
2025-02-24_41_36,2885
2025-02-01_38_36,1875
2025-01-19_47_03,1419
2025-02-11_36_12,2076
2025-01-23_44_46,2310
2025-02-24_36_41,3541
2025-01-14_23_13,1722
2025-01-18_47_30,2549
2025-02-20_01_02,1419
2025-02-26_46_44,2662
2025-01-13_45_48,3393
2025-01-08_26_46,1944
2025-02-03_07_36,1419
2025-02-25_26_46,1877
2025-02-08_05_47,1419
2025-02-19_36_22,2032
2025-01-10_47_08,1419
2025-02-22_30_14,2676
2025-01-21_36_11,2072
2025-02-11_33_46,2052
2025-01-12_46_09,1419
2025-02-03_45_03,1419
2025-01-30_02_30,1419
2025-02-08_11_36,2387
2025-01-01_34_45,5104
2025-01-07_02_21,1419
2025-02-28_47_05,1419
2025-02-11_46_33,1620
2025-02-01_46_35,2779
2025-02-25_20_46,1891
2025-01-07_45_44,2024
2025-01-05_47_02,1419
2025-01-29_46_15,2682
2025-01-29_45_28,2812
2025-01-03_48_46,3148
2025-02-10_32_19,2121
2025-02-19_46_33,1743
2025-02-04_45_09,1419
2025-02-11_47_02,1419
2025-01-30_47_02,1419
2025-02-05_28_47,2261
2025-01-30_03_45,1419
2025-02-16_06_47,1419
2025-02-13_02_31,1419
2025-01-31_36_27,2890
2025-01-20_19_02,1419
2025-02-19_36_07,1419
2025-02-05_45_28,2819
2025-01-16_45_44,2389
2025-01-17_34_45,2503
2025-01-02_02_24,1419
2025-02-09_48_45,2912
2025-01-07_02_24,1419
2025-02-24_46_47,1979
2025-01-13_11_36,2030
2025-01-31_45_48,3547
2025-02-25_04_29,1419
2025-02-26_28_47,2110
2025-02-27_02_19,1419
2025-02-28_45_05,1419
2025-01-01_46_18,2678
2025-01-01_19_32,1963
2025-01-22_47_46,2030
2025-02-07_21_02,1419
2025-02-15_46_44,2765
2025-02-27_23_25,3147
2025-02-24_47_06,1419
2025-02-15_47_02,1419
2025-01-31_47_30,2416
2025-01-18_22_36,2108
2025-01-04_47_05,1419
2025-02-10_46_44,2332
2025-01-22_23_13,2213
2025-02-25_02_24,1419
2025-01-28_45_39,1920
2025-02-17_45_39,2120
2025-02-01_47_05,1419
2025-01-20_40_02,1419
2025-01-11_36_41,4640
2025-01-09_08_47,1419
2025-01-08_02_30,1419
2025-01-09_02_47,1419
2025-01-22_47_45,2651
2025-02-19_19_02,1419
2025-02-19_45_39,2492
2025-02-27_46_35,2883
2025-01-10_02_19,1419
2025-01-25_47_02,1419
2025-01-09_36_11,1961
2025-01-13_47_45,2769
2025-02-01_46_26,2886
2025-01-26_04_29,1419
2025-02-03_06_47,1419
2025-02-23_05_47,1419
2025-02-18_46_48,2949
2025-01-11_45_05,1419
2025-01-23_46_48,3326
2025-02-21_46_09,1419
2025-01-17_32_19,1952
2025-01-24_45_03,1419
2025-01-27_32_19,1986
