route_key,final_seatcount
2025-02-11_46_45,3066
2025-01-20_17_23,1403
2025-01-08_02_14,890
2025-01-08_08_47,870
2025-01-08_09_46,2375
2025-01-21_45_05,921
2025-02-26_47_08,810
2025-01-03_02_19,892
2025-02-11_02_30,1093
2025-01-25_05_45,1000
2025-02-04_36_07,851
2025-01-28_02_14,863
2025-01-14_47_46,1746
2025-02-04_02_16,874
2025-02-20_47_43,2399
2025-01-03_19_30,1760
2025-02-27_22_36,1269
2025-02-10_47_08,794
2025-01-27_47_02,973
2025-01-27_22_36,1316
2025-01-10_36_27,1470
2025-02-11_46_15,1243
2025-02-28_42_45,1626
2025-01-22_30_02,740
2025-01-17_09_46,2407
2025-01-29_46_48,2997
2025-02-27_11_36,2536
2025-02-19_48_45,1431
2025-01-27_23_13,1575
2025-01-14_28_45,2761
2025-01-27_46_18,1305
2025-02-14_47_05,1684
2025-02-20_17_23,1037
2025-02-07_23_13,1736
2025-01-27_36_12,1340
2025-01-11_16_02,917
2025-02-04_46_33,831
2025-01-11_48_46,3104
2025-01-24_16_02,899
2025-01-12_23_13,1636
2025-02-07_46_18,2546
2025-02-26_09_46,2302
2025-02-07_47_05,1684
2025-01-18_36_22,1345
2025-02-07_02_01,978
2025-01-01_46_26,1758
2025-02-08_26_46,1653
2025-01-09_46_44,3771
2025-01-04_02_21,1001
2025-02-08_27_36,1628
2025-01-03_05_47,1322
2025-01-09_26_46,1422
2025-01-14_20_46,1880
2025-02-25_13_23,1400
2025-02-04_45_34,1308
2025-01-20_05_45,914
2025-02-15_46_15,1759
2025-01-16_19_02,906
2025-01-07_22_36,1104
2025-01-21_32_19,1657
2025-02-13_32_19,1431
2025-02-27_02_40,864
2025-02-22_45_42,1785
2025-01-05_35_46,3821
2025-01-16_26_46,2010
2025-02-09_13_23,2566
2025-01-24_39_45,1353
2025-01-13_36_27,1073
2025-02-09_45_47,4386
2025-01-21_26_46,1702
2025-02-08_45_05,1090
2025-02-03_35_46,3040
2025-01-03_19_02,1006
2025-02-06_36_12,1601
2025-02-04_37_36,2484
2025-01-28_45_44,908
2025-02-18_46_15,965
2025-02-10_45_46,3821
2025-01-13_02_21,924
2025-02-23_02_30,1914
2025-02-22_09_45,1760
2025-02-12_30_14,1364
2025-02-27_41_36,2150
2025-01-05_45_47,4171
2025-02-18_46_26,1186
2025-01-11_36_22,1289
2025-02-12_02_01,920
2025-02-13_17_23,870
2025-02-08_09_45,1760
2025-02-17_45_05,1002
2025-01-03_36_27,1042
2025-02-14_37_36,2682
2025-01-15_12_36,1589
2025-01-26_02_01,1078
2025-01-26_02_14,1041
2025-02-05_36_12,1306
2025-01-24_02_21,992
2025-01-18_44_45,1773
2025-02-27_47_10,1154
2025-01-14_03_47,831
2025-02-22_06_47,975
2025-01-10_44_46,2277
2025-01-30_03_47,852
2025-02-25_15_46,1071
2025-02-13_19_32,2187
2025-02-04_47_46,1524
2025-01-04_47_06,963
2025-02-06_01_02,809
2025-01-25_28_45,1601
2025-02-22_47_03,1020
2025-02-05_36_22,1058
2025-02-11_02_14,884
2025-01-05_43_47,2089
2025-02-04_25_23,1094
2025-01-07_41_36,2329
2025-02-12_46_18,1331
2025-02-20_47_05,1426
2025-02-14_35_46,1643
2025-01-03_45_46,3831
2025-01-17_47_03,955
2025-02-23_03_47,1157
2025-01-20_09_46,2530
2025-01-13_46_44,4234
2025-02-13_28_45,1438
2025-02-05_47_46,1447
2025-01-18_45_09,1530
2025-02-24_36_27,1312
2025-01-28_13_23,1542
2025-02-01_23_13,1958
2025-01-03_28_45,1109
2025-02-06_46_18,1722
2025-01-05_45_28,1944
2025-01-31_46_26,1857
2025-01-18_46_15,1610
2025-02-18_28_47,2600
2025-02-12_12_36,1657
2025-01-30_38_36,936
2025-01-20_46_48,2855
2025-02-07_39_45,1256
2025-02-20_46_26,1387
2025-01-15_02_19,822
2025-02-06_42_45,1260
2025-01-02_48_45,2377
2025-01-19_03_47,1077
2025-01-21_47_30,1217
2025-01-17_30_02,958
2025-02-19_21_02,815
2025-01-08_45_47,3796
2025-01-11_47_46,2986
2025-01-22_46_47,1345
2025-01-22_18_46,1614
2025-02-28_18_46,1764
2025-01-17_17_23,1060
2025-02-11_26_46,1328
2025-02-02_02_40,1192
2025-01-11_47_30,2125
2025-02-12_47_06,917
2025-01-03_35_46,1576
2025-02-10_15_46,2109
2025-02-07_36_27,1634
2025-02-01_46_20,1983
2025-01-12_46_20,2286
2025-02-21_21_02,889
2025-02-18_47_06,888
2025-02-13_45_05,942
2025-02-17_46_45,4094
2025-01-03_13_23,1545
2025-02-05_48_45,1261
2025-01-07_47_05,1289
2025-02-05_02_21,959
2025-01-07_44_46,1404
2025-02-26_14_30,1457
2025-02-10_45_42,1392
2025-02-02_46_44,3112
2025-02-17_38_36,1846
2025-02-16_46_09,2922
2025-02-21_32_19,1840
2025-02-15_47_43,2770
2025-02-26_34_45,1462
2025-01-28_47_28,1256
2025-01-21_45_46,3139
2025-02-16_30_14,1653
2025-02-24_03_45,956
2025-02-04_12_36,1653
2025-01-20_43_47,3915
2025-02-04_48_45,1585
2025-01-22_27_36,1155
2025-02-03_47_06,935
2025-01-23_46_09,2389
2025-02-14_03_45,990
2025-02-15_36_12,2256
2025-02-03_41_36,2731
2025-01-12_13_23,2252
2025-02-05_02_16,906
2025-02-07_05_45,1013
2025-02-17_36_11,2315
2025-01-15_46_15,1449
2025-02-02_33_46,3107
2025-02-07_47_02,1066
2025-02-04_48_46,2968
2025-01-06_47_02,973
2025-01-01_07_36,878
2025-01-20_36_41,3152
2025-02-15_03_47,990
2025-01-22_03_47,870
2025-01-13_36_37,1491
2025-02-18_32_19,1251
2025-01-23_02_19,789
2025-01-15_47_46,1881
2025-02-26_05_45,909
2025-01-18_45_34,1566
2025-01-21_21_02,787
2025-01-14_21_02,787
2025-02-04_46_47,1249
2025-02-22_41_36,3000
2025-02-25_46_44,2583
2025-01-03_41_36,3862
2025-01-13_07_36,881
2025-01-25_47_08,877
2025-02-23_47_08,1061
2025-02-07_47_08,919
2025-02-09_46_09,2922
2025-01-25_47_06,963
2025-01-28_46_33,744
2025-01-19_46_47,2282
2025-02-18_19_02,895
2025-02-14_46_45,4138
2025-01-13_15_46,1482
2025-02-01_48_46,5165
2025-02-19_47_28,2184
2025-01-10_09_45,1573
2025-02-11_46_26,1356
2025-01-18_02_14,961
2025-01-31_22_36,1499
2025-01-07_45_46,2621
2025-01-02_46_48,3298
2025-01-15_21_02,809
2025-02-28_02_14,989
2025-01-11_47_03,967
2025-02-28_02_21,1055
2025-02-01_34_45,1739
2025-01-07_09_45,1464
2025-02-19_03_45,946
2025-01-13_05_45,914
2025-02-10_02_24,782
2025-01-21_45_03,870
2025-01-08_46_44,2444
2025-02-20_03_47,883
2025-02-16_34_45,3505
2025-02-14_20_46,1267
2025-02-02_45_34,1391
2025-02-13_47_46,1888
2025-01-14_45_03,870
2025-01-23_09_46,2300
2025-02-14_02_24,856
2025-02-10_02_47,1007
2025-02-04_46_35,1268
2025-02-24_01_02,830
2025-02-17_17_23,1415
2025-02-15_09_46,2356
2025-02-16_23_13,1618
2025-01-28_37_36,296
2025-02-19_15_46,978
2025-01-05_39_45,2930
2025-01-01_02_31,798
2025-02-04_47_05,1441
2025-01-22_45_05,940
2025-02-16_19_30,2343
2025-02-11_46_47,1350
2025-01-16_28_47,2774
2025-01-25_19_30,1800
2025-02-21_19_32,2211
2025-01-26_46_47,1838
2025-01-05_30_14,1299
2025-01-30_26_46,1545
2025-02-13_45_47,4516
2025-01-21_43_47,3161
2025-02-12_47_02,965
2025-01-21_47_45,2919
2025-01-11_45_44,2284
2025-01-17_30_14,1745
2025-01-02_46_33,1966
2025-01-08_47_02,946
2025-01-14_36_11,1191
2025-02-22_46_09,2389
2025-02-05_36_27,1789
2025-01-17_01_02,866
2025-02-27_17_23,1057
2025-02-26_45_03,921
2025-02-27_26_46,1527
2025-02-18_04_29,794
2025-02-11_36_37,4683
2025-01-06_12_36,1863
2025-01-20_01_02,804
2025-02-16_46_48,3618
2025-01-23_45_47,3353
2025-01-27_02_01,889
2025-02-12_08_47,898
2025-01-11_02_01,922
2025-01-14_45_46,3388
2025-01-09_16_02,837
2025-01-21_02_01,863
2025-01-16_33_46,3085
2025-02-05_44_46,1644
2025-01-12_23_25,1224
2025-02-09_09_45,2069
2025-01-02_13_23,1916
2025-01-03_46_18,1770
2025-02-14_36_27,1898
2025-01-09_46_35,4181
2025-01-08_25_23,1216
2025-01-30_16_02,837
2025-01-07_02_47,941
2025-01-04_45_05,1043
2025-01-03_47_30,1702
2025-01-17_40_02,880
2025-02-23_36_27,1487
2025-02-02_02_01,1158
2025-02-10_48_46,5026
2025-01-10_46_18,3879
2025-02-26_16_02,897
2025-01-19_46_15,1419
2025-02-24_35_46,2454
2025-02-19_45_28,2095
2025-02-05_02_47,952
2025-01-31_08_47,915
2025-02-04_05_45,887
2025-01-02_47_46,1707
2025-02-17_30_14,1509
2025-01-12_28_45,2163
2025-01-11_11_36,1419
2025-01-25_45_48,1826
2025-02-21_45_47,5119
2025-01-19_08_47,1121
2025-02-16_28_45,3359
2025-01-30_30_14,1275
2025-01-19_44_46,6813
2025-02-14_36_12,2170
2025-02-11_39_45,1228
2025-02-15_45_28,2942
2025-01-08_04_29,813
2025-01-10_45_39,3160
2025-01-22_02_21,927
2025-02-07_36_11,3600
2025-02-09_20_46,2187
2025-02-07_45_47,4738
2025-01-12_47_03,1023
2025-02-23_02_14,1114
2025-01-15_33_46,3116
2025-02-25_02_47,929
2025-01-08_06_47,874
2025-01-17_45_48,2579
2025-01-10_46_48,9144
2025-02-12_23_25,1949
2025-02-03_36_22,1380
2025-01-20_13_23,1989
2025-02-19_02_24,787
2025-01-12_03_45,1023
2025-01-04_46_15,1526
2025-02-09_46_26,1755
2025-02-20_46_48,3595
2025-01-05_48_46,5673
2025-02-08_05_45,1047
2025-02-21_37_36,2444
2025-01-13_46_20,2440
2025-01-02_31_02,852
2025-02-04_19_32,1759
2025-01-31_46_35,3331
2025-02-14_43_47,2157
2025-02-28_45_34,2689
2025-01-03_25_23,2353
2025-02-02_45_42,1608
2025-01-26_48_45,2635
2025-02-26_31_02,903
2025-02-13_21_02,799
2025-01-24_21_02,855
2025-02-17_39_45,1887
2025-01-12_32_19,1983
2025-01-07_27_36,1037
2025-02-14_02_01,978
2025-02-06_31_02,878
2025-02-23_36_12,1775
2025-02-25_23_25,1591
2025-02-05_46_20,1189
2025-01-30_36_27,1105
2025-02-27_27_36,1639
2025-01-15_36_27,1388
2025-02-22_38_36,1596
2025-02-26_25_23,1778
2025-02-10_01_02,830
2025-01-09_47_05,1275
2025-02-10_47_06,935
2025-01-26_25_23,3730
2025-01-15_46_26,1701
2025-02-09_11_36,4535
2025-01-16_04_29,795
2025-01-07_36_27,878
2025-02-04_02_24,763
2025-02-03_45_44,908
2025-01-07_19_30,1289
2025-01-30_12_36,1873
2025-02-20_46_35,2427
2025-01-19_02_16,989
2025-02-17_32_19,2069
2025-01-08_46_47,1289
2025-01-31_41_36,3002
2025-02-02_46_15,1671
2025-01-12_02_16,989
2025-02-05_04_29,819
2025-01-12_44_46,3355
2025-01-17_03_45,937
2025-02-23_37_36,4005
2025-01-21_25_23,1877
2025-01-09_15_46,900
2025-01-01_47_43,1788
2025-01-14_36_12,1209
2025-02-13_08_47,880
2025-01-12_30_02,1188
2025-02-02_31_02,1139
2025-01-21_47_05,1289
2025-01-09_48_46,2371
2025-01-03_36_07,908
2025-02-07_47_45,4069
2025-01-27_46_35,1225
2025-02-22_26_46,1526
2025-01-23_19_32,1798
2025-02-18_16_02,918
2025-02-09_37_36,4371
2025-01-24_28_47,1315
2025-01-05_47_08,989
2025-02-02_19_32,2707
2025-01-28_45_48,974
2025-01-30_45_44,1507
2025-02-12_09_45,1605
2025-01-24_20_46,1301
2025-01-16_42_45,1141
2025-01-12_36_07,980
2025-02-09_08_47,1210
2025-01-17_47_46,1779
2025-01-22_36_37,440
2025-01-07_47_43,3387
2025-02-05_14_30,1504
2025-01-20_36_11,1571
2025-02-16_41_36,3546
2025-01-22_02_31,798
2025-01-23_48_45,1038
2025-01-23_02_14,873
2025-01-21_09_45,1464
2025-02-28_43_47,2162
2025-02-19_02_19,891
2025-02-22_44_45,1075
2025-01-04_38_36,1114
2025-02-17_45_46,3109
2025-01-16_39_45,1450
2025-01-04_02_47,1018
2025-01-14_02_30,971
2025-02-03_09_45,1836
2025-01-02_17_23,1256
2025-02-21_36_07,962
2025-01-02_02_16,888
2025-01-07_40_02,777
2025-02-06_46_48,4498
2025-02-05_45_03,921
2025-02-10_02_14,931
2025-02-16_14_30,2326
2025-01-16_19_30,1579
2025-01-28_03_47,831
2025-02-12_19_02,921
2025-02-11_27_36,1415
2025-02-09_46_20,1719
2025-02-10_02_40,1040
2025-02-13_06_47,872
2025-01-23_42_45,1359
2025-02-24_47_46,1889
2025-01-18_28_45,2874
2025-02-04_01_02,803
2025-02-10_18_46,2462
2025-02-04_09_46,2304
2025-02-20_05_45,896
2025-01-11_02_16,938
2025-01-14_47_03,871
2025-01-25_47_43,1930
2025-02-24_21_02,819
2025-02-25_09_45,1595
2025-01-21_28_47,1271
2025-01-12_46_44,4941
2025-02-14_42_45,1580
2025-01-29_44_45,835
2025-02-26_05_47,1322
2025-01-19_26_46,2834
2025-01-20_06_47,864
2025-01-15_47_30,1552
2025-02-08_36_37,3683
2025-01-12_36_11,1448
2025-01-13_46_45,3252
2025-01-16_48_45,2446
2025-02-21_47_43,3499
2025-01-14_04_29,791
2025-02-24_47_03,942
2025-01-20_39_45,2238
2025-02-01_45_39,2172
2025-02-15_46_18,2068
2025-01-26_47_30,1889
2025-01-22_17_23,1070
2025-02-26_44_46,1126
2025-02-28_48_46,4436
2025-01-10_02_14,938
2025-02-16_47_06,1124
2025-01-18_46_18,2027
2025-01-31_06_47,908
2025-01-14_44_45,2083
2025-01-22_46_20,1033
2025-02-10_05_47,1552
2025-02-24_30_14,1213
2025-01-07_36_07,827
2025-02-14_13_23,1882
2025-01-23_45_44,1014
2025-02-08_35_46,1627
2025-02-21_19_02,1023
2025-02-28_45_39,3493
2025-01-12_15_46,1762
2025-02-26_47_05,1468
2025-02-10_23_13,1565
2025-02-01_20_46,1698
2025-01-04_01_02,873
2025-02-13_37_36,3085
2025-01-23_45_42,1717
2025-01-24_02_19,892
2025-01-11_46_20,3125
2025-02-18_05_47,1308
2025-01-05_46_20,1519
2025-02-03_40_02,1074
2025-01-07_02_31,759
2025-01-14_27_36,1028
2025-02-02_40_02,1276
2025-02-28_03_47,968
2025-01-06_03_47,858
2025-01-30_45_09,1315
2025-01-25_40_02,951
2025-01-15_23_13,1168
2025-01-19_48_46,8450
2025-01-15_01_02,821
2025-01-24_02_47,1038
2025-02-09_03_45,1099
2025-02-07_19_30,1337
2025-02-12_41_36,2841
2025-01-29_46_45,2628
2025-02-17_47_08,794
2025-02-10_47_10,1064
2025-01-31_36_22,1302
2025-02-04_26_46,1281
2025-01-22_46_15,1368
2025-01-19_05_45,1026
2025-02-24_45_03,938
2025-02-27_45_39,2333
2025-01-06_02_40,918
2025-01-26_02_16,989
2025-01-19_36_41,2535
2025-02-16_02_40,1192
2025-01-01_45_05,940
2025-01-08_41_36,2923
2025-01-14_47_45,3907
2025-01-17_11_36,1400
2025-01-07_46_18,1594
2025-02-14_45_28,4341
2025-01-22_39_45,1082
2025-02-12_46_45,3122
2025-01-22_14_30,1264
2025-01-22_08_47,870
2025-02-28_05_47,1466
2025-02-27_19_02,895
2025-01-12_36_22,1350
2025-01-18_05_47,1438
2025-01-03_30_02,958
2025-02-21_45_34,3277
2025-01-03_05_45,966
2025-01-05_36_22,1850
2025-02-21_02_19,988
2025-01-14_46_20,1938
2025-01-05_13_23,2229
2025-01-22_35_46,1671
2025-02-10_38_36,1582
2025-02-19_45_05,959
2025-01-27_46_09,2507
2025-01-18_09_45,1610
2025-02-11_45_42,1375
2025-01-07_46_44,1780
2025-01-16_02_21,909
2025-01-22_46_18,1518
2025-01-20_47_28,1739
2025-01-07_45_03,870
2025-01-15_32_19,1713
2025-01-18_16_02,917
2025-01-13_19_30,1569
2025-02-06_45_44,1422
2025-01-26_36_41,3125
2025-02-17_46_33,776
2025-01-23_08_47,852
2025-01-04_36_41,3342
2025-01-14_09_45,1464
2025-01-20_46_20,1228
2025-01-05_34_45,4396
2025-01-21_02_30,971
2025-02-07_02_30,1331
2025-01-09_05_45,876
2025-01-27_46_45,3629
2025-02-11_36_22,1230
2025-01-30_44_45,981
2025-01-10_19_32,2150
2025-02-23_23_25,1864
2025-02-25_25_23,1833
2025-02-25_47_46,1659
2025-02-09_47_06,1124
2025-01-21_46_20,1027
2025-01-17_02_14,938
2025-01-22_45_34,1728
2025-01-08_30_02,740
2025-02-18_46_18,1076
2025-01-29_46_47,1141
2025-01-09_02_40,754
2025-01-06_47_30,1577
2025-01-16_02_40,754
2025-01-04_46_26,1537
2025-01-19_46_44,2531
2025-02-06_46_47,1495
2025-01-26_21_02,1028
2025-01-19_16_02,1092
2025-01-13_09_45,1702
2025-01-04_02_24,835
2025-02-24_45_48,1608
2025-01-22_02_16,881
2025-02-16_02_14,1114
2025-02-15_46_09,2389
2025-02-17_02_19,918
2025-01-13_46_33,2612
2025-01-13_27_36,1079
2025-02-25_03_47,858
2025-02-27_06_47,872
2025-02-14_09_46,2311
2025-02-15_36_41,3214
2025-01-24_36_12,2283
2025-02-11_20_46,2251
2025-01-18_47_43,2357
2025-01-18_48_45,2373
2025-01-05_36_27,961
2025-01-17_06_47,908
2025-02-22_05_45,1047
2025-01-30_45_46,4713
2025-02-16_46_33,1291
2025-01-18_02_24,835
2025-02-11_45_48,1131
2025-01-01_45_03,897
2025-01-28_36_11,1359
2025-02-18_19_30,1963
2025-02-06_09_45,1519
2025-02-09_26_46,2695
2025-02-27_47_43,2252
2025-01-22_02_24,781
2025-01-21_30_02,726
2025-02-24_25_23,1990
2025-01-05_36_11,1445
2025-01-27_04_29,800
2025-02-27_46_18,1797
2025-01-09_45_28,4174
2025-01-03_36_37,353
2025-01-23_45_48,2068
2025-01-31_47_05,1521
2025-02-09_06_47,1128
2025-01-25_47_46,1604
2025-02-02_02_14,1114
2025-01-01_48_46,5724
2025-02-04_11_36,1903
2025-01-21_36_27,1083
2025-02-13_02_40,864
2025-01-21_46_45,2857
2025-02-24_43_47,2012
2025-01-25_02_01,922
2025-02-25_48_45,1174
2025-01-26_47_46,1816
2025-01-14_02_16,851
2025-01-20_19_32,2100
2025-02-13_23_25,1929
2025-01-20_12_36,1765
2025-01-29_47_43,1447
2025-02-21_47_46,2246
2025-02-03_37_36,3910
2025-02-02_47_43,2144
2025-01-04_47_28,2135
2025-02-18_36_37,3058
2025-02-14_47_45,4256
2025-01-08_02_21,927
2025-02-22_45_46,3398
2025-02-06_30_14,1762
2025-02-16_47_43,2472
2025-01-16_23_25,1746
2025-01-27_44_46,1883
2025-01-07_05_47,1185
2025-02-14_45_03,992
2025-01-07_46_20,1306
2025-02-25_27_36,1536
2025-01-31_47_43,2159
2025-01-23_34_45,1288
2025-02-15_44_45,1167
2025-01-28_02_16,851
2025-01-30_36_12,1677
2025-02-28_46_18,2774
2025-01-21_02_14,863
2025-01-15_02_01,890
2025-02-14_08_47,970
2025-01-25_36_12,2163
2025-01-03_15_46,1761
2025-01-06_22_36,1237
2025-01-29_19_32,1804
2025-02-02_35_46,4853
2025-02-17_02_40,1040
2025-01-17_28_47,1780
2025-01-22_20_46,1399
2025-01-29_02_31,798
2025-01-11_45_46,4461
2025-01-15_03_47,870
2025-01-29_45_03,897
2025-02-26_47_46,1619
2025-01-31_44_46,1973
2025-01-16_02_16,888
2025-02-22_14_30,1911
2025-02-09_41_36,3152
2025-01-03_04_29,859
2025-01-11_19_32,2223
2025-02-04_22_36,1459
2025-01-22_32_19,1687
2025-01-16_06_47,856
2025-02-16_36_41,2634
2025-01-17_25_23,1412
2025-02-19_44_45,963
2025-01-21_31_02,855
2025-02-17_47_10,986
2025-01-27_36_37,2290
2025-02-04_47_30,1413
2025-02-25_46_26,1349
2025-02-13_20_46,1129
2025-01-16_17_23,1033
2025-01-18_05_45,1000
2025-02-21_46_45,4717
2025-01-18_02_30,1364
2025-01-05_02_24,895
2025-02-19_05_47,1322
2025-02-12_45_48,1362
2025-01-06_46_18,1317
2025-02-22_25_23,2261
2025-01-04_45_09,1530
2025-01-30_47_10,968
2025-01-06_23_25,1975
2025-01-02_34_45,3481
2025-02-17_30_02,1086
2025-02-05_30_02,863
2025-02-18_27_36,1486
2025-01-21_01_02,800
2025-01-25_16_02,917
2025-01-07_36_11,1470
2025-01-02_47_28,1747
2025-01-20_30_14,1154
2025-01-10_26_46,1773
2025-01-02_45_05,923
2025-01-06_30_02,949
2025-02-05_47_02,965
2025-02-17_31_02,956
2025-02-08_02_16,991
2025-01-07_17_23,1584
2025-01-26_47_08,989
2025-02-15_23_13,1915
2025-01-12_02_01,1078
2025-02-28_44_45,1223
2025-02-13_48_46,2648
2025-01-06_46_47,1417
2025-01-28_45_03,870
2025-01-04_45_42,1607
2025-02-20_45_28,3494
2025-02-06_07_36,895
2025-01-16_36_22,1142
2025-02-20_45_05,942
2025-01-13_45_42,1276
2025-02-19_46_35,1318
2025-02-13_46_47,1838
2025-02-01_45_47,4144
2025-02-20_47_03,909
2025-01-27_41_36,2972
2025-01-23_02_47,938
2025-02-01_46_47,1962
2025-01-28_45_09,1375
2025-01-10_02_16,951
2025-02-14_11_36,2371
2025-01-17_22_36,1162
2025-01-06_36_41,3234
2025-02-06_02_14,897
2025-02-21_45_48,2705
2025-02-28_31_02,1005
2025-02-05_16_02,897
2025-01-25_46_18,1687
2025-02-22_03_45,1005
2025-01-17_36_07,908
2025-02-04_05_47,1308
2025-01-03_46_44,2246
2025-02-11_02_01,891
2025-01-15_31_02,877
2025-02-26_02_47,952
2025-01-21_06_47,847
2025-02-04_02_14,884
2025-01-07_45_48,1324
2025-02-21_45_09,1647
2025-02-03_34_45,2349
2025-01-29_35_46,1244
2025-01-14_46_15,1645
2025-01-14_36_07,827
2025-02-15_47_10,1300
2025-01-09_30_02,712
2025-01-20_45_28,1495
2025-01-01_45_39,1743
2025-02-15_43_47,2149
2025-01-17_44_45,1430
2025-01-01_33_46,2319
2025-01-12_44_45,1618
2025-02-14_47_28,3626
2025-01-29_45_46,3084
2025-01-30_19_32,1804
2025-01-08_46_45,2900
2025-02-17_47_46,1694
2025-01-05_12_36,2481
2025-01-10_14_30,1534
2025-01-10_15_46,1588
2025-01-17_47_30,2539
2025-01-09_06_47,856
2025-02-16_04_29,950
2025-01-09_44_46,1392
2025-02-06_02_19,857
2025-02-22_36_07,979
2025-01-22_09_46,2375
2025-01-31_45_05,1014
2025-01-21_46_44,1506
2025-01-25_02_24,835
2025-01-15_39_45,1692
2025-01-18_06_47,932
2025-02-09_45_09,2013
2025-02-09_17_23,1453
2025-01-14_46_18,2179
2025-02-20_47_30,1694
2025-01-10_47_03,955
2025-02-10_14_30,1922
2025-01-21_46_15,1143
2025-01-03_45_28,3078
2025-01-15_46_44,2192
2025-02-22_37_36,3726
2025-01-02_47_03,883
2025-01-03_46_45,2809
2025-02-23_39_45,2976
2025-02-14_27_36,1518
2025-02-06_02_21,945
2025-02-11_02_16,874
2025-01-08_40_02,794
2025-01-21_42_45,1320
2025-02-09_35_46,3786
2025-02-23_35_46,4190
2025-01-22_38_36,824
2025-01-01_36_37,329
2025-02-20_28_47,1486
2025-02-20_45_39,2431
2025-01-23_46_18,1851
2025-01-26_36_37,1673
2025-02-01_14_30,1514
2025-02-23_05_45,1094
2025-02-19_46_15,1234
2025-01-18_46_20,2371
2025-01-17_02_47,1038
2025-01-21_03_45,886
2025-01-04_45_48,1458
2025-02-10_27_36,1672
2025-01-16_46_35,2470
2025-01-23_31_02,852
2025-02-22_46_47,1614
2025-01-17_43_47,3915
2025-02-11_41_36,2610
2025-02-06_45_42,1830
2025-02-01_45_09,1680
2025-01-09_34_45,1414
2025-02-03_27_36,1715
2025-01-09_32_19,1696
2025-02-17_46_18,1098
2025-02-16_35_46,5239
2025-02-12_22_36,1537
2025-01-05_46_44,2762
2025-01-03_23_13,1593
2025-02-06_13_23,1614
2025-02-07_02_19,988
2025-02-04_36_22,1335
2025-02-22_36_22,1622
2025-01-25_20_46,1172
2025-01-12_14_30,2855
2025-01-27_26_46,1675
2025-02-17_47_06,935
2025-01-14_37_36,446
2025-01-23_13_23,1704
2025-01-25_46_44,2486
2025-01-09_12_36,1404
2025-01-06_37_36,255
2025-01-13_46_35,4584
2025-02-07_12_36,1929
2025-02-14_45_39,3635
2025-01-09_13_23,1466
2025-02-26_44_45,959
2025-01-29_36_11,1319
2025-02-11_46_18,1442
2025-02-02_42_45,3092
2025-02-15_21_02,906
2025-02-16_27_36,2473
2025-02-27_47_03,909
2025-01-19_31_02,1071
2025-01-13_36_12,1669
2025-01-03_02_47,1038
2025-01-16_19_32,1781
2025-01-17_05_47,1322
2025-02-07_45_48,2835
2025-02-12_36_12,1622
2025-01-02_27_36,1379
2025-02-12_46_35,1532
2025-02-10_44_46,3310
2025-01-25_06_47,932
2025-01-25_48_45,1508
2025-01-24_15_46,1072
2025-02-03_45_39,1020
2025-02-24_18_46,1867
2025-01-11_36_27,1128
2025-02-06_36_37,3070
2025-01-27_09_45,1702
2025-02-25_02_30,1093
2025-02-12_19_32,1828
2025-02-19_45_09,1511
2025-01-21_05_45,871
2025-02-18_02_47,929
2025-02-25_47_10,1550
2025-01-06_47_28,1593
2025-01-29_46_35,1631
2025-01-09_46_20,2387
2025-02-06_23_13,1412
2025-01-11_20_46,1307
2025-01-04_31_02,995
2025-01-09_28_47,1582
2025-02-25_19_30,1382
2025-01-25_45_46,3708
2025-02-11_34_45,1650
2025-02-02_36_22,1661
2025-01-19_44_45,2765
2025-02-10_09_46,2518
2025-02-03_47_28,1515
2025-02-20_45_34,2276
2025-02-07_09_45,1723
2025-02-28_02_24,856
2025-02-01_46_18,2397
2025-02-07_47_03,1008
2025-02-16_05_45,1094
2025-02-19_45_48,1444
2025-02-04_34_45,1348
2025-02-20_35_46,1378
2025-02-28_46_48,6152
2025-02-02_02_30,1914
2025-01-31_48_45,1711
2025-01-19_02_40,1041
2025-02-10_26_46,1696
2025-01-30_02_40,754
2025-02-03_36_41,3250
2025-01-12_47_05,1884
2025-01-23_22_36,987
2025-02-11_45_34,1198
2025-02-20_47_28,2551
2025-01-14_39_45,2152
2025-01-15_47_05,1317
2025-02-06_26_46,1247
2025-01-16_44_46,4540
2025-02-08_39_45,1821
2025-02-28_48_45,1588
2025-02-05_19_30,1608
2025-02-13_46_45,3642
2025-01-26_08_47,1121
2025-01-02_15_46,2479
2025-01-04_44_46,1759
2025-01-02_07_36,871
2025-02-23_46_35,1935
2025-02-20_46_33,983
2025-02-19_45_44,987
2025-01-07_19_02,909
2025-01-26_45_48,1482
2025-02-26_23_25,1718
2025-02-16_46_45,5674
2025-01-17_46_47,1399
2025-01-21_03_47,831
2025-01-20_47_03,897
2025-01-16_08_47,852
2025-02-26_01_02,827
2025-01-16_03_47,852
2025-02-01_46_15,2365
2025-02-15_46_35,2617
2025-01-10_45_48,3220
2025-02-24_03_47,908
2025-02-07_36_07,962
2025-02-14_46_26,1809
2025-02-12_38_36,1403
2025-01-31_39_45,1214
2025-01-18_23_13,1656
2025-01-05_46_15,1291
2025-01-18_47_46,2296
2025-01-11_02_21,1001
2025-01-07_19_32,1800
2025-02-21_48_45,1376
2025-01-27_28_45,2107
2025-02-17_23_13,1611
2025-01-16_09_46,2300
2025-02-24_46_18,1819
2025-01-14_48_45,2753
2025-02-26_36_11,1889
2025-02-15_47_05,1746
2025-02-12_05_45,909
2025-01-24_18_46,1643
2025-02-21_47_06,992
2025-02-17_12_36,2056
2025-01-30_25_23,1270
2025-02-22_39_45,1972
2025-01-25_43_47,1911
2025-02-18_45_05,937
2025-02-25_38_36,1469
2025-01-30_47_45,3180
2025-01-30_07_36,871
2025-02-03_13_23,2036
2025-01-27_09_46,2530
2025-01-20_47_46,1688
2025-02-13_02_01,903
2025-02-20_47_45,3691
2025-02-01_07_36,996
2025-01-19_02_24,895
2025-02-14_47_43,3846
2025-01-20_47_05,1528
2025-01-16_45_48,1797
2025-01-26_48_46,5679
2025-02-09_36_11,2399
2025-01-12_48_45,2205
2025-01-24_45_28,3490
2025-02-05_47_45,2958
2025-01-05_45_34,2120
2025-02-23_46_45,4942
2025-02-28_02_19,988
2025-02-19_37_36,2094
2025-01-09_45_05,923
2025-01-01_46_20,1228
2025-01-06_21_02,793
2025-01-12_02_40,1041
2025-01-24_26_46,1494
2025-02-14_45_05,1060
2025-02-13_42_45,1307
2025-01-02_44_46,2212
2025-02-10_05_45,953
2025-02-23_17_23,1456
2025-02-15_45_34,1819
2025-01-09_45_48,2681
2025-01-02_46_47,1488
2025-01-22_45_03,897
2025-01-25_45_34,1789
2025-01-15_45_48,1671
2025-01-02_23_13,1723
2025-01-25_09_45,1610
2025-02-09_23_25,1442
2025-02-27_08_47,880
2025-02-14_12_36,1921
2025-02-06_36_41,3266
2025-02-14_05_45,1013
2025-01-29_47_08,787
2025-01-21_47_46,1378
2025-02-25_28_45,1456
2025-02-08_45_34,2452
2025-01-26_45_47,3639
2025-01-26_01_02,933
2025-02-24_11_36,2544
2025-01-28_19_30,1187
2025-02-15_39_45,1722
2025-01-13_18_46,1768
2025-02-16_32_19,2313
2025-01-07_34_45,2186
2025-02-24_46_09,2493
2025-02-01_02_21,1065
2025-02-19_36_41,3294
2025-01-23_47_43,1446
2025-01-31_26_46,1833
2025-02-27_47_46,1631
2025-01-07_47_08,756
2025-01-15_44_45,2421
2025-02-27_12_36,1431
2025-01-21_18_46,2126
2025-02-13_03_47,883
2025-01-13_46_09,2507
2025-01-06_30_14,1062
2025-01-28_39_45,1347
2025-02-10_45_05,1002
2025-01-25_46_48,3140
2025-02-24_16_02,965
2025-01-20_46_47,1558
2025-01-30_02_31,764
2025-01-30_48_45,1332
2025-01-24_45_47,4025
2025-01-03_16_02,899
2025-02-26_21_02,815
2025-01-06_36_27,854
2025-02-11_38_36,1276
2025-01-30_20_46,1105
2025-01-18_20_46,2510
2025-01-21_40_02,777
2025-01-21_09_46,2338
2025-02-10_02_16,916
2025-02-08_45_28,2856
2025-02-25_47_05,1441
2025-02-24_47_08,794
2025-01-19_27_36,1351
2025-02-20_46_47,1686
2025-02-26_07_36,902
2025-01-22_02_30,950
2025-02-09_28_47,3093
2025-02-09_21_02,1077
2025-01-07_42_45,1553
2025-01-17_23_13,1431
2025-01-04_35_46,1928
2025-01-03_47_46,2107
2025-01-26_46_44,2174
2025-02-06_08_47,880
2025-02-13_01_02,809
2025-02-20_02_14,897
2025-02-20_02_40,864
2025-02-06_46_15,1714
2025-01-25_02_14,961
2025-02-28_33_46,1112
2025-01-11_21_02,873
2025-02-16_47_02,1178
2025-02-07_02_14,989
2025-02-08_07_36,996
2025-01-13_21_02,793
2025-02-25_47_08,776
2025-02-08_01_02,902
2025-01-16_46_47,1424
2025-01-20_33_46,2139
2025-01-16_47_08,776
2025-02-12_07_36,902
2025-01-07_37_36,98
2025-01-22_48_46,3030
2025-02-26_46_18,1885
2025-02-01_46_45,3902
2025-01-19_47_45,5285
2025-02-05_39_45,1465
2025-02-12_16_02,897
2025-01-18_12_36,1931
2025-01-02_21_02,792
2025-02-10_47_45,3890
2025-02-13_34_45,1480
2025-02-21_45_03,992
2025-01-19_47_02,1109
2025-02-17_47_43,1505
2025-02-23_46_20,1640
2025-01-06_46_15,1167
2025-02-01_30_14,1637
2025-01-03_26_46,1409
2025-01-24_45_39,3218
2025-02-23_36_07,1057
2025-01-10_37_36,288
2025-02-21_39_45,1546
2025-01-20_36_27,1187
2025-02-02_47_05,2063
2025-02-24_47_10,1063
2025-01-19_46_18,2131
2025-01-08_19_02,931
2025-02-23_47_30,2070
2025-01-11_02_40,915
2025-01-06_36_07,855
2025-02-20_45_03,904
2025-01-14_40_02,777
2025-02-01_02_31,971
2025-02-12_02_24,787
2025-01-02_40_02,766
2025-01-30_23_25,1086
2025-01-07_02_40,783
2025-02-20_03_45,913
2025-01-03_47_08,869
2025-01-30_45_47,4122
2025-01-08_32_19,1682
2025-01-08_45_48,1851
2025-01-28_33_46,799
2025-02-28_47_45,4218
2025-02-16_45_46,5417
2025-01-15_38_36,882
2025-02-02_23_13,1734
2025-01-03_44_45,1025
2025-01-13_36_41,3399
2025-02-13_48_45,1165
2025-01-18_45_42,1673
2025-02-10_46_45,4508
2025-01-30_45_48,2574
2025-01-12_48_46,4117
2025-02-24_47_43,1650
2025-02-12_32_19,1485
2025-02-19_02_47,952
2025-02-11_45_09,1505
2025-01-01_47_05,1317
2025-02-12_04_29,819
2025-01-16_03_45,887
2025-01-24_45_34,3308
2025-02-28_30_02,1108
2025-01-05_40_02,1119
2025-01-23_07_36,871
2025-02-13_14_30,1234
2025-02-06_32_19,1581
2025-02-13_25_23,1090
2025-02-19_25_23,1735
2025-01-20_25_23,1418
2025-02-18_28_45,2059
2025-01-31_17_23,1064
2025-02-10_47_30,1557
2025-01-24_08_47,915
2025-02-01_46_44,4059
2025-02-18_46_33,847
2025-02-05_47_03,931
2025-01-05_47_45,5529
2025-01-03_09_46,2407
2025-02-15_01_02,902
2025-01-30_15_46,1226
2025-01-10_09_46,2407
2025-02-24_47_02,1011
2025-01-10_46_45,3069
2025-02-25_02_31,824
2025-01-20_05_47,1419
2025-01-04_03_47,933
2025-02-02_04_29,950
2025-01-25_28_47,1405
2025-02-04_36_37,2392
2025-02-08_18_46,1813
2025-01-07_46_15,1304
2025-01-02_45_03,880
2025-02-14_14_30,1495
2025-02-21_20_46,1282
2025-01-22_21_02,809
2025-01-22_19_32,1856
2025-01-23_36_37,521
2025-02-11_48_46,4465
2025-02-02_45_05,1173
2025-01-08_22_36,1185
2025-02-07_25_23,1412
2025-02-23_01_02,977
2025-01-07_47_30,1413
2025-02-02_25_23,1549
2025-02-09_05_47,2041
2025-02-15_47_28,3003
2025-02-22_42_45,1430
2025-02-10_37_36,2889
2025-01-14_35_46,3303
2025-02-14_30_02,1108
2025-02-09_48_46,5944
2025-01-23_39_45,1184
2025-01-27_05_47,1419
2025-01-06_05_45,914
2025-02-21_14_30,1761
2025-02-19_41_36,2407
2025-02-23_12_36,2728
2025-01-29_43_47,1206
2025-02-09_36_07,1057
2025-02-04_19_30,2032
2025-02-16_40_02,1276
2025-02-24_09_45,1836
2025-01-11_03_45,951
2025-01-09_47_06,876
2025-01-28_47_08,756
2025-02-23_38_36,2502
2025-02-28_22_36,1432
2025-02-04_41_36,2944
2025-02-17_18_46,1524
2025-02-09_45_03,1116
2025-01-02_47_30,1660
2025-01-06_04_29,800
2025-01-17_26_46,1575
2025-01-15_36_41,3828
2025-02-13_02_21,945
2025-02-10_31_02,956
2025-02-22_46_35,2451
2025-01-07_23_13,1158
2025-02-25_02_21,926
2025-02-22_07_36,996
2025-01-01_47_02,946
2025-01-14_45_34,1177
2025-02-15_45_05,1090
2025-01-02_47_06,876
2025-02-08_14_30,1913
2025-01-02_46_18,1378
2025-02-09_14_30,2900
2025-02-08_28_45,1637
2025-01-26_47_03,1023
2025-02-04_44_46,1744
2025-01-17_47_02,1020
2025-02-03_11_36,2388
2025-01-12_18_46,1851
2025-01-31_45_09,1496
2025-02-01_32_19,1744
2025-01-26_40_02,1119
2025-02-24_02_14,931
2025-01-11_13_23,1698
2025-02-15_45_09,1680
2025-01-04_48_45,2265
2025-01-01_23_13,1510
2025-01-23_36_27,1062
2025-01-27_37_36,499
2025-01-03_36_22,1294
2025-02-21_44_45,964
2025-02-23_46_33,1523
2025-01-30_28_45,1474
2025-01-19_45_48,1893
2025-01-03_18_46,1776
2025-01-31_36_12,2537
2025-01-18_35_46,4272
2025-02-18_45_34,1070
2025-01-17_31_02,952
2025-02-11_36_41,2935
2025-02-23_41_36,3581
2025-01-17_02_40,867
2025-01-24_45_05,1014
2025-02-17_15_46,1394
2025-02-20_11_36,2201
2025-01-11_09_45,1610
2025-02-27_45_46,3614
2025-01-21_46_35,1149
2025-02-09_47_30,2031
2025-01-18_46_48,4386
2025-01-22_13_23,1517
2025-01-23_11_36,1310
2025-02-28_46_35,4798
2025-01-11_45_48,3303
2025-01-30_36_07,838
2025-02-08_41_36,3016
2025-02-27_09_46,2216
2025-02-09_02_16,1064
2025-01-19_36_07,980
2025-02-28_12_36,2179
2025-01-28_47_43,1333
2025-02-23_28_45,3474
2025-02-27_45_48,2523
2025-02-16_02_19,1075
2025-02-18_02_24,763
2025-02-26_45_48,2129
2025-01-07_02_30,971
2025-02-14_46_44,3509
2025-01-09_45_09,1315
2025-01-28_48_46,2485
2025-02-20_02_30,1028
2025-02-12_31_02,903
2025-02-18_36_07,851
2025-02-05_36_37,3174
2025-01-13_45_46,3930
2025-02-14_23_25,2003
2025-01-12_05_47,1883
2025-01-06_28_45,1657
2025-01-28_27_36,1151
2025-02-06_37_36,1685
2025-01-15_45_05,940
2025-01-27_38_36,1085
2025-02-20_36_12,2093
2025-01-03_46_26,1478
2025-01-25_39_45,1596
2025-01-06_02_47,997
2025-02-10_45_03,938
2025-02-28_46_20,2444
2025-01-27_02_21,924
2025-02-07_45_05,1060
2025-01-16_05_45,876
2025-01-07_47_02,924
2025-01-04_23_13,1638
2025-02-17_26_46,1513
2025-01-24_43_47,1725
2025-01-21_17_23,1001
2025-01-08_46_35,2954
2025-02-25_32_19,1499
2025-02-28_15_46,1289
2025-02-17_07_36,925
2025-02-05_46_18,1600
2025-01-12_38_36,1211
2025-01-09_22_36,1058
2025-01-21_30_14,1204
2025-02-14_47_06,992
2025-02-19_28_47,1388
2025-01-27_13_23,2538
2025-02-10_20_46,2242
2025-01-27_11_36,1736
2025-02-19_46_26,1229
2025-02-03_36_11,1852
2025-01-28_46_44,1402
2025-01-10_36_07,908
2025-01-18_42_45,1372
2025-02-10_46_18,1839
2025-01-24_17_23,1040
2025-02-07_03_45,990
2025-01-04_25_23,3235
2025-02-07_45_39,3431
2025-01-21_37_36,157
2025-02-22_02_21,1065
2025-02-28_27_36,1925
2025-01-03_47_28,2163
2025-01-23_02_21,909
2025-02-04_04_29,794
2025-02-01_47_28,2320
2025-01-26_47_28,1739
2025-01-21_45_44,817
2025-01-05_45_39,2061
2025-01-06_38_36,1069
2025-02-27_30_02,835
2025-01-13_43_47,2275
2025-02-28_02_31,964
2025-02-02_23_25,1380
2025-01-11_12_36,1903
2025-01-02_09_46,2300
2025-01-10_02_21,992
2025-02-07_45_28,4215
2025-01-14_02_24,760
2025-02-24_46_45,3620
2025-02-08_08_47,992
2025-02-24_19_30,1789
2025-01-26_39_45,3082
2025-01-20_23_13,1491
2025-02-08_46_33,2294
2025-02-08_47_10,1197
2025-01-11_47_28,3726
2025-02-08_36_41,3559
2025-02-10_23_25,1542
2025-01-09_05_47,1158
2025-02-28_35_46,1552
2025-02-19_40_02,909
2025-01-11_46_35,5660
2025-01-13_02_31,818
2025-02-24_46_44,1414
2025-01-13_47_05,1528
2025-02-11_47_08,776
2025-01-25_18_46,1790
2025-01-07_02_19,783
2025-01-22_05_45,890
2025-01-06_36_11,1436
2025-01-23_48_46,2796
2025-01-05_45_48,1203
2025-01-03_03_47,911
2025-02-05_03_47,900
2025-02-27_40_02,882
2025-01-21_14_30,1326
2025-01-25_46_26,1649
2025-01-03_46_09,2510
2025-02-16_02_01,1158
2025-02-24_19_32,1995
2025-02-25_47_43,1920
2025-01-24_27_36,1123
2025-01-10_02_01,920
2025-02-15_31_02,1049
2025-01-15_02_40,794
2025-01-10_47_05,1521
2025-01-04_02_16,938
2025-02-05_40_02,909
2025-02-14_47_08,919
2025-02-27_47_28,2471
2025-01-20_47_45,3448
2025-01-22_05_47,1200
2025-01-20_02_01,889
2025-01-04_14_30,1616
2025-02-03_20_46,2130
2025-01-12_36_37,1467
2025-02-25_19_02,895
2025-02-04_45_44,888
2025-01-15_45_46,3590
2025-01-31_03_45,937
2025-02-27_48_45,2068
2025-01-02_36_11,1432
2025-01-12_11_36,1692
2025-02-15_37_36,3853
2025-02-10_45_47,3429
2025-01-12_19_30,1643
2025-02-09_36_37,3807
2025-02-25_44_45,1021
2025-01-28_47_46,1582
2025-01-29_02_16,881
2025-01-11_35_46,2077
2025-01-09_03_45,887
2025-01-28_02_40,783
2025-02-09_02_47,1130
2025-01-16_38_36,856
2025-01-11_44_45,1087
2025-02-01_36_37,3645
2025-01-24_02_16,951
2025-01-30_46_35,2143
2025-02-19_45_03,921
2025-02-27_46_09,2303
2025-01-09_47_10,2485
2025-01-30_11_36,1379
2025-02-24_48_46,3519
2025-01-12_01_02,933
2025-01-25_23_25,1954
2025-01-30_46_45,2790
2025-01-14_05_47,1185
2025-02-22_19_30,1854
2025-01-17_35_46,3595
2025-02-21_09_45,1723
2025-02-01_02_16,991
2025-02-28_41_36,2763
2025-02-13_30_02,835
2025-02-12_28_47,1868
2025-01-08_47_43,3818
2025-01-06_47_05,1528
2025-01-01_45_46,5512
2025-01-05_41_36,3602
2025-01-05_46_48,3825
2025-02-15_30_02,1218
2025-01-22_26_46,1239
2025-01-13_19_02,964
2025-01-05_47_10,1319
2025-02-12_45_05,959
2025-02-06_47_28,2574
2025-02-28_47_43,3093
2025-01-22_02_19,822
2025-01-13_45_03,895
2025-02-21_03_45,990
2025-02-04_08_47,868
2025-01-01_47_46,2059
2025-02-02_45_46,5756
2025-02-27_47_45,3363
2025-01-26_17_23,1353
2025-02-23_04_29,950
2025-01-18_45_44,1394
2025-01-15_45_09,1381
2025-01-18_36_07,925
2025-01-15_46_18,1699
2025-01-19_47_06,1050
2025-02-11_47_30,1315
2025-02-01_28_45,1840
2025-01-24_31_02,952
2025-02-14_30_14,2189
2025-01-30_36_11,1640
2025-01-07_02_01,863
2025-02-09_30_02,1353
2025-02-02_11_36,2398
2025-01-04_47_43,2033
2025-01-05_16_02,1092
2025-01-01_11_36,1637
2025-01-11_26_46,2198
2025-01-24_01_02,866
2025-02-22_28_45,1942
2025-01-09_31_02,852
2025-02-03_38_36,1544
2025-01-29_47_28,1962
2025-01-27_02_14,888
2025-02-23_06_47,1128
2025-02-04_07_36,874
2025-02-13_33_46,760
2025-02-18_23_13,1271
2025-02-20_41_36,2288
2025-01-17_45_34,2807
2025-02-04_46_45,3296
2025-02-26_02_21,959
2025-02-05_02_14,914
2025-02-26_47_45,3314
2025-01-14_05_45,871
2025-01-19_33_46,3833
2025-01-31_47_03,955
2025-02-22_46_18,1868
2025-01-03_30_14,1651
2025-02-11_43_47,1509
2025-02-17_36_37,3342
2025-01-10_21_02,855
2025-01-25_02_30,1364
2025-01-22_30_14,1044
2025-01-16_18_46,3324
2025-01-15_47_45,3741
2025-02-28_45_42,2776
2025-01-26_45_34,1442
2025-02-24_28_45,2284
2025-01-16_36_37,514
2025-02-25_18_46,1353
2025-01-31_12_36,2778
2025-02-14_38_36,1342
2025-02-25_36_22,1462
2025-02-15_46_26,1707
2025-02-02_13_23,2338
2025-02-03_48_46,4892
2025-02-03_18_46,2240
2025-01-24_40_02,880
2025-01-19_02_31,940
2025-01-29_47_06,893
2025-01-25_42_45,1306
2025-02-22_36_27,1777
2025-02-18_42_45,1341
2025-01-26_02_24,895
2025-01-12_46_47,1484
2025-01-24_47_02,1020
2025-02-13_46_35,2388
2025-02-03_09_46,2518
2025-01-26_36_27,1316
2025-02-20_32_19,1487
2025-02-26_48_46,3595
2025-02-12_23_13,1344
2025-02-09_15_46,2362
2025-02-19_31_02,903
2025-01-18_41_36,3173
2025-02-02_46_20,1884
2025-01-20_45_03,895
2025-02-22_22_36,1821
2025-01-30_35_46,1330
2025-02-01_30_02,1218
2025-01-05_31_02,1071
2025-01-21_47_02,924
2025-02-22_08_47,992
2025-01-13_44_46,2330
2025-01-28_36_27,1113
2025-02-25_22_36,1255
2025-01-26_45_03,1042
2025-02-22_45_34,2082
2025-02-14_36_11,3185
2025-02-09_19_02,1156
2025-01-11_46_09,2461
2025-01-29_47_02,946
2025-02-02_45_39,1598
2025-01-13_17_23,1395
2025-02-21_47_02,1066
2025-01-12_36_12,1509
2025-02-07_17_23,1097
2025-02-10_19_30,1916
2025-02-09_22_36,2004
2025-01-05_07_36,1013
2025-02-20_43_47,1638
2025-01-13_30_02,949
2025-02-26_45_05,959
2025-01-19_45_05,1105
2025-02-12_36_27,1798
2025-02-01_45_05,1090
2025-02-06_44_45,971
2025-02-07_05_47,1466
2025-02-22_36_11,2793
2025-01-13_46_18,3032
2025-01-27_25_23,2011
2025-02-25_12_36,1523
2025-02-18_37_36,2853
2025-02-01_02_47,1036
2025-02-13_26_46,1261
2025-01-09_46_45,2701
2025-01-07_09_46,2338
2025-01-26_36_12,1741
2025-01-30_45_39,2407
2025-01-23_02_30,909
2025-02-04_45_05,937
2025-01-06_25_23,1454
2025-02-07_45_09,1647
2025-01-23_47_03,883
2025-01-01_04_29,813
2025-01-17_46_33,1249
2025-01-08_28_45,1184
2025-02-24_47_45,3355
2025-01-30_46_09,2389
2025-02-03_46_48,2813
2025-01-14_46_47,1642
2025-01-29_30_14,1143
2025-01-25_02_16,938
2025-01-04_22_36,1304
2025-01-28_23_25,1154
2025-02-12_46_26,1319
2025-02-19_09_45,1605
2025-02-04_47_43,1917
2025-01-30_47_05,1275
2025-02-03_47_46,1639
2025-01-31_36_07,908
2025-01-23_23_13,1917
2025-01-10_28_47,2350
2025-02-13_46_26,1315
2025-01-30_34_45,1253
2025-01-12_46_45,3399
2025-02-12_42_45,1257
2025-01-23_46_15,1538
2025-02-09_19_32,2381
2025-01-19_36_12,1588
2025-02-11_25_23,1818
2025-01-28_47_45,2438
2025-02-18_45_48,1311
2025-01-19_46_48,4180
2025-02-06_40_02,882
2025-02-06_05_47,1281
2025-02-05_09_45,1605
2025-01-24_47_46,2113
2025-01-21_47_28,1381
2025-01-22_37_36,168
2025-02-06_47_05,1426
2025-02-27_46_33,854
2025-01-01_19_02,931
2025-02-12_46_15,1109
2025-01-27_45_34,1134
2025-02-04_47_08,776
2025-02-17_19_30,1602
2025-02-12_01_02,827
2025-02-11_37_36,2127
2025-01-12_02_30,1753
2025-01-05_47_06,1050
2025-01-04_05_47,1438
2025-01-15_45_47,3398
2025-01-04_46_33,1103
2025-02-15_08_47,992
2025-02-28_36_27,1959
2025-02-08_03_45,1005
2025-02-05_47_43,2401
2025-01-05_32_19,1968
2025-02-17_40_02,1074
2025-02-21_09_46,2311
2025-01-29_17_23,951
2025-02-10_45_44,1022
2025-01-07_16_02,898
2025-02-25_46_15,1248
2025-02-26_02_31,867
2025-01-12_03_47,1077
2025-02-26_02_16,906
2025-01-15_46_45,3913
2025-02-13_44_46,1580
2025-01-30_46_15,2081
2025-02-01_47_43,2168
2025-02-24_07_36,925
2025-02-22_05_47,1581
2025-02-08_02_21,1065
2025-01-01_03_45,920
2025-02-12_02_47,952
2025-01-09_30_14,1320
2025-01-15_36_22,1116
2025-02-28_36_12,2095
2025-01-20_45_46,3643
2025-01-18_47_03,967
2025-01-25_01_02,873
2025-01-28_01_02,800
2025-01-08_45_46,2957
2025-02-17_46_48,2458
2025-01-08_47_06,893
2025-01-30_05_47,1158
2025-02-12_45_03,921
2025-02-03_36_07,902
2025-02-22_46_26,1553
2025-01-22_11_36,1164
2025-01-16_36_27,1112
2025-02-01_22_36,1514
2025-02-18_33_46,1057
2025-01-29_46_18,1693
2025-01-19_09_45,1905
2025-01-29_02_47,961
2025-01-06_47_08,752
2025-02-19_02_16,906
2025-02-21_46_20,1964
2025-01-11_31_02,995
2025-02-10_28_45,2739
2025-02-25_31_02,878
2025-02-17_35_46,2616
2025-02-27_43_47,1488
2025-02-23_23_13,1962
2025-01-03_31_02,952
2025-01-14_47_02,924
2025-01-21_12_36,1397
2025-01-01_40_02,794
2025-02-23_28_47,3045
2025-01-02_46_09,2389
2025-01-05_36_07,980
2025-02-10_46_33,1087
2025-01-01_36_41,3280
2025-02-04_38_36,1366
2025-02-21_47_03,1008
2025-01-18_45_28,2205
2025-01-18_25_23,1657
2025-02-02_28_45,3649
2025-02-23_02_21,1120
2025-02-17_25_23,1445
2025-02-25_45_48,2984
2025-02-03_21_02,819
2025-01-02_19_02,906
2025-01-25_35_46,1725
2025-02-13_18_46,1182
2025-01-07_45_39,1048
2025-02-09_47_02,1178
2025-01-28_41_36,3011
2025-02-21_02_16,1004
2025-02-11_46_09,2321
2025-02-28_07_36,986
2025-02-19_45_42,1583
2025-01-25_19_02,1049
2025-01-26_46_26,1588
2025-01-01_47_45,5745
2025-02-11_02_47,929
2025-02-17_43_47,2420
2025-01-24_47_45,3556
2025-01-24_47_08,869
2025-01-24_28_45,1134
2025-02-26_46_48,5144
2025-01-12_47_45,3886
2025-01-11_46_26,2387
2025-02-21_11_36,2297
2025-01-05_47_05,1884
2025-01-18_02_19,899
2025-01-24_45_09,1496
2025-01-05_02_47,1090
2025-01-25_48_46,3651
2025-02-24_08_47,934
2025-02-05_06_47,889
2025-02-18_44_46,1686
2025-01-19_30_14,1257
2025-01-29_44_46,1254
2025-02-26_47_28,2081
2025-01-12_02_24,895
2025-02-02_02_16,1064
2025-02-26_46_45,2829
2025-02-02_19_30,2241
2025-01-17_46_44,2693
2025-02-13_09_46,2216
2025-02-25_45_09,1505
2025-01-24_02_01,920
2025-02-28_09_46,2311
2025-02-22_17_23,1123
2025-02-13_47_03,909
2025-02-02_38_36,1581
2025-02-27_44_45,945
2025-01-28_47_03,871
2025-01-22_47_43,1782
2025-01-24_02_30,1184
2025-02-02_03_47,1157
2025-02-07_11_36,2327
2025-02-15_19_32,2464
2025-02-05_35_46,1441
2025-02-02_30_02,1353
2025-02-21_30_14,2209
2025-01-12_45_42,1506
2025-01-27_27_36,1559
2025-01-17_02_31,868
2025-02-18_17_23,1079
2025-02-22_48_45,1477
2025-01-24_12_36,1714
2025-01-02_45_47,3625
2025-01-02_38_36,1006
2025-01-26_02_21,1035
2025-01-07_07_36,852
2025-02-27_14_30,1301
2025-02-12_37_36,3999
2025-01-28_08_47,843
2025-02-17_47_28,1914
2025-02-13_45_42,2118
2025-02-04_23_13,1279
2025-01-02_05_47,1158
2025-02-12_02_14,914
2025-01-28_11_36,1339
2025-01-20_23_25,1510
2025-02-09_18_46,2509
2025-01-31_46_45,4181
2025-02-16_36_22,1776
2025-02-24_42_45,1533
2025-02-15_02_24,863
2025-02-15_45_47,3937
2025-01-29_45_09,1381
2025-02-04_47_10,1061
2025-02-01_02_19,995
2025-02-23_30_14,1355
2025-01-21_23_25,1872
2025-01-08_47_03,905
2025-01-01_02_30,950
2025-02-04_02_21,926
2025-02-08_37_36,3649
2025-01-31_28_45,1213
2025-01-10_45_34,3243
2025-02-05_46_26,1261
2025-01-07_45_28,2269
2025-02-20_18_46,1186
2025-01-06_14_30,1714
2025-02-22_45_47,3708
2025-02-01_41_36,3190
2025-01-09_47_46,2188
2025-02-17_14_30,1592
2025-01-30_02_21,909
2025-01-02_01_02,803
2025-01-03_08_47,915
2025-01-02_46_44,1756
2025-02-05_02_24,787
2025-02-01_13_23,1881
2025-02-19_16_02,897
2025-02-23_31_02,1139
2025-01-27_45_09,1614
2025-02-01_43_47,2330
2025-02-18_48_46,2673
2025-01-16_43_47,4195
2025-02-07_28_47,1797
2025-01-10_25_23,1396
2025-01-03_45_03,941
2025-02-22_11_36,2452
2025-02-16_47_08,1061
2025-02-16_03_47,1157
2025-02-26_42_45,1406
2025-02-19_23_13,1218
2025-01-01_02_47,961
2025-01-27_36_27,914
2025-01-16_25_23,1246
2025-01-04_02_01,922
2025-02-24_02_24,782
2025-02-04_02_30,1093
2025-02-14_36_07,962
2025-01-08_45_42,1206
2025-02-17_48_45,1989
2025-02-23_45_42,1953
2025-01-20_11_36,1793
2025-02-04_43_47,1528
2025-02-07_45_34,2912
2025-01-10_46_33,3739
2025-02-04_46_44,1459
2025-02-27_25_23,1813
2025-02-28_06_47,952
2025-02-08_36_12,1819
2025-01-01_39_45,3283
2025-01-21_02_40,783
2025-01-22_19_30,1226
2025-01-31_45_34,3158
2025-01-26_11_36,2351
2025-02-10_47_05,1691
2025-02-21_43_47,2240
2025-01-04_12_36,1656
2025-01-08_30_14,1163
2025-02-22_45_05,1090
2025-02-28_46_47,1932
2025-01-20_36_37,742
2025-01-13_02_16,871
2025-01-23_15_46,1387
2025-01-15_47_28,2078
2025-02-03_32_19,2006
2025-01-22_02_47,961
2025-02-06_28_47,1723
2025-02-07_07_36,986
2025-01-02_45_09,1315
2025-01-15_03_45,920
2025-02-06_47_08,799
2025-02-12_45_09,1511
2025-01-14_02_31,759
2025-02-28_23_13,1947
2025-01-09_25_23,1289
2025-02-27_44_46,1662
2025-01-07_46_45,2930
2025-02-23_09_45,2069
2025-02-18_36_22,1218
2025-01-12_35_46,2596
2025-02-13_38_36,1199
2025-02-28_20_46,2066
2025-01-20_46_44,1764
2025-02-17_09_45,1836
2025-01-03_28_47,1029
2025-02-06_30_02,835
2025-01-14_11_36,1302
2025-01-31_30_02,958
2025-02-10_03_45,956
2025-02-04_45_42,1157
2025-01-20_18_46,2219
2025-02-24_13_23,2295
2025-01-29_15_46,1007
2025-01-06_47_10,1359
2025-01-25_07_36,944
2025-01-20_04_29,800
2025-01-27_46_33,721
2025-02-23_19_32,2592
2025-02-13_11_36,2707
2025-01-01_28_47,1578
2025-01-30_09_45,1391
2025-01-13_03_45,910
2025-02-22_31_02,1049
2025-01-22_01_02,821
2025-01-04_13_23,1715
2025-02-19_08_47,898
2025-02-14_44_45,1079
2025-02-18_45_39,1190
2025-02-15_23_25,1932
2025-01-19_04_29,906
2025-01-05_25_23,2756
2025-02-13_19_30,1586
2025-01-02_28_47,1160
2025-02-03_47_05,1691
2025-02-25_02_01,891
2025-01-25_05_47,1438
2025-02-14_02_21,1055
2025-02-11_47_46,1456
2025-02-04_02_47,929
2025-01-29_46_09,2497
2025-01-08_27_36,1216
2025-02-13_43_47,2040
2025-01-05_14_30,2348
2025-02-18_18_46,1154
2025-01-07_46_09,2357
2025-02-04_39_45,1333
2025-02-14_02_40,1003
2025-02-12_45_42,1793
2025-01-27_47_05,1528
2025-01-12_04_29,906
2025-01-08_35_46,1282
2025-02-05_46_15,1357
2025-02-26_03_45,946
2025-01-17_45_09,1496
2025-02-10_45_34,1353
2025-01-29_02_30,950
2025-01-26_22_36,1406
2025-01-15_09_45,1477
2025-01-30_30_02,712
2025-02-02_47_45,5108
2025-01-04_46_35,2061
2025-02-26_19_02,921
2025-02-20_22_36,1323
2025-01-26_31_02,1071
2025-01-02_48_46,4142
2025-02-26_36_41,2646
2025-01-25_30_14,1372
2025-02-05_22_36,1288
2025-01-07_14_30,1325
2025-01-29_34_45,1300
2025-02-15_20_46,1378
2025-02-01_23_25,1657
2025-02-23_34_45,3700
2025-02-03_15_46,2224
2025-01-03_02_40,867
2025-02-16_45_39,1284
2025-02-22_33_46,1044
2025-02-07_47_06,992
2025-01-31_46_48,5860
2025-01-08_02_31,798
2025-02-27_02_24,770
2025-01-05_21_02,1028
2025-02-05_33_46,882
2025-01-21_47_06,867
2025-02-20_33_46,1681
2025-01-09_36_22,1261
2025-02-18_36_27,1626
2025-01-05_02_01,1078
2025-01-04_03_45,951
2025-01-01_09_45,1477
2025-02-14_22_36,1621
2025-02-09_45_28,2562
2025-02-01_36_27,1918
2025-02-04_13_23,1488
2025-02-24_45_09,1747
2025-01-20_36_07,855
2025-02-06_14_30,1194
2025-02-11_18_46,2094
2025-02-11_19_32,1875
2025-01-30_13_23,1383
2025-02-18_35_46,1538
2025-02-06_45_28,2816
2025-02-05_05_45,909
2025-01-18_23_25,1810
2025-02-03_42_45,1894
2025-02-11_23_25,1325
2025-01-08_39_45,1018
2025-02-12_33_46,956
2025-02-12_48_46,2854
2025-02-18_25_23,1459
2025-02-26_46_47,1471
2025-01-12_17_23,1484
2025-01-28_46_35,1235
2025-01-08_14_30,1265
2025-02-27_46_47,1406
2025-01-30_45_42,2023
2025-01-01_03_47,870
2025-02-21_46_44,3479
2025-01-26_20_46,1776
2025-01-04_19_30,2197
2025-01-09_37_36,87
2025-02-01_17_23,1186
2025-01-05_02_14,1041
2025-02-01_47_30,1821
2025-02-05_31_02,903
2025-02-08_43_47,2553
2025-01-21_02_19,783
2025-01-10_39_45,1006
2025-02-02_18_46,3112
2025-02-18_31_02,878
2025-02-21_17_23,1127
2025-01-06_47_43,2583
2025-02-04_21_02,791
2025-01-05_47_30,1738
2025-02-23_46_26,1693
2025-02-12_15_46,1218
2025-01-20_02_19,842
2025-02-27_46_44,2092
2025-01-12_47_28,3311
2025-02-18_45_44,938
2025-02-08_17_23,1125
2025-01-13_28_47,1904
2025-01-13_26_46,1854
2025-01-18_39_45,2143
2025-01-13_42_45,1444
2025-02-09_36_22,1508
2025-01-08_43_47,1643
2025-01-04_07_36,944
2025-01-11_39_45,1621
2025-01-22_28_45,1542
2025-01-05_02_16,989
2025-01-08_45_09,1381
2025-02-13_46_33,1173
2025-01-28_05_47,1185
2025-02-08_19_32,2478
2025-01-01_48_45,3335
2025-02-04_32_19,1621
2025-02-20_19_32,2935
2025-01-26_26_46,2387
2025-02-17_05_47,1552
2025-02-08_02_14,1012
2025-01-28_46_45,2334
2025-02-20_45_46,3996
2025-01-08_02_19,822
2025-01-23_46_44,1560
2025-01-10_03_47,911
2025-02-06_09_46,2216
2025-01-06_42_45,2016
2025-02-20_45_44,1382
2025-02-16_30_02,1353
2025-02-08_44_45,1191
2025-02-10_16_02,965
2025-02-20_45_42,2118
2025-01-17_15_46,2020
2025-01-18_03_45,951
2025-02-09_47_28,2130
2025-01-15_16_02,874
2025-02-25_41_36,2989
2025-02-27_02_30,1028
2025-02-16_05_47,2041
2025-01-24_37_36,325
2025-02-28_19_30,1544
2025-02-11_46_44,1453
2025-02-14_18_46,1513
2025-01-16_02_31,764
2025-01-01_42_45,2683
2025-02-17_02_16,916
2025-02-21_27_36,1412
2025-02-19_39_45,1087
2025-02-27_07_36,895
2025-01-19_18_46,3670
2025-02-12_45_34,1513
2025-02-27_47_06,899
2025-02-23_11_36,3186
2025-01-10_47_02,1020
2025-01-03_48_45,1962
2025-01-06_45_34,1138
2025-02-26_20_46,1308
2025-01-06_43_47,1927
2025-01-11_36_07,925
2025-01-20_47_08,752
2025-02-06_45_47,4365
2025-02-27_45_03,904
2025-01-21_44_46,2303
2025-01-04_42_45,2675
2025-01-08_44_46,1294
2025-02-09_02_19,1075
2025-01-24_02_40,867
2025-02-02_19_02,1156
2025-02-25_21_02,791
2025-02-15_46_33,1282
2025-02-07_20_46,1205
2025-01-11_01_02,873
2025-02-13_02_30,1028
2025-02-13_36_12,2191
2025-01-26_19_32,2315
2025-01-04_45_34,2421
2025-01-02_32_19,1629
2025-02-22_12_36,2181
2025-01-27_02_31,818
2025-01-23_37_36,192
2025-02-25_23_13,1538
2025-01-28_45_47,2859
2025-01-17_47_28,2609
2025-01-17_46_20,1650
2025-01-17_18_46,2842
2025-01-14_45_44,1376
2025-02-26_46_20,1874
2025-02-24_32_19,1900
2025-02-08_38_36,1589
2025-01-08_48_46,2712
2025-01-31_47_10,1088
2025-01-06_28_47,1870
2025-01-14_47_05,1289
2025-01-05_23_13,1628
2025-02-03_02_16,916
2025-02-12_47_30,1356
2025-01-02_02_47,938
2025-01-08_48_45,1393
2025-02-18_11_36,2137
2025-01-31_33_46,1434
2025-01-01_02_24,781
2025-01-16_32_19,1538
2025-02-19_46_45,2848
2025-02-15_28_45,2331
2025-01-21_02_21,897
2025-02-24_45_05,1002
2025-01-21_45_48,1074
2025-01-03_36_12,2353
2025-01-15_40_02,794
2025-01-04_46_44,2237
2025-01-19_46_45,5167
2025-01-13_46_15,2029
2025-01-27_36_41,2627
2025-01-02_45_46,3913
2025-02-19_43_47,1460
2025-02-08_02_40,1052
2025-02-02_20_46,2659
2025-02-09_45_46,5266
2025-02-23_47_06,1124
2025-02-12_47_03,931
2025-02-17_47_02,1011
2025-02-26_40_02,909
2025-02-09_12_36,2758
2025-01-18_45_39,1892
2025-02-09_02_31,1050
2025-02-15_32_19,2160
2025-02-05_45_47,3471
2025-01-10_34_45,2152
2025-02-23_47_46,2611
2025-01-19_36_22,1501
2025-02-14_17_23,1166
2025-01-28_36_37,2476
2025-01-24_47_28,2756
2025-02-07_27_36,1488
2025-02-08_30_14,1762
2025-02-05_46_35,1951
2025-02-14_40_02,1023
2025-01-21_45_09,1375
2025-02-22_02_14,1012
2025-01-23_47_08,776
2025-02-20_44_45,1072
2025-01-31_02_01,920
2025-02-13_36_41,3111
2025-01-20_46_18,1546
2025-02-03_01_02,830
2025-01-17_02_01,920
2025-02-21_38_36,1413
2025-01-14_02_47,941
2025-02-28_36_22,1659
2025-02-05_05_47,1322
2025-02-28_47_08,919
2025-01-27_16_02,922
2025-01-09_47_30,1491
2025-01-05_26_46,2581
2025-02-06_46_09,2303
2025-01-02_25_23,3478
2025-02-11_48_45,1750
2025-02-22_47_45,3463
2025-01-27_45_44,912
2025-01-09_36_07,838
2025-02-12_46_09,2422
2025-02-03_02_01,939
2025-02-02_47_06,1124
2025-01-20_36_12,1272
2025-02-27_02_47,928
2025-01-31_04_29,859
2025-02-28_37_36,930
2025-01-20_46_45,3846
2025-02-26_04_29,819
2025-01-22_41_36,2338
2025-02-10_46_20,1491
2025-02-26_27_36,1631
2025-01-04_44_45,1458
2025-01-11_02_24,835
2025-01-24_05_47,1322
2025-02-07_41_36,3395
2025-01-16_47_28,2143
2025-02-01_47_10,1477
2025-02-06_02_24,770
2025-01-21_22_36,972
2025-02-17_46_35,1344
2025-02-24_17_23,1639
2025-02-02_45_28,1956
2025-02-14_21_02,889
2025-02-16_47_03,1099
2025-02-22_46_44,2257
2025-01-26_47_05,1884
2025-01-19_45_44,1127
2025-01-04_19_02,1049
2025-02-05_02_01,920
2025-01-16_01_02,803
2025-02-08_34_45,1800
2025-02-27_19_30,1155
2025-01-28_02_21,897
2025-02-03_45_48,1153
2025-02-10_36_41,3268
2025-01-03_46_48,3374
2025-02-11_45_46,2884
2025-02-21_41_36,2688
2025-01-24_46_48,4281
2025-02-28_47_03,1008
2025-02-24_02_19,918
2025-01-20_31_02,912
2025-01-25_36_07,925
2025-01-06_11_36,1639
2025-01-05_47_46,2639
2025-01-13_03_47,858
2025-02-05_44_45,955
2025-02-21_36_11,3061
2025-01-01_02_16,881
2025-01-05_18_46,2245
2025-01-18_15_46,2682
2025-02-23_44_46,4991
2025-01-09_35_46,1218
2025-01-29_12_36,1253
2025-02-20_39_45,1003
2025-01-09_47_28,2694
2025-02-20_47_08,799
2025-01-31_14_30,1457
2025-01-14_03_45,886
2025-01-09_45_39,1960
2025-02-21_01_02,894
2025-02-08_30_02,1218
2025-01-18_31_02,995
2025-01-11_45_28,4695
2025-02-12_36_37,2929
2025-01-17_19_30,2043
2025-02-18_38_36,1134
2025-02-23_45_46,4941
2025-01-24_23_13,2451
2025-02-14_23_13,1518
2025-01-21_47_10,763
2025-01-03_46_20,1464
2025-02-05_25_23,1074
2025-01-11_47_08,877
2025-01-23_46_20,1389
2025-01-13_02_19,842
2025-02-09_16_02,1164
2025-02-17_02_47,1007
2025-01-19_47_30,2329
2025-02-08_09_46,2356
2025-01-22_45_39,1408
2025-01-29_19_02,931
2025-02-04_46_48,2667
2025-01-11_15_46,1725
2025-02-02_36_07,1057
2025-01-01_15_46,3493
2025-01-26_37_36,620
2025-01-02_30_02,712
2025-01-30_18_46,1233
2025-02-01_46_48,5973
2025-01-03_45_44,1530
2025-01-21_38_36,984
2025-02-08_12_36,1935
2025-02-10_46_35,1855
2025-02-06_02_16,914
2025-02-25_02_40,895
2025-02-20_16_02,860
2025-01-07_36_37,286
2025-02-27_46_20,1813
2025-01-10_45_47,6889
2025-01-02_37_36,187
2025-02-28_40_02,1023
2025-02-27_04_29,802
2025-02-05_37_36,1221
2025-01-15_46_09,2497
2025-02-03_19_30,2044
2025-02-13_46_09,2303
2025-02-20_46_44,2120
2025-01-12_46_48,7327
2025-02-27_36_11,2302
2025-02-06_19_30,1325
2025-01-09_23_25,1378
2025-02-27_18_46,2235
2025-01-04_36_27,975
2025-02-15_13_23,1707
2025-02-03_02_19,918
2025-02-18_47_28,1765
2025-01-26_45_42,1470
2025-01-13_02_40,918
2025-01-17_28_45,2138
2025-01-28_15_46,1080
2025-02-15_47_30,2132
2025-02-23_47_45,5402
2025-01-12_05_45,1026
2025-02-22_47_06,1014
2025-02-07_28_45,1680
2025-02-27_37_36,1929
2025-01-29_36_12,1378
2025-01-19_45_03,1042
2025-02-21_28_47,1320
2025-02-02_02_24,938
2025-02-02_48_45,3259
2025-01-29_02_21,927
2025-01-27_47_06,891
2025-02-24_44_45,1203
2025-01-05_45_09,1847
2025-01-16_46_18,1889
2025-01-05_38_36,1470
2025-01-27_43_47,1610
2025-02-21_47_08,919
2025-02-26_47_10,1120
2025-02-10_47_43,2204
2025-01-19_46_09,2976
2025-01-19_36_37,475
2025-02-05_28_45,1660
2025-02-22_46_15,1332
2025-01-16_45_46,3753
2025-01-20_07_36,881
2025-02-09_39_45,3004
2025-01-06_47_46,1523
2025-01-08_12_36,1416
2025-02-06_48_45,1287
2025-02-20_26_46,1205
2025-02-18_22_36,1073
2025-02-26_32_19,1581
2025-02-07_47_10,1416
2025-01-08_02_01,890
2025-01-11_37_36,314
2025-02-05_03_45,946
2025-02-20_28_45,1413
2025-02-12_17_23,1042
2025-02-05_18_46,1410
2025-01-26_03_47,1077
2025-02-19_36_27,1559
2025-01-19_45_42,1372
2025-01-28_45_42,1114
2025-02-21_23_13,1631
2025-01-02_44_45,1568
2025-02-24_20_46,1320
2025-01-01_46_15,1443
2025-01-10_46_35,6334
2025-02-04_45_28,1844
2025-01-07_04_29,791
2025-01-02_02_14,873
2025-02-01_02_14,1012
2025-01-18_08_47,937
2025-02-24_47_05,1691
2025-01-31_20_46,1412
2025-02-16_03_45,1099
2025-02-15_41_36,3258
2025-02-08_46_18,2676
2025-02-23_18_46,2378
2025-02-21_02_01,978
2025-02-25_17_23,1114
2025-02-04_02_40,895
2025-02-23_45_09,2013
2025-01-30_32_19,1675
2025-02-18_01_02,803
2025-02-16_45_42,1574
2025-01-27_35_46,2254
2025-01-08_45_39,1258
2025-02-04_09_45,1595
2025-01-28_30_02,726
2025-01-22_46_09,2497
2025-01-26_02_47,1090
2025-02-10_41_36,3110
2025-02-28_46_45,4752
2025-01-12_31_02,1071
2025-01-07_46_47,1266
2025-01-20_22_36,1471
2025-02-09_45_39,1706
2025-02-23_40_02,1276
2025-01-14_23_25,1345
2025-01-04_41_36,3260
2025-02-17_28_45,2619
2025-01-06_48_46,3416
2025-01-12_47_08,989
2025-01-27_02_19,842
2025-01-22_22_36,1053
2025-01-08_23_25,1231
2025-01-27_46_47,1227
2025-02-06_04_29,802
2025-02-28_36_37,1824
2025-02-06_46_44,2010
2025-01-15_02_30,950
2025-01-09_02_14,873
2025-01-26_07_36,1013
2025-02-26_33_46,863
2025-02-22_23_13,1782
2025-01-13_46_26,1748
2025-01-04_11_36,1525
2025-01-05_45_03,1042
2025-01-03_32_19,1884
2025-01-14_33_46,1685
2025-02-22_47_30,2143
2025-02-19_09_46,2302
2025-01-30_37_36,2209
2025-02-13_36_07,865
2025-01-17_45_28,3854
2025-01-09_45_46,3787
2025-02-13_46_15,1474
2025-02-19_27_36,1570
2025-02-21_46_48,5537
2025-01-23_36_12,1455
2025-01-28_02_30,971
2025-01-03_36_11,1690
2025-02-13_19_02,895
2025-02-17_47_45,3702
2025-01-25_19_32,2173
2025-01-28_47_02,924
2025-01-08_31_02,877
2025-02-02_26_46,2231
2025-02-12_02_21,959
2025-01-25_44_46,1619
2025-02-08_45_03,1013
2025-01-18_45_47,3218
2025-01-01_45_44,1242
2025-01-17_21_02,855
2025-02-21_44_46,1684
2025-02-21_02_24,856
2025-01-24_04_29,859
2025-02-18_46_45,3121
2025-02-12_21_02,815
2025-02-14_02_47,1056
2025-01-13_13_23,2092
2025-01-23_02_31,764
2025-01-20_21_02,793
2025-01-08_47_30,1377
2025-01-01_16_02,874
2025-02-01_39_45,1609
2025-02-25_46_09,2321
2025-02-02_02_47,1130
2025-01-13_38_36,1151
2025-02-19_36_37,2940
2025-02-08_46_35,2874
2025-01-24_47_43,2160
2025-01-13_06_47,864
2025-01-10_02_31,868
2025-01-07_46_35,1406
2025-01-03_02_01,920
2025-01-23_46_33,1194
2025-02-25_36_11,2421
2025-02-19_04_29,819
2025-02-19_20_46,1050
2025-01-06_45_09,1614
2025-01-19_02_30,1753
2025-02-03_02_40,1040
2025-02-17_46_26,1319
2025-02-07_13_23,1604
2025-02-12_28_45,1486
2025-01-28_14_30,1316
2025-02-26_11_36,1965
2025-01-01_05_45,890
2025-02-09_07_36,1087
2025-02-17_08_47,934
2025-01-10_45_28,5486
2025-01-11_02_14,961
2025-01-17_48_45,1733
2025-02-19_07_36,902
2025-01-15_13_23,1435
2025-01-25_46_45,2902
2025-01-29_47_46,1427
2025-02-23_45_48,1740
2025-01-27_12_36,1859
2025-01-14_46_45,4020
2025-01-01_36_22,1288
2025-01-04_46_18,1635
2025-01-04_33_46,934
2025-01-25_15_46,1305
2025-02-08_47_46,2190
2025-01-20_02_31,818
2025-01-01_19_30,2329
2025-02-10_30_14,1173
2025-01-07_45_47,2977
2025-02-09_32_19,2226
2025-02-25_30_02,852
2025-02-08_45_09,1680
2025-01-12_06_47,1063
2025-02-14_15_46,1145
2025-01-17_46_35,2298
2025-02-10_22_36,1535
2025-01-20_30_02,949
2025-01-19_47_46,2516
2025-02-22_18_46,1425
2025-02-03_03_45,956
2025-02-25_03_45,910
2025-02-18_46_20,1170
2025-01-02_36_12,1627
2025-01-19_23_13,1669
2025-01-28_19_32,1900
2025-02-04_31_02,878
2025-01-22_36_41,3501
2025-01-09_46_18,2750
2025-01-21_46_33,774
2025-02-16_47_46,2693
2025-02-24_26_46,1522
2025-01-01_47_28,1644
2025-02-04_46_18,1234
2025-02-20_02_24,770
2025-02-06_38_36,1251
2025-01-25_36_22,1306
2025-02-07_02_16,1004
2025-01-23_18_46,1409
2025-02-17_21_02,819
2025-01-18_26_46,1687
2025-02-18_02_21,926
2025-02-20_47_02,949
2025-01-05_02_21,1035
2025-02-23_45_03,1116
2025-01-05_47_03,1023
2025-01-15_23_25,1810
2025-02-24_30_02,1086
2025-02-27_45_44,1304
2025-01-26_45_39,1491
2025-01-11_36_11,1593
2025-02-19_05_45,909
2025-02-23_45_39,1352
2025-01-13_36_07,855
2025-01-24_22_36,1209
2025-01-18_33_46,2609
2025-01-21_23_13,1368
2025-02-04_17_23,1061
2025-01-18_03_47,933
2025-01-01_46_48,3560
2025-02-08_47_05,1746
2025-01-05_20_46,2306
2025-02-03_47_02,1011
2025-01-04_47_08,877
2025-02-12_13_23,1383
2025-01-19_28_45,4109
2025-02-04_35_46,1438
2025-02-07_47_28,3156
2025-01-23_46_26,1449
2025-02-23_47_10,1284
2025-02-17_02_01,939
2025-02-28_38_36,1420
2025-01-14_02_40,783
2025-01-07_08_47,843
2025-02-11_12_36,1564
2025-01-14_09_46,2338
2025-01-16_02_30,909
2025-01-25_46_20,1595
2025-02-17_42_45,1930
2025-02-17_11_36,2588
2025-02-11_28_45,1469
2025-02-13_36_27,1628
2025-02-19_47_10,991
2025-02-16_31_02,1139
2025-01-30_28_47,1254
2025-01-11_03_47,933
2025-02-25_36_07,851
2025-02-07_46_33,3029
2025-01-19_05_47,1883
2025-02-12_45_44,932
2025-02-25_16_02,918
2025-02-17_34_45,2475
2025-01-07_31_02,855
2025-01-20_20_46,2330
2025-02-16_47_05,2063
2025-01-04_45_46,3477
2025-02-11_22_36,1430
2025-02-26_46_33,954
2025-02-25_33_46,931
2025-01-13_36_11,1261
2025-02-07_09_46,2311
2025-01-21_46_47,1280
2025-02-07_16_02,949
2025-01-13_30_14,1179
2025-01-27_46_26,1374
2025-02-27_28_47,1471
2025-02-20_02_16,914
2025-02-13_02_14,897
2025-01-20_47_43,1624
2025-02-01_05_45,1047
2025-02-09_02_30,1914
2025-02-02_45_48,1750
2025-01-11_44_46,2188
2025-01-20_37_36,380
2025-02-06_45_03,904
2025-01-20_46_15,1124
2025-01-29_47_45,2810
2025-01-05_03_45,1023
2025-02-24_45_39,1074
2025-02-24_12_36,2003
2025-02-09_43_47,3081
2025-02-17_41_36,2851
2025-02-09_46_33,1466
2025-01-19_30_02,1188
2025-02-01_31_02,1049
2025-02-17_02_14,931
2025-01-17_09_45,1573
2025-01-16_35_46,4202
2025-02-01_36_07,979
2025-01-17_02_19,892
2025-01-29_39_45,968
2025-01-24_36_11,2311
2025-01-05_09_45,1905
2025-01-02_30_14,1225
2025-01-10_02_24,828
2025-01-19_21_02,1028
2025-01-24_47_06,941
2025-01-07_06_47,847
2025-02-16_47_28,2044
2025-01-26_41_36,3469
2025-02-12_45_47,3695
2025-02-27_46_45,2944
2025-02-16_11_36,4717
2025-01-11_46_44,5809
2025-02-10_46_26,1386
2025-01-05_45_42,1478
2025-02-12_45_39,1789
2025-02-03_45_46,3677
2025-01-14_22_36,1208
2025-01-23_47_05,1275
2025-01-20_02_16,871
2025-01-28_05_45,871
2025-02-07_03_47,968
2025-02-12_09_46,2302
2025-01-04_30_02,1067
2025-01-26_28_45,3316
2025-01-28_46_09,2357
2025-02-10_33_46,1908
2025-02-25_01_02,803
2025-02-07_01_02,894
2025-02-25_07_36,874
2025-02-11_42_45,1438
2025-02-06_44_46,1241
2025-01-20_09_45,1702
2025-02-26_36_22,1337
2025-02-13_15_46,1062
2025-01-12_46_26,1715
2025-02-24_04_29,826
2025-02-18_20_46,1014
2025-02-20_02_21,945
2025-01-06_36_12,1379
2025-02-25_45_47,3878
2025-02-06_19_32,1784
2025-02-23_14_30,2792
2025-01-17_33_46,2206
2025-02-26_02_19,891
2025-01-13_09_46,2530
2025-01-03_01_02,866
2025-01-06_16_02,922
2025-02-20_05_47,1281
2025-02-18_03_45,910
2025-02-04_28_45,1859
2025-01-26_45_05,1105
2025-01-02_02_19,789
2025-02-07_43_47,2449
2025-02-14_45_44,1892
2025-02-07_02_21,1055
2025-02-26_45_39,1363
2025-01-26_16_02,1092
2025-02-13_27_36,1515
2025-01-17_07_36,934
2025-02-09_19_30,2406
2025-02-14_25_23,1289
2025-02-08_46_47,1635
2025-02-22_47_02,1094
2025-02-13_47_05,1426
2025-02-23_45_47,4617
2025-02-18_47_08,776
2025-02-19_26_46,1509
2025-01-27_45_03,895
2025-02-04_45_39,1020
2025-01-22_06_47,874
2025-02-14_46_09,2438
2025-01-12_47_43,4340
2025-01-26_44_46,4309
2025-02-11_45_47,2982
2025-02-17_45_03,938
2025-02-09_04_29,950
2025-02-09_27_36,2712
2025-02-10_36_07,902
2025-02-03_02_31,894
2025-02-17_36_07,902
2025-01-03_19_32,2006
2025-02-12_03_47,900
2025-01-24_32_19,1977
2025-02-19_34_45,1110
2025-01-11_46_48,7831
2025-01-31_30_14,2444
2025-01-11_28_47,2577
2025-02-19_17_23,1075
2025-02-16_45_09,2013
2025-01-25_45_03,962
2025-01-28_43_47,1225
2025-01-04_02_30,1364
2025-01-07_18_46,1286
2025-02-16_09_45,2069
2025-01-10_45_46,5046
2025-01-12_46_33,2470
2025-01-13_02_24,756
2025-02-01_47_08,928
2025-02-04_30_14,1596
2025-01-22_47_08,787
2025-01-13_25_23,1199
2025-01-15_44_46,3864
2025-02-15_42_45,1354
2025-01-24_19_32,2233
2025-02-26_03_47,900
2025-02-26_02_40,904
2025-01-26_02_31,940
2025-02-17_37_36,3331
2025-01-06_45_48,1041
2025-02-06_41_36,2230
2025-01-06_46_45,3615
2025-01-13_34_45,2511
2025-02-15_30_14,2042
2025-02-25_37_36,1682
2025-01-21_19_02,909
2025-02-08_28_47,1938
2025-01-12_45_48,2611
2025-01-14_28_47,2314
2025-01-22_43_47,2214
2025-01-25_26_46,1579
2025-02-11_35_46,2285
2025-02-07_36_41,4107
2025-01-13_22_36,1353
2025-01-13_02_14,888
2025-02-13_31_02,878
2025-02-18_47_30,1548
2025-01-09_33_46,724
2025-02-16_46_26,1809
2025-01-08_47_10,2358
2025-01-15_35_46,4445
2025-02-24_37_36,2726
2025-02-16_02_24,938
2025-01-10_46_20,3271
2025-01-23_47_02,930
2025-02-03_25_23,1444
2025-01-13_41_36,3389
2025-01-26_02_30,1753
2025-01-15_45_44,1111
2025-01-14_45_42,1193
2025-02-16_44_46,4093
2025-01-23_46_47,1471
2025-02-12_02_31,867
2025-02-03_46_09,2493
2025-01-31_02_30,1184
2025-02-14_05_47,1466
2025-01-13_31_02,912
2025-02-01_47_06,1014
2025-02-18_09_46,2304
2025-01-07_45_42,1095
2025-02-21_40_02,1023
2025-01-01_36_11,1614
2025-01-01_14_30,2842
2025-02-26_39_45,1168
2025-01-11_46_47,2071
2025-01-28_02_01,863
2025-02-02_02_19,1075
2025-01-15_48_46,6329
2025-01-21_48_45,1677
2025-01-03_47_06,941
2025-02-25_05_47,1308
2025-01-03_46_47,1442
2025-02-16_46_44,2260
2025-01-31_05_47,1322
2025-01-14_34_45,2825
2025-01-24_45_46,4886
2025-01-17_39_45,1469
2025-01-22_04_29,813
2025-02-10_39_45,1902
2025-01-03_42_45,1928
2025-02-27_20_46,1815
2025-01-03_09_45,1573
2025-02-06_22_36,1256
2025-02-22_46_45,3100
2025-01-16_31_02,852
2025-02-18_46_44,1548
2025-01-12_21_02,1028
2025-01-02_47_08,776
2025-01-31_45_44,2248
2025-02-11_02_40,895
2025-01-27_42_45,1615
2025-02-19_45_47,3097
2025-02-24_02_21,975
2025-01-01_21_02,809
2025-02-21_23_25,2582
2025-02-17_46_47,2051
2025-02-02_43_47,2797
2025-01-08_36_12,1337
2025-01-31_45_39,3446
2025-01-29_30_02,740
2025-02-25_46_45,3321
2025-02-15_18_46,1422
2025-01-29_36_27,842
2025-01-03_45_05,1014
2025-01-18_36_12,1865
2025-02-21_36_37,4939
2025-01-21_36_07,827
2025-01-23_19_02,906
2025-01-31_18_46,1807
2025-02-12_05_47,1322
2025-02-27_47_08,799
2025-01-11_34_45,2381
2025-02-18_05_45,887
2025-01-17_27_36,1209
2025-01-09_43_47,1664
2025-01-10_45_44,2349
2025-01-31_45_46,5008
2025-02-25_45_03,891
2025-01-02_19_32,1857
2025-02-06_02_47,928
2025-01-10_35_46,1587
2025-01-06_36_22,1578
2025-02-11_44_45,1381
2025-02-04_46_20,1280
2025-02-01_46_09,2389
2025-02-08_47_45,3592
2025-02-17_27_36,1919
2025-01-28_46_15,1274
2025-02-02_01_02,977
2025-01-11_46_15,3714
2025-01-26_09_45,1905
2025-02-19_38_36,2198
2025-01-29_22_36,918
2025-01-10_28_45,2001
2025-02-22_46_48,4047
2025-01-30_43_47,1374
2025-01-01_17_23,1102
2025-01-18_46_47,1747
2025-01-16_45_42,1347
2025-01-31_42_45,1379
2025-01-09_09_45,1391
2025-02-12_47_10,1114
2025-02-11_08_47,868
2025-02-04_47_28,1873
2025-01-03_12_36,1817
2025-01-27_02_47,997
2025-02-19_47_03,931
2025-02-18_02_30,1093
2025-02-16_33_46,3126
2025-01-27_39_45,2112
2025-02-02_44_45,2761
2025-01-08_13_23,1218
2025-01-04_02_31,875
2025-01-07_47_06,867
2025-01-20_45_48,1224
2025-02-04_18_46,1556
2025-02-14_31_02,1005
2025-01-21_02_16,851
2025-01-07_48_46,2539
2025-02-01_36_11,2701
2025-02-24_44_46,1917
2025-02-17_33_46,1091
2025-01-15_06_47,874
2025-02-17_16_02,965
2025-01-29_45_39,1283
2025-02-15_38_36,1865
2025-01-26_46_35,1957
2025-01-06_47_06,891
2025-02-01_01_02,902
2025-01-27_47_46,1369
2025-01-23_02_24,763
2025-02-01_45_44,2035
2025-02-19_46_09,2422
2025-02-26_37_36,2979
2025-02-01_08_47,992
2025-02-06_45_39,2327
2025-01-11_45_47,4060
2025-01-01_44_45,2400
2025-02-11_01_02,803
2025-01-29_02_19,822
2025-01-26_36_11,1433
2025-01-20_02_47,997
2025-01-01_36_12,1905
2025-02-08_02_01,980
2025-02-16_46_47,2094
2025-02-16_28_47,2855
2025-02-16_46_18,1580
2025-01-10_05_45,966
2025-01-25_31_02,995
2025-02-04_30_02,852
2025-01-29_01_02,821
2025-02-17_45_47,3334
2025-02-17_46_44,1553
2025-01-08_45_05,940
2025-02-05_23_13,1230
2025-02-23_02_31,1050
2025-01-20_08_47,886
2025-02-05_47_05,1468
2025-02-08_46_44,3338
2025-02-13_28_47,1638
2025-01-11_22_36,1431
2025-01-28_45_28,1315
2025-01-13_39_45,2136
2025-02-13_46_18,1613
2025-02-21_02_40,1003
2025-01-25_03_45,951
2025-02-21_45_39,3531
2025-01-21_34_45,1640
2025-01-17_47_10,1282
2025-01-17_45_03,941
2025-01-14_45_39,1176
2025-02-16_16_02,1164
2025-02-14_47_46,2236
2025-01-27_47_08,752
2025-02-26_19_32,1688
2025-02-16_08_47,1210
2025-01-25_02_19,899
2025-02-19_28_45,1643
2025-01-02_05_45,876
2025-01-09_20_46,881
2025-01-30_08_47,852
2025-01-21_33_46,1180
2025-01-04_46_45,3208
2025-01-31_46_09,2510
2025-01-08_19_32,1861
2025-02-08_48_45,1414
2025-02-17_45_09,1747
2025-02-27_36_12,1682
2025-01-31_19_02,1006
2025-02-17_36_41,2634
2025-02-12_46_33,862
2025-02-05_07_36,902
2025-01-30_45_03,880
2025-01-01_25_23,3962
2025-02-02_05_45,1094
2025-02-04_45_48,1065
2025-01-29_46_44,1872
2025-01-02_35_46,2062
2025-01-30_47_08,776
2025-02-23_02_16,1064
2025-01-20_16_02,922
2025-01-27_46_15,946
2025-02-09_45_34,1981
2025-02-18_47_43,2081
2025-02-15_03_45,1005
2025-02-15_45_48,1866
2025-01-27_46_48,2250
2025-02-02_12_36,3367
2025-02-17_45_28,2002
2025-02-22_28_47,2118
2025-02-25_47_30,1372
2025-02-06_20_46,1012
2025-01-15_25_23,1599
2025-01-30_46_20,1350
2025-01-13_02_30,1222
2025-02-03_46_18,1316
2025-02-20_12_36,1693
2025-01-26_19_30,2722
2025-01-05_46_18,2110
2025-02-20_21_02,799
2025-01-29_45_05,940
2025-02-13_16_02,860
2025-01-24_42_45,1599
2025-01-12_47_46,2648
2025-01-31_15_46,1745
2025-02-15_27_36,1817
2025-02-11_06_47,860
2025-01-07_32_19,1664
2025-02-21_02_30,1331
2025-02-27_02_14,897
2025-01-01_26_46,2235
2025-01-23_03_45,887
2025-01-19_20_46,3389
2025-02-14_19_02,1023
2025-02-10_46_48,3151
2025-02-22_47_46,2117
2025-02-03_46_47,1449
2025-01-30_46_18,1900
2025-02-07_18_46,1712
2025-02-08_45_42,1732
2025-01-24_36_22,1600
2025-02-23_46_47,2099
2025-02-02_46_45,5922
2025-02-20_46_18,1626
2025-02-07_14_30,1646
2025-01-12_09_45,1905
2025-01-02_43_47,1752
2025-01-27_19_02,964
2025-01-14_02_21,897
2025-02-08_25_23,1796
2025-02-23_02_19,1075
2025-02-06_46_20,1750
2025-01-16_07_36,871
2025-02-27_15_46,1276
2025-01-27_47_43,1739
2025-02-11_02_19,848
2025-02-02_09_46,2724
2025-02-26_36_12,1850
2025-01-09_48_45,1609
2025-02-25_35_46,1936
2025-01-03_02_30,1184
2025-02-02_16_02,1164
2025-01-18_36_11,1692
2025-01-30_31_02,852
2025-02-04_46_26,1275
2025-02-26_22_36,1386
2025-01-24_46_18,1910
2025-02-11_45_39,1092
2025-02-25_46_18,1999
2025-01-22_46_45,2924
2025-01-06_09_46,2530
2025-02-10_04_29,826
2025-01-20_44_45,1981
2025-02-22_45_48,1951
2025-01-01_38_36,1037
2025-01-26_27_36,1719
2025-01-08_20_46,924
2025-02-06_17_23,1036
2025-02-27_47_02,949
2025-01-23_47_45,3024
2025-02-21_47_05,1684
2025-01-08_18_46,1163
2025-02-12_25_23,1381
2025-01-26_13_23,2618
2025-02-03_02_24,782
2025-02-01_40_02,1094
2025-02-06_33_46,786
2025-01-14_43_47,2173
2025-02-03_47_03,942
2025-02-05_45_48,1473
2025-02-07_15_46,1391
2025-01-27_40_02,945
2025-01-29_06_47,874
2025-01-10_19_02,1006
2025-01-13_23_25,1301
2025-01-27_02_40,918
2025-01-03_02_24,828
2025-01-19_45_39,1333
2025-01-07_35_46,1365
2025-01-29_20_46,1246
2025-01-08_46_26,1190
2025-02-28_45_03,992
2025-02-02_14_30,2713
2025-01-09_28_45,1256
2025-02-05_46_33,850
2025-02-13_45_03,904
2025-01-18_38_36,1166
2025-02-27_45_42,1643
2025-01-02_33_46,1389
2025-01-21_46_09,2357
2025-02-07_46_09,2438
2025-01-11_30_14,1468
2025-01-29_23_13,1266
2025-01-20_02_24,756
2025-01-10_02_30,1184
2025-01-08_38_36,834
2025-02-20_47_46,1848
2025-01-12_47_02,1109
2025-02-09_05_45,1094
2025-02-11_03_45,910
2025-02-24_45_46,3297
2025-02-21_47_30,2279
2025-02-21_16_02,949
2025-01-13_33_46,1086
2025-01-19_11_36,1971
2025-02-02_47_30,2123
2025-01-27_36_22,1376
2025-02-08_40_02,1094
2025-01-29_13_23,1389
2025-01-26_47_02,1109
2025-01-05_17_23,1394
2025-02-04_46_15,1069
2025-01-11_41_36,3646
2025-01-19_03_45,1023
2025-01-12_22_36,1453
2025-01-08_01_02,821
2025-01-02_02_21,909
2025-01-14_46_26,1593
2025-01-08_45_44,1467
2025-01-04_37_36,276
2025-02-01_19_02,1066
2025-01-13_47_46,2127
2025-02-23_36_37,3416
2025-02-04_36_11,1861
2025-01-31_09_46,2407
2025-02-05_36_41,3234
2025-01-24_09_46,2407
2025-01-25_08_47,937
2025-01-26_38_36,1543
2025-02-02_22_36,1811
2025-01-29_48_45,1307
2025-01-23_44_45,935
2025-02-09_38_36,3003
2025-02-16_36_37,4012
2025-02-16_12_36,3603
2025-01-16_28_45,2777
2025-02-23_07_36,1087
2025-02-21_46_15,1821
2025-01-02_36_27,1069
2025-02-25_09_46,2304
2025-02-28_17_23,1599
2025-01-16_47_46,1850
2025-01-31_46_18,2211
2025-02-26_45_47,3451
2025-01-08_02_40,794
2025-01-05_04_29,906
2025-01-28_23_13,1289
2025-02-08_20_46,1644
2025-02-25_36_27,1610
2025-01-04_09_46,2452
2025-01-20_02_40,918
2025-02-11_47_06,888
2025-01-12_28_47,2438
2025-01-26_46_09,2976
2025-01-30_40_02,766
2025-01-09_21_02,792
2025-02-16_25_23,2678
2025-02-10_28_47,1732
2025-02-05_21_02,815
2025-01-02_45_42,1646
2025-02-13_47_30,1887
2025-01-02_22_36,1233
2025-02-12_46_20,1305
2025-01-05_27_36,1634
2025-01-29_26_46,1211
2025-01-01_22_36,1525
2025-02-06_21_02,799
2025-01-22_46_44,1402
2025-02-09_45_42,1696
2025-01-06_02_14,888
2025-02-10_03_47,908
2025-01-11_46_33,3645
2025-02-24_23_13,2088
2025-01-15_47_02,946
2025-02-21_05_45,1013
2025-01-04_26_46,1737
2025-01-06_06_47,864
2025-01-17_05_45,966
2025-02-02_05_47,2041
2025-02-13_09_45,1519
2025-01-22_47_05,1317
2025-01-06_34_45,2901
2025-01-05_46_35,1797
2025-01-27_19_32,2086
2025-02-22_13_23,1820
2025-01-24_47_10,1104
2025-01-01_47_30,1745
2025-02-25_45_39,1231
2025-02-02_47_02,1178
2025-02-16_20_46,2215
2025-01-18_30_02,1067
2025-01-10_30_02,958
2025-02-03_05_47,1552
2025-02-27_45_34,1834
2025-02-24_47_28,1777
2025-01-29_09_45,1477
2025-01-04_47_30,1872
2025-01-01_35_46,4694
2025-01-24_30_02,958
2025-01-26_35_46,4038
2025-02-08_46_48,5582
2025-02-06_27_36,1221
2025-01-06_46_33,806
2025-02-21_46_33,1758
2025-02-11_09_45,1595
2025-01-18_19_30,1796
2025-02-26_36_07,878
2025-01-08_02_24,781
2025-02-28_46_26,1826
2025-01-24_46_20,1733
2025-01-30_02_16,888
2025-01-17_20_46,2222
2025-01-04_36_07,925
2025-02-26_09_45,1605
2025-02-14_46_18,2073
2025-02-14_46_20,1871
2025-01-30_46_48,5068
2025-01-04_48_46,4851
2025-02-07_36_22,1837
2025-02-07_04_29,887
2025-02-28_45_47,4765
2025-01-26_30_02,1188
2025-01-31_46_15,2528
2025-02-25_39_45,1387
2025-01-02_03_45,887
2025-01-14_45_48,1958
2025-02-28_02_30,1331
2025-01-11_43_47,2467
2025-02-10_47_03,942
2025-02-07_44_46,1848
2025-01-28_48_45,1369
2025-02-22_02_40,1052
2025-02-25_30_14,1750
2025-01-26_45_44,1456
2025-01-28_47_10,896
2025-02-09_44_46,4627
2025-02-27_05_45,896
2025-01-04_06_47,932
2025-01-29_25_23,1284
2025-02-18_19_32,1821
2025-01-23_45_46,4244
2025-01-29_36_22,1136
2025-02-12_26_46,1290
2025-01-16_13_23,1329
2025-02-03_02_21,975
2025-01-10_46_44,6645
2025-02-16_45_03,1116
2025-02-14_46_33,2045
2025-02-04_23_25,1585
2025-01-28_22_36,996
2025-01-24_46_45,3852
2025-01-30_17_23,1058
2025-02-06_47_45,3375
2025-01-01_01_02,821
2025-02-13_07_36,895
2025-02-13_46_20,1337
2025-01-06_01_02,804
2025-01-04_23_25,1713
2025-02-23_45_28,2032
2025-02-11_05_45,887
2025-02-28_36_07,962
2025-02-21_15_46,872
2025-02-21_22_36,1394
2025-01-06_19_30,1381
2025-01-30_45_05,923
2025-02-01_26_46,1796
2025-01-14_02_19,783
2025-01-23_43_47,1648
2025-01-03_44_46,1500
2025-02-10_46_47,1497
2025-02-20_02_01,903
2025-01-29_16_02,874
2025-02-17_47_05,1691
2025-02-01_36_41,3628
2025-02-09_28_45,3331
2025-02-12_47_46,1537
2025-01-23_04_29,795
2025-01-31_36_37,3234
2025-01-04_39_45,1930
2025-02-03_14_30,1807
2025-02-09_02_14,1114
2025-01-12_45_47,3451
2025-01-11_47_06,963
2025-02-14_45_09,1647
2025-01-21_11_36,1155
2025-02-09_46_45,5240
2025-01-06_27_36,1268
2025-01-26_32_19,2214
2025-01-25_47_30,1782
2025-02-25_14_30,1320
2025-02-24_45_44,882
2025-02-03_45_05,1002
2025-01-23_01_02,803
2025-01-07_47_10,1634
2025-01-23_47_30,1574
2025-01-13_46_47,1717
2025-02-26_45_44,1148
2025-01-07_39_45,1198
2025-01-21_47_03,871
2025-01-23_36_22,1070
2025-01-14_44_46,2342
2025-01-28_44_45,942
2025-02-19_46_44,1530
2025-02-03_47_10,851
2025-02-24_36_11,2339
2025-01-14_07_36,852
2025-02-19_46_20,1364
2025-01-11_45_03,962
2025-02-16_43_47,3170
2025-02-02_08_47,1210
2025-02-10_36_27,1682
2025-01-16_36_12,1616
2025-01-20_45_47,2953
2025-02-09_34_45,3433
2025-02-16_45_28,2139
2025-01-25_46_47,1301
2025-02-01_02_30,1511
2025-02-10_47_46,1633
2025-01-28_25_23,1582
2025-01-10_45_03,941
2025-01-17_45_39,2050
2025-01-02_19_30,1451
2025-01-01_47_06,893
2025-01-25_25_23,3196
2025-01-28_09_46,2338
2025-02-26_46_15,1455
2025-02-06_03_45,913
2025-02-16_15_46,2249
2025-01-08_37_36,285
2025-01-06_08_47,886
2025-01-30_48_46,2139
2025-01-14_46_33,1567
2025-01-03_23_25,2086
2025-01-27_45_47,2617
2025-01-25_45_42,1608
2025-02-02_41_36,3163
2025-01-23_27_36,991
2025-01-30_39_45,1095
2025-01-10_42_45,1192
2025-02-18_45_47,3163
2025-01-26_34_45,3623
2025-02-21_31_02,1005
2025-01-29_28_45,1199
2025-01-15_02_16,881
2025-02-18_02_19,848
2025-02-22_15_46,1011
2025-02-12_36_07,878
2025-02-06_46_33,1185
2025-01-11_28_45,1871
2025-02-02_06_47,1128
2025-02-02_07_36,1087
2025-01-12_37_36,308
2025-01-30_19_30,1480
2025-01-25_47_10,942
2025-02-06_02_30,1028
2025-01-08_46_09,2497
2025-02-18_21_02,791
2025-02-02_09_45,2069
2025-01-04_46_09,2461
2025-02-23_44_45,2416
2025-01-27_03_45,910
2025-02-06_47_10,1226
2025-02-04_19_02,895
2025-01-27_44_45,1065
2025-01-14_36_27,1137
2025-01-15_08_47,870
2025-01-28_46_20,1417
2025-02-21_08_47,970
2025-02-10_36_22,1126
2025-01-08_36_11,1192
2025-01-05_08_47,1121
2025-02-15_46_20,1766
2025-01-03_45_48,1593
2025-02-14_47_30,1886
2025-01-19_38_36,1355
2025-01-16_47_06,876
2025-02-03_46_45,4573
2025-01-16_44_45,1927
2025-02-10_25_23,1959
2025-02-19_22_36,1023
2025-01-05_44_45,2083
2025-01-04_18_46,2254
2025-01-18_36_41,3232
2025-02-27_16_02,860
2025-01-15_14_30,1313
2025-02-18_30_14,1607
2025-02-16_23_25,1501
2025-01-16_16_02,837
2025-01-25_09_46,2452
2025-02-14_36_22,1803
2025-02-23_03_45,1099
2025-01-28_28_47,1395
2025-01-04_43_47,1713
2025-01-06_46_20,1161
2025-02-24_02_30,1355
2025-02-25_47_03,895
2025-02-01_02_01,980
2025-01-22_15_46,1271
2025-01-15_47_08,787
2025-02-16_02_31,1050
2025-02-14_19_30,1710
2025-01-21_04_29,791
2025-01-03_34_45,3217
2025-02-22_36_12,2038
2025-02-26_47_30,1468
2025-01-15_34_45,2045
2025-02-11_40_02,895
2025-02-22_02_16,991
2025-01-21_45_28,1437
2025-01-31_02_19,892
2025-02-27_02_21,945
2025-02-20_46_20,1565
2025-01-08_02_47,961
2025-02-18_34_45,1790
2025-01-17_16_02,899
2025-01-11_02_30,1364
2025-01-23_36_11,1486
2025-01-11_32_19,1850
2025-01-28_47_06,867
2025-02-07_45_03,992
2025-01-31_40_02,880
2025-01-25_45_28,3108
2025-01-11_23_25,1710
2025-01-05_05_45,1026
2025-01-18_45_03,962
2025-02-08_03_47,990
2025-01-31_23_25,1885
2025-01-29_19_30,1230
2025-01-08_02_16,881
2025-01-01_47_03,905
2025-01-18_17_23,1121
2025-02-24_45_47,3293
2025-02-23_45_05,1173
2025-01-29_27_36,1021
2025-02-21_02_21,1055
2025-01-22_36_12,1389
2025-01-19_46_33,1340
2025-01-31_02_40,867
2025-02-21_04_29,887
2025-01-10_20_46,1386
2025-02-23_15_46,2260
2025-01-08_46_18,2079
2025-02-27_36_22,1158
2025-01-14_26_46,1692
2025-01-28_28_45,1622
2025-01-26_09_46,2803
2025-02-12_47_28,2107
2025-01-17_36_27,1365
2025-01-10_32_19,1992
2025-02-09_45_44,1432
2025-02-23_36_11,2651
2025-01-13_32_19,1907
2025-02-11_07_36,874
2025-01-10_04_29,859
2025-01-23_46_35,1550
2025-01-25_03_47,933
2025-01-25_45_39,2075
2025-02-25_45_46,3241
2025-02-17_02_31,894
2025-02-18_47_02,940
2025-01-11_46_18,4043
2025-01-13_47_06,891
2025-01-31_03_47,911
2025-02-11_13_23,1413
2025-01-09_46_33,2018
2025-02-09_46_44,2973
2025-02-04_45_47,3149
2025-02-18_23_25,1196
2025-01-26_46_15,1098
2025-01-28_06_47,847
2025-02-06_36_22,1427
2025-01-01_45_42,1924
2025-01-02_14_30,1395
2025-01-30_02_14,873
2025-02-15_47_08,928
2025-02-06_02_40,864
2025-01-31_47_08,869
2025-01-01_46_47,1579
2025-02-15_02_16,991
2025-02-13_45_46,4041
2025-01-18_47_02,1048
2025-01-01_45_48,1727
2025-02-03_08_47,934
2025-02-10_30_02,1086
2025-02-21_35_46,1802
2025-02-12_40_02,909
2025-01-06_31_02,912
2025-01-28_45_05,921
2025-01-03_39_45,1884
2025-02-26_30_14,1477
2025-02-08_46_20,2605
2025-02-12_35_46,1680
2025-02-05_09_46,2302
2025-01-15_45_42,1286
2025-02-20_31_02,878
2025-01-17_36_22,1263
2025-01-02_46_35,1574
2025-01-10_07_36,934
2025-02-07_02_47,1056
2025-02-04_33_46,967
2025-01-03_40_02,880
2025-01-07_46_26,986
2025-02-06_18_46,1249
2025-02-19_47_02,965
2025-02-17_46_09,2493
2025-02-05_20_46,1167
2025-02-21_18_46,1592
2025-01-30_42_45,1117
2025-01-27_06_47,864
2025-02-22_47_28,2492
2025-02-26_12_36,1608
2025-02-20_30_02,835
2025-01-01_46_33,1401
2025-01-06_45_03,895
2025-02-05_47_06,917
2025-01-06_02_19,842
2025-01-13_48_45,1983
2025-01-15_46_33,1948
2025-02-17_02_24,782
2025-01-19_12_36,2973
2025-02-25_45_34,2200
2025-02-06_34_45,1292
2025-02-05_47_10,1071
2025-02-18_36_11,2841
2025-02-28_04_29,887
2025-01-09_47_02,930
2025-01-23_09_45,1391
2025-01-22_33_46,825
2025-02-28_47_30,1791
2025-02-22_02_30,1511
2025-01-26_47_45,4380
2025-02-20_36_37,4192
2025-01-18_47_05,1582
2025-01-22_46_33,839
2025-01-29_03_45,920
2025-01-12_42_45,2043
2025-02-26_45_34,1473
2025-02-22_47_05,1746
2025-02-22_44_46,1805
2025-02-24_36_07,902
2025-02-18_39_45,1516
2025-01-13_45_44,1430
2025-01-04_02_40,915
2025-02-24_27_36,1613
2025-02-03_02_47,1007
2025-01-19_19_02,1116
2025-01-06_39_45,1907
2025-02-27_30_14,1401
2025-02-05_19_32,1768
2025-01-03_45_34,2660
2025-02-09_47_05,2063
2025-01-06_03_45,910
2025-02-23_27_36,2035
2025-01-18_46_26,1918
2025-01-05_46_45,4960
2025-02-06_46_45,2930
2025-02-09_47_03,1099
2025-02-11_19_02,895
2025-02-03_47_43,1744
2025-01-31_31_02,952
2025-01-22_45_48,1409
2025-01-10_36_12,2166
2025-02-25_43_47,1545
2025-01-07_23_25,1433
2025-01-31_35_46,1927
2025-02-17_36_12,1653
2025-01-04_45_39,1468
2025-01-24_45_48,2252
2025-01-16_45_34,2088
2025-02-07_48_46,3750
2025-01-29_02_14,890
2025-02-03_44_46,3743
2025-01-19_39_45,3106
2025-01-11_45_39,2545
2025-01-14_02_14,863
2025-01-17_42_45,1465
2025-01-19_45_34,1582
2025-01-02_06_47,856
2025-01-29_45_42,1421
2025-02-28_02_47,1056
2025-01-12_02_14,1041
2025-01-23_19_30,1240
2025-01-19_47_08,989
2025-01-16_46_44,2286
2025-02-04_06_47,860
2025-02-16_02_21,1120
2025-01-15_20_46,2779
2025-02-14_28_47,1794
2025-02-06_36_11,2602
2025-01-02_28_45,1409
2025-02-08_23_13,1711
2025-02-26_47_06,917
2025-01-10_12_36,1879
2025-02-13_36_22,1460
2025-02-24_02_47,1007
2025-01-05_02_31,940
2025-01-27_17_23,2665
2025-01-10_47_46,3263
2025-02-24_05_45,953
2025-02-15_40_02,1094
2025-02-10_17_23,1541
2025-01-15_43_47,3861
2025-01-03_14_30,1549
2025-02-02_34_45,3326
2025-01-31_09_45,1573
2025-02-26_36_37,1855
2025-02-08_48_46,3699
2025-01-11_18_46,1600
2025-02-21_45_05,1060
2025-01-20_45_09,1614
2025-02-09_01_02,977
2025-01-01_20_46,2979
2025-01-17_46_18,2010
2025-01-12_33_46,1315
2025-02-27_03_47,883
2025-02-09_09_46,2724
2025-02-07_45_44,1912
2025-02-11_46_35,1327
2025-01-07_20_46,949
2025-01-18_13_23,1749
2025-01-25_21_02,873
2025-01-11_47_10,2871
2025-01-07_21_02,787
2025-02-27_01_02,809
2025-02-13_35_46,1518
2025-02-09_46_47,1983
2025-02-16_13_23,2401
2025-02-27_34_45,1266
2025-01-01_27_36,1261
2025-02-20_46_15,1555
2025-01-24_46_33,1934
2025-01-16_20_46,2741
2025-02-16_46_15,1238
2025-02-19_02_30,1070
2025-01-31_05_45,966
2025-01-31_19_30,1758
2025-01-22_25_23,2159
2025-01-20_02_14,888
2025-02-23_09_46,2724
2025-02-03_28_45,1870
2025-01-19_36_11,1385
2025-01-24_09_45,1573
2025-02-15_47_45,3943
2025-01-12_16_02,1092
2025-02-10_08_47,934
2025-02-08_45_47,3685
2025-02-07_02_24,856
2025-01-30_05_45,876
2025-01-03_46_35,1972
2025-01-22_36_22,1070
2025-02-19_45_46,3115
2025-02-05_43_47,1491
2025-02-08_19_30,1603
2025-01-16_15_46,2784
2025-01-26_05_45,1026
2025-01-31_13_23,1683
2025-02-23_22_36,1819
2025-02-03_45_47,3420
2025-02-06_19_02,895
2025-02-22_45_44,1508
2025-02-02_44_46,5589
2025-01-06_18_46,1352
2025-02-20_45_09,1445
2025-02-15_06_47,975
2025-02-25_46_35,1532
2025-02-21_34_45,2080
2025-01-05_11_36,2328
2025-02-26_47_03,931
2025-01-07_36_22,1172
2025-02-10_36_11,2583
2025-01-11_17_23,1088
2025-01-31_46_47,2042
2025-02-11_11_36,1843
2025-02-08_47_02,1094
2025-01-30_47_46,1493
2025-02-03_03_47,908
2025-02-22_02_19,995
2025-01-22_45_47,3231
2025-02-01_48_45,1790
2025-01-01_18_46,3275
2025-02-07_02_31,964
2025-01-21_39_45,1315
2025-02-02_30_14,1473
2025-01-10_11_36,1738
2025-02-11_47_28,1965
2025-02-20_02_31,833
2025-01-11_30_02,1067
2025-01-24_44_45,977
2025-02-27_46_15,1620
2025-01-24_19_30,1461
2025-01-18_19_02,1049
2025-01-15_15_46,2585
2025-01-15_11_36,1229
2025-02-23_48_46,6139
2025-01-24_44_46,1252
2025-01-18_44_46,3892
2025-01-15_19_32,1806
2025-01-31_07_36,934
2025-01-10_36_11,1809
2025-02-08_36_07,979
2025-01-22_03_45,920
2025-02-03_26_46,1605
2025-01-31_28_47,1639
2025-02-16_47_10,1281
2025-02-09_02_01,1158
2025-01-31_45_03,941
2025-02-08_02_31,971
2025-02-27_02_31,833
2025-02-11_28_47,2013
2025-01-08_45_03,897
2025-02-09_02_24,938
2025-01-25_14_30,1562
2025-01-25_23_13,1686
2025-01-20_36_22,1098
2025-02-03_46_15,1133
2025-01-05_28_45,3692
2025-01-21_45_39,1123
2025-02-05_48_46,2994
2025-02-11_21_02,791
2025-01-06_47_45,3782
2025-02-13_05_45,896
2025-01-16_45_09,1315
2025-02-27_39_45,1135
2025-01-24_46_44,2454
2025-01-09_44_45,900
2025-01-10_23_25,2014
2025-01-23_02_40,754
2025-02-06_47_03,909
2025-01-20_41_36,3017
2025-01-31_02_31,868
2025-01-19_43_47,5195
2025-01-03_43_47,1519
2025-02-18_07_36,874
2025-02-04_36_27,1601
2025-01-29_03_47,870
2025-02-17_46_20,1017
2025-01-28_21_02,787
2025-02-05_11_36,1764
2025-01-11_47_02,1048
2025-02-01_45_42,2125
2025-02-21_05_47,1466
2025-02-27_36_41,3298
2025-02-20_19_30,1593
2025-01-04_15_46,2000
2025-02-23_25_23,1984
2025-02-24_05_47,1552
2025-01-08_07_36,878
2025-02-16_19_32,2951
2025-01-19_42_45,2651
2025-01-11_14_30,1527
2025-01-18_02_47,1018
2025-02-27_48_46,5647
2025-01-28_35_46,1301
2025-01-11_06_47,932
2025-02-03_31_02,956
2025-01-16_14_30,1041
2025-02-04_42_45,1551
2025-01-06_19_02,964
2025-01-18_28_47,2793
2025-02-06_47_30,1967
2025-02-03_45_28,1919
2025-02-08_47_08,928
2025-02-10_09_45,1836
2025-01-12_20_46,1667
2025-02-13_23_13,1477
2025-01-06_45_44,945
2025-01-14_36_41,3375
2025-01-02_12_36,1657
2025-02-18_09_45,1595
2025-01-15_46_48,3352
2025-02-23_47_03,1099
2025-01-12_45_09,1847
2025-01-17_37_36,261
2025-01-08_47_45,3166
2025-01-24_45_42,2790
2025-01-22_47_03,905
2025-01-16_46_48,3585
2025-02-06_47_02,949
2025-02-18_41_36,2269
2025-02-15_12_36,2032
2025-01-14_47_06,867
2025-02-07_37_36,2376
2025-01-05_46_26,1498
2025-02-20_48_45,1291
2025-02-28_45_46,5405
2025-01-09_36_12,1414
2025-01-15_19_02,931
2025-02-21_02_14,989
2025-01-10_23_13,1455
2025-02-11_46_20,1107
2025-02-01_37_36,1237
2025-01-23_33_46,740
2025-01-28_46_18,1277
2025-02-25_02_14,884
2025-01-11_09_46,2452
2025-01-31_02_47,1038
2025-01-27_45_28,1410
2025-01-19_37_36,627
2025-02-10_46_09,2493
2025-02-12_48_45,1239
2025-01-15_45_39,1341
2025-01-01_46_45,5564
2025-01-31_37_36,478
2025-01-08_36_07,851
2025-01-18_21_02,873
2025-01-02_47_02,930
2025-02-02_46_48,5007
2025-01-26_36_22,1436
2025-01-27_21_02,793
2025-02-04_47_45,3162
2025-01-04_30_14,1409
2025-02-20_40_02,882
2025-01-27_45_42,1081
2025-02-18_45_46,3186
2025-01-16_02_01,873
2025-01-06_07_36,881
2025-01-14_13_23,1380
2025-01-07_01_02,800
2025-02-06_16_02,860
2025-02-01_03_47,990
2025-02-13_47_28,2640
2025-02-03_46_44,1455
2025-01-25_47_28,2128
2025-02-28_23_25,2506
2025-02-10_45_39,1005
2025-01-27_36_07,855
2025-02-05_02_19,891
2025-01-19_47_43,2218
2025-01-22_31_02,877
2025-02-25_08_47,868
2025-01-24_30_14,2586
2025-02-18_46_47,1320
2025-02-07_46_26,1952
2025-02-03_23_25,1428
2025-02-28_11_36,2462
2025-02-23_36_22,1404
2025-01-09_02_24,763
2025-01-08_03_45,920
2025-02-07_34_45,1683
2025-01-09_02_01,873
2025-02-14_16_02,949
2025-01-16_12_36,1492
2025-02-16_45_48,1601
2025-02-13_47_43,3163
2025-01-09_46_47,1707
2025-02-11_30_14,1391
2025-02-28_32_19,1920
2025-02-16_36_07,1057
2025-01-12_45_39,1855
2025-01-19_02_19,964
2025-01-30_21_02,792
2025-01-19_28_47,3300
2025-02-08_44_46,1879
2025-02-28_05_45,1013
2025-02-21_36_41,3956
2025-01-05_22_36,1528
2025-02-13_45_09,1445
2025-02-21_02_47,1056
2025-01-08_44_45,841
2025-02-18_44_45,1124
2025-01-26_02_19,964
2025-01-10_45_09,1496
2025-01-02_45_34,2129
2025-02-23_42_45,2988
2025-01-03_45_09,1496
2025-02-06_25_23,1104
2025-01-29_18_46,1404
2025-01-16_02_24,763
2025-01-04_36_12,2064
2025-01-05_44_46,3544
2025-02-03_45_09,1747
2025-01-25_46_33,1422
2025-01-27_36_11,1312
2025-01-15_27_36,1115
2025-02-06_03_47,883
2025-02-23_08_47,1210
2025-01-05_36_12,1791
2025-01-02_02_01,873
2025-01-29_05_45,890
2025-02-15_11_36,2540
2025-02-25_19_32,1761
2025-02-05_41_36,2799
2025-01-01_02_21,927
2025-01-22_44_46,1607
2025-01-28_09_45,1464
2025-01-24_07_36,934
2025-01-22_44_45,1027
2025-01-25_45_47,2920
2025-01-31_45_28,3868
2025-01-13_28_45,1794
2025-01-11_38_36,1018
2025-02-25_48_46,2921
2025-02-26_46_09,2422
2025-01-22_47_10,816
2025-01-27_08_47,886
2025-01-30_36_22,1140
2025-02-12_02_19,891
2025-01-14_06_47,847
2025-02-07_47_43,3371
2025-02-17_05_45,953
2025-01-03_47_05,1521
2025-02-03_19_02,974
2025-01-20_34_45,1901
2025-01-01_37_36,129
2025-01-22_16_02,874
2025-01-12_46_15,2257
2025-02-15_46_48,4345
2025-01-15_05_45,890
2025-01-30_47_06,876
2025-02-13_02_19,857
2025-01-10_45_42,2341
2025-01-15_07_36,878
2025-01-25_37_36,483
2025-01-07_11_36,1397
2025-01-24_46_09,2510
2025-01-08_45_34,1519
2025-02-05_47_28,2062
2025-01-08_36_37,294
2025-01-09_11_36,1172
2025-02-17_44_45,1704
2025-02-28_19_02,1023
2025-01-15_36_07,851
2025-02-08_36_27,1729
2025-01-24_34_45,1677
2025-01-28_26_46,1086
2025-02-28_36_41,3260
2025-02-15_04_29,895
2025-01-12_45_03,1042
2025-02-11_09_46,2304
2025-01-09_46_26,1626
2025-01-09_47_03,883
2025-02-19_02_21,959
2025-01-07_36_41,3619
2025-01-29_45_44,1225
2025-02-14_34_45,2050
2025-01-17_02_21,992
2025-02-21_47_10,1772
2025-02-12_47_08,810
2025-02-03_36_12,1122
2025-02-08_47_30,1826
2025-01-07_30_14,1034
2025-02-02_36_41,2903
2025-01-30_04_29,795
2025-01-04_02_14,961
2025-01-22_36_07,851
2025-01-20_02_21,924
2025-01-16_40_02,766
2025-01-02_47_45,4214
2025-02-27_09_45,1519
2025-01-19_02_14,1041
2025-02-23_16_02,1164
2025-01-25_30_02,1067
2025-01-23_20_46,1140
2025-02-13_05_47,1281
2025-01-22_12_36,1311
2025-01-10_47_30,2236
2025-02-05_46_47,1250
2025-02-06_47_46,1591
2025-01-14_25_23,1242
2025-02-18_03_47,858
2025-01-06_17_23,1461
2025-02-07_08_47,970
2025-01-08_36_27,1044
2025-01-28_19_02,909
2025-01-10_17_23,1041
2025-02-12_39_45,1353
2025-02-25_47_02,940
2025-01-13_45_47,3142
2025-02-05_38_36,1162
2025-01-27_48_45,1591
2025-02-16_39_45,3809
2025-02-19_47_08,810
2025-02-05_46_09,2422
2025-01-01_23_25,1834
2025-02-20_42_45,1308
2025-01-10_30_14,1871
2025-02-22_04_29,895
2025-02-17_09_46,2518
2025-02-01_47_03,1020
2025-01-28_36_07,827
2025-01-20_47_10,998
2025-01-26_23_25,1860
2025-01-20_42_45,1893
2025-02-03_47_08,794
2025-01-25_34_45,1512
2025-01-16_47_43,1793
2025-01-18_09_46,2452
2025-02-20_27_36,1563
2025-01-08_47_05,1317
2025-02-12_36_41,3199
2025-01-05_47_43,2554
2025-02-01_35_46,2467
2025-01-23_14_30,1263
2025-02-20_02_47,928
2025-02-04_02_19,848
2025-02-22_02_01,980
2025-01-04_02_19,899
2025-01-13_45_28,3208
2025-02-19_14_30,1411
2025-01-17_46_45,2673
2025-02-01_02_24,863
2025-01-23_26_46,1264
2025-01-09_38_36,801
2025-02-16_22_36,1922
2025-02-27_23_13,1360
2025-02-23_13_23,2460
2025-02-20_36_41,3200
2025-01-28_02_19,783
2025-02-23_02_47,1130
2025-02-28_13_23,1793
2025-02-18_26_46,1319
2025-01-11_19_30,1544
2025-01-22_02_01,890
2025-02-17_06_47,900
2025-01-21_16_02,898
2025-02-18_47_10,1000
2025-01-07_30_02,726
2025-02-06_35_46,1422
2025-02-16_48_45,2869
2025-01-12_26_46,1860
2025-02-03_46_26,1659
2025-01-07_03_45,886
2025-01-24_14_30,1507
2025-02-12_45_46,2919
2025-01-18_45_46,4479
2025-02-06_46_35,1722
2025-01-24_03_47,911
2025-01-12_45_46,4804
2025-01-04_45_44,1294
2025-01-18_18_46,3355
2025-02-23_19_30,2377
2025-02-27_47_30,1375
2025-01-24_06_47,908
2025-02-14_03_47,968
2025-01-25_45_44,1250
2025-01-04_32_19,1926
2025-02-17_47_03,942
2025-01-02_04_29,795
2025-01-28_16_02,898
2025-01-16_30_02,712
2025-01-05_15_46,2558
2025-01-23_45_05,923
2025-01-31_47_02,1020
2025-02-17_22_36,1231
2025-02-06_36_27,1624
2025-02-08_15_46,1624
2025-02-19_23_25,1633
2025-02-28_30_14,2510
2025-02-18_43_47,1519
2025-02-15_36_27,1838
2025-02-03_02_14,931
2025-02-07_22_36,1704
2025-02-03_48_45,2684
2025-01-09_45_03,880
2025-01-26_05_47,1883
2025-01-10_47_28,4153
2025-02-27_46_48,4785
2025-01-11_04_29,867
2025-02-28_47_10,1653
2025-01-25_22_36,1185
2025-02-27_36_07,865
2025-02-24_36_22,1335
2025-01-10_02_47,1038
2025-02-06_23_25,1956
2025-02-23_43_47,3220
2025-01-24_03_45,937
2025-01-06_45_39,920
2025-02-12_18_46,1875
2025-01-30_45_34,1629
2025-02-25_42_45,1331
2025-02-16_07_36,1087
2025-01-08_16_02,874
2025-01-03_11_36,1397
2025-01-23_46_45,2741
2025-01-17_36_11,2084
2025-01-01_47_10,1247
2025-02-22_16_02,968
2025-02-25_36_41,2710
2025-01-06_45_47,3226
2025-01-18_37_36,341
2025-02-21_46_26,1875
2025-01-14_48_46,4587
2025-01-07_45_09,1375
2025-01-16_47_30,1600
2025-02-15_02_14,1012
2025-02-17_19_32,2158
2025-01-23_35_46,1287
2025-01-15_09_46,2375
2025-02-27_02_16,914
2025-02-26_45_42,1459
2025-01-05_19_02,1116
2025-02-04_47_02,940
2025-02-24_23_25,1976
2025-02-02_36_27,1476
2025-01-29_36_41,2918
2025-02-26_47_43,1733
2025-02-25_47_06,888
2025-01-13_23_13,1297
2025-01-10_01_02,866
2025-02-21_47_28,3154
2025-02-14_45_46,5132
2025-02-24_40_02,1074
2025-01-21_19_30,1257
2025-01-23_21_02,792
2025-01-08_21_02,809
2025-01-23_47_06,876
2025-01-28_03_45,886
2025-02-27_33_46,770
2025-01-25_36_11,1956
2025-01-31_48_46,3933
2025-01-31_44_45,1252
2025-01-18_46_45,3202
2025-01-07_36_12,1289
2025-02-11_47_10,979
2025-01-18_34_45,1769
2025-02-04_14_30,1362
2025-02-17_36_27,1348
2025-01-27_48_46,3710
2025-02-09_02_40,1192
2025-02-13_46_48,3726
2025-01-31_46_20,2349
2025-01-06_45_28,1504
2025-02-19_46_47,1432
2025-02-28_28_45,1410
2025-01-02_18_46,2151
2025-01-31_45_42,2596
2025-02-20_13_23,1333
2025-01-26_46_48,3316
2025-01-27_19_30,1607
2025-02-15_36_11,2749
2025-02-12_44_46,1650
2025-02-18_14_30,1456
2025-01-15_45_03,897
2025-02-19_11_36,2123
2025-02-09_44_45,1915
2025-02-01_21_02,906
2025-02-20_36_27,1605
2025-01-15_36_12,1462
2025-02-11_45_03,891
2025-01-25_02_40,915
2025-01-17_47_45,3463
2025-02-27_31_02,878
2025-02-11_30_02,852
2025-01-07_44_45,1006
2025-01-16_21_02,792
2025-01-09_03_47,852
2025-02-01_47_02,1094
2025-02-24_45_42,1336
2025-01-13_20_46,1452
2025-01-06_45_42,1115
2025-01-31_36_41,4106
2025-02-18_45_09,1505
2025-02-07_45_42,2723
2025-02-27_46_26,1563
2025-01-12_47_30,1564
2025-02-11_02_24,763
2025-01-01_43_47,2151
2025-02-11_23_13,1324
2025-01-04_47_02,1048
2025-02-17_48_46,4073
2025-01-26_36_07,980
2025-01-20_32_19,2007
2025-02-18_15_46,1123
2025-01-05_19_32,2385
2025-01-18_14_30,1565
2025-01-05_33_46,2398
2025-02-22_36_37,3598
2025-02-04_36_41,3211
2025-02-16_45_44,1334
2025-01-12_45_28,3428
2025-02-05_02_30,1070
2025-01-30_23_13,1161
2025-01-02_36_22,1114
2025-02-26_45_28,2398
2025-02-12_27_36,1733
2025-02-08_04_29,895
2025-01-25_32_19,1900
2025-01-06_02_30,1222
2025-01-02_41_36,4283
2025-01-30_46_44,2653
2025-01-19_45_09,1847
2025-02-27_02_01,903
2025-01-08_03_47,870
2025-01-21_15_46,1899
2025-02-27_13_23,1450
2025-02-28_47_06,992
2025-02-19_32_19,1662
2025-01-09_18_46,1072
2025-01-21_36_41,3093
2025-02-14_01_02,894
2025-01-18_43_47,5048
2025-02-24_46_26,1282
2025-01-21_46_18,1320
2025-01-11_33_46,2031
2025-02-02_46_35,2088
2025-01-07_13_23,1385
2025-01-10_08_47,915
2025-01-03_02_31,868
2025-01-24_35_46,1287
2025-01-09_47_43,4517
2025-02-07_42_45,1669
2025-02-21_45_28,4500
2025-01-21_44_45,1292
2025-01-08_47_46,1717
2025-02-15_36_37,4684
2025-02-01_42_45,1463
2025-01-14_36_22,1100
2025-01-30_22_36,1014
2025-01-07_33_46,610
2025-02-18_45_28,2219
2025-02-06_47_43,2848
2025-02-15_47_06,1014
2025-01-20_28_47,2312
2025-02-20_46_09,2303
2025-02-10_42_45,1671
2025-02-02_37_36,2833
2025-02-11_03_47,858
2025-01-18_47_45,3882
2025-01-12_27_36,1202
2025-02-15_44_46,1758
2025-01-17_41_36,3223
2025-02-13_04_29,802
2025-02-05_36_11,2475
2025-01-14_30_02,726
2025-02-19_47_43,2328
2025-01-14_46_44,3628
2025-01-25_11_36,1651
2025-02-25_02_19,848
2025-01-12_40_02,1119
2025-02-22_47_08,928
2025-01-27_45_05,964
2025-01-12_25_23,2542
2025-02-18_47_03,895
2025-01-03_22_36,1325
2025-01-15_22_36,1076
2025-01-09_04_29,795
2025-02-11_02_31,824
2025-02-22_43_47,1911
2025-02-26_45_46,3449
2025-01-27_46_20,1008
2025-01-13_46_48,7195
2025-01-27_31_02,912
2025-01-05_45_46,4528
2025-01-22_45_09,1381
2025-01-07_03_47,831
2025-02-07_48_45,1585
2025-01-01_36_07,851
2025-01-05_42_45,3139
2025-01-17_04_29,859
2025-01-08_28_47,1473
2025-02-07_46_44,4423
2025-01-20_03_45,910
2025-02-12_47_43,2280
2025-02-20_36_07,865
2025-01-30_27_36,1077
2025-01-06_40_02,945
2025-01-15_37_36,361
2025-02-28_19_32,2248
2025-02-04_03_45,910
2025-02-19_01_02,827
2025-02-17_04_29,826
2025-01-14_18_46,1959
2025-01-03_38_36,894
2025-02-28_09_45,1723
2025-02-02_36_37,3217
2025-01-21_41_36,2649
2025-01-02_26_46,2012
2025-02-20_38_36,1140
2025-01-01_46_35,2047
2025-02-22_45_28,3188
2025-02-05_45_09,1511
2025-01-01_02_14,890
2025-01-25_47_45,3400
2025-02-17_36_22,1320
2025-01-20_15_46,1908
2025-01-06_02_31,818
2025-02-19_02_31,867
2025-01-28_20_46,1296
2025-02-18_48_45,1558
2025-01-24_47_05,1521
2025-01-17_45_44,1628
2025-02-03_22_36,1653
2025-01-24_47_30,1846
2025-01-06_46_09,2507
2025-01-02_45_28,1551
2025-02-24_02_01,939
2025-01-24_46_47,1568
2025-02-28_44_46,1886
2025-01-29_33_46,915
2025-02-10_12_36,3283
2025-02-14_19_32,2375
2025-02-15_02_31,971
2025-01-30_19_02,906
2025-01-25_13_23,1767
2025-01-11_27_36,1301
2025-01-31_02_24,828
2025-01-21_02_24,760
2025-02-13_47_08,799
2025-02-22_35_46,1621
2025-01-31_02_16,951
2025-01-12_45_34,1942
2025-01-27_15_46,1349
2025-01-28_38_36,981
2025-02-17_01_02,830
2025-02-24_46_33,1007
2025-02-13_44_45,924
2025-01-09_46_09,2389
2025-02-09_36_27,1598
2025-01-05_45_05,1105
2025-02-23_46_44,2186
2025-01-12_08_47,1121
2025-02-16_09_46,2724
2025-01-04_46_47,1510
2025-02-20_25_23,1174
2025-02-01_12_36,1946
2025-01-10_16_02,899
2025-01-27_47_30,1423
2025-01-27_28_47,1771
2025-01-29_28_47,1476
2025-01-19_46_35,2205
2025-01-02_08_47,852
2025-02-04_36_12,1153
2025-01-07_25_23,1220
2025-02-03_39_45,2298
2025-01-18_07_36,944
2025-01-31_11_36,1645
2025-02-10_45_09,1747
2025-01-22_34_45,1600
2025-02-05_02_31,867
2025-01-26_47_06,1050
2025-01-13_02_47,997
2025-02-10_43_47,2127
2025-01-07_45_05,921
2025-02-02_46_09,2922
2025-01-03_47_02,1020
2025-01-27_47_28,1559
2025-01-16_45_28,2140
2025-01-24_45_44,1591
2025-02-05_13_23,1382
2025-02-05_45_44,1037
2025-01-30_36_37,1984
2025-02-24_46_20,1397
2025-02-01_09_46,2356
2025-01-13_01_02,804
2025-01-17_23_25,1974
2025-02-20_48_46,2153
2025-02-18_47_46,1351
2025-02-14_45_42,2616
2025-01-19_35_46,7494
2025-02-23_33_46,2363
2025-02-01_04_29,895
2025-01-20_46_35,1806
2025-01-25_45_09,1530
2025-02-10_07_36,925
2025-02-19_47_05,1468
2025-01-05_36_41,3297
2025-02-04_45_46,3487
2025-01-29_04_29,813
2025-02-12_02_30,1070
2025-02-11_05_47,1308
2025-02-25_36_37,3014
2025-01-18_32_19,2054
2025-01-26_47_43,1921
2025-02-07_46_35,3856
2025-01-15_04_29,813
2025-01-12_45_05,1105
2025-02-27_28_45,1475
2025-02-09_46_18,2400
2025-02-19_36_11,2599
2025-01-26_06_47,1063
2025-01-25_27_36,1430
2025-01-26_19_02,1116
2025-02-06_15_46,1050
2025-01-25_46_09,2461
2025-01-26_43_47,2493
2025-01-20_27_36,1456
2025-01-06_44_45,1479
2025-01-14_36_37,508
2025-01-08_33_46,802
2025-01-02_39_45,2256
2025-01-05_46_47,1891
2025-01-04_34_45,3852
2025-02-02_47_46,2381
2025-01-14_47_10,1490
2025-01-16_41_36,2985
2025-01-20_47_02,973
2025-01-29_02_24,781
2025-01-29_08_47,870
2025-01-09_01_02,803
2025-02-13_36_37,4128
2025-01-07_28_45,1554
2025-01-04_36_11,1584
2025-02-21_47_45,4019
2025-02-24_33_46,1040
2025-02-05_36_07,878
2025-02-23_45_44,1512
2025-02-25_46_33,1143
2025-01-06_46_48,2897
2025-01-13_47_03,897
2025-02-24_14_30,1623
2025-02-24_06_47,900
2025-02-01_45_46,4113
2025-02-28_46_09,2438
2025-01-01_09_46,2375
2025-02-20_36_11,2719
2025-02-06_46_26,1386
2025-02-17_02_21,975
2025-02-20_06_47,872
2025-02-25_46_48,6024
2025-01-06_32_19,2098
2025-01-27_18_46,1392
2025-02-25_47_45,3358
2025-02-06_28_45,1394
2025-01-12_39_45,2746
2025-01-26_47_10,926
2025-02-11_45_28,1898
2025-02-13_40_02,882
2025-02-24_46_35,1608
2025-02-19_46_18,1327
2025-02-09_45_48,1833
2025-01-01_02_40,794
2025-02-23_46_18,1683
2025-01-16_46_15,1500
2025-02-16_46_20,1493
2025-02-22_40_02,1094
2025-02-02_02_21,1120
2025-01-23_45_39,2188
2025-02-26_19_30,1447
2025-01-18_46_09,2461
2025-02-13_46_44,2028
2025-01-16_23_13,1351
2025-02-15_28_47,1795
2025-02-02_48_46,7674
2025-01-07_47_45,2992
2025-01-02_11_36,1337
2025-02-01_45_28,2930
2025-01-26_15_46,2052
2025-02-22_20_46,1304
2025-01-03_27_36,1220
2025-01-18_40_02,951
2025-01-23_47_28,2336
2025-01-01_45_28,2076
2025-01-22_45_46,3045
2025-01-06_35_46,2291
2025-02-03_30_02,1086
2025-01-18_47_10,1101
2025-01-29_45_48,1772
2025-02-15_02_01,980
2025-01-23_45_03,880
2025-02-09_03_47,1157
2025-02-15_34_45,2257
2025-02-25_44_46,1417
2025-02-07_45_46,5161
2025-02-15_47_03,1020
2025-02-09_47_10,1148
2025-02-15_46_47,1761
2025-01-02_02_31,764
2025-02-03_45_34,1342
2025-01-17_02_16,951
2025-02-03_33_46,1718
2025-01-06_33_46,820
2025-01-10_13_23,1835
2025-01-29_23_25,1148
2025-01-03_45_47,3294
2025-02-03_04_29,826
2025-02-23_46_15,1298
2025-02-19_36_12,1517
2025-02-13_02_24,770
2025-02-20_07_36,895
2025-02-16_42_45,2862
2025-01-03_45_39,2511
2025-01-11_46_45,3454
2025-01-22_46_26,1380
2025-01-09_09_46,2300
2025-02-05_26_46,1269
2025-02-05_02_40,904
2025-01-22_47_28,1613
2025-01-06_45_05,964
2025-02-12_36_11,2425
2025-01-19_46_20,1632
2025-02-26_45_09,1511
2025-02-26_08_47,898
2025-01-18_02_21,1001
2025-01-17_45_05,1014
2025-02-14_47_03,1008
2025-01-19_45_46,5730
2025-01-16_47_10,1105
2025-01-14_19_02,909
2025-01-30_02_19,789
2025-01-26_03_45,1023
2025-01-07_28_47,1418
2025-01-05_46_33,1115
2025-01-11_25_23,1991
2025-01-29_31_02,877
2025-01-07_26_46,1212
2025-01-24_46_15,1606
2025-02-04_02_31,824
2025-02-21_46_18,2226
2025-01-24_19_02,1006
2025-01-17_44_46,3426
2025-01-03_07_36,934
2025-01-17_47_06,941
2025-02-18_06_47,860
2025-02-22_27_36,1614
2025-01-30_46_33,1497
2025-01-22_46_35,1478
2025-02-14_02_14,989
2025-01-19_25_23,1758
2025-01-12_02_47,1090
2025-01-17_47_08,869
2025-02-25_34_45,1653
2025-01-20_46_09,2507
2025-01-19_23_25,1686
2025-01-15_30_14,1121
2025-02-05_45_46,3061
2025-02-20_45_48,2419
2025-01-22_45_42,1424
2025-01-28_36_22,1117
2025-02-03_12_36,1950
2025-01-27_45_48,1227
2025-01-02_20_46,2098
2025-02-11_16_02,918
2025-01-29_11_36,1326
2025-02-14_45_48,2679
2025-01-21_19_32,1801
2025-02-20_19_02,895
2025-01-07_02_16,851
2025-01-20_44_46,4257
2025-01-16_37_36,203
2025-02-13_41_36,2703
2025-02-08_47_06,1014
2025-01-28_12_36,1890
2025-02-23_30_02,1353
2025-02-18_45_03,891
2025-02-03_23_13,1507
2025-02-02_27_36,2119
2025-01-17_02_30,1184
2025-01-05_02_19,964
2025-01-04_45_03,962
2025-01-29_47_03,905
2025-01-18_46_35,2027
2025-01-29_14_30,1452
2025-02-28_46_44,4114
2025-02-21_13_23,2083
2025-02-23_46_48,3891
2025-01-15_26_46,1806
2025-01-02_46_45,3707
2025-02-08_22_36,1763
2025-01-17_13_23,1517
2025-01-14_47_28,1865
2025-02-03_45_42,1387
2025-02-09_23_13,1548
2025-01-30_09_46,2300
2025-01-18_45_05,1043
2025-02-15_25_23,1880
2025-02-16_26_46,2039
2025-01-26_28_47,3426
2025-02-21_45_42,2763
2025-01-24_48_46,3170
2025-01-15_30_02,740
2025-02-14_41_36,2855
2025-01-30_47_43,1588
2025-01-12_34_45,2868
2025-02-17_47_30,1594
2025-01-22_46_48,2575
2025-02-23_32_19,2499
2025-01-05_48_45,2366
2025-01-30_44_46,1179
2025-01-12_19_02,1116
2025-02-08_33_46,1100
2025-01-16_05_47,1158
2025-02-09_42_45,2817
2025-01-14_47_08,756
2025-01-29_36_37,1539
2025-02-21_42_45,1405
2025-01-11_02_47,1018
2025-02-06_39_45,1128
2025-02-17_03_45,956
2025-01-31_43_47,1743
2025-01-13_47_02,973
2025-02-14_06_47,952
2025-01-19_45_28,1872
2025-01-14_47_43,2542
2025-02-14_02_16,1004
2025-01-08_45_28,3378
2025-02-14_28_45,1646
2025-02-27_32_19,1539
2025-02-07_19_02,1023
2025-02-07_26_46,1609
2025-02-28_02_16,1004
2025-01-01_12_36,2660
2025-02-24_19_02,974
2025-02-15_46_45,3177
2025-01-30_36_41,3220
2025-01-10_46_47,2882
2025-01-15_02_14,890
2025-01-24_48_45,1210
2025-02-09_02_21,1120
2025-01-18_30_14,1813
2025-02-11_44_46,2197
2025-01-20_26_46,1982
2025-01-16_30_14,1242
2025-02-14_48_46,3364
2025-01-29_05_47,1200
2025-02-24_39_45,2075
2025-01-13_45_34,1354
2025-02-21_36_12,2395
2025-01-27_30_14,1070
2025-02-11_47_03,895
2025-02-28_01_02,894
2025-01-10_48_46,3868
2025-02-28_26_46,1608
2025-02-04_16_02,918
2025-02-26_02_14,914
2025-01-06_45_46,2715
2025-02-12_03_45,946
2025-02-08_02_24,863
2025-01-18_02_01,922
2025-01-16_27_36,1182
2025-01-26_33_46,3141
2025-01-15_47_43,1868
2025-02-18_47_45,2940
2025-01-08_36_41,4489
2025-01-31_21_02,855
2025-01-07_47_28,1859
2025-02-06_43_47,1952
2025-02-03_46_20,1197
2025-01-18_02_16,938
2025-01-15_46_35,2121
2025-01-31_16_02,899
2025-02-13_45_28,3403
2025-02-09_30_14,1354
2025-01-06_47_03,897
2025-01-16_11_36,1280
2025-02-03_28_47,1910
2025-01-06_26_46,1431
2025-02-11_47_05,1441
2025-02-02_46_18,2169
2025-01-15_28_45,2903
2025-01-04_36_37,326
2025-01-28_02_47,941
2025-01-22_45_28,1695
2025-02-08_46_09,2389
2025-01-13_47_28,2508
2025-01-01_05_47,1200
2025-01-11_02_19,899
2025-01-28_04_29,791
2025-02-21_06_47,952
2025-02-05_45_39,1279
2025-01-28_36_41,3260
2025-01-11_45_42,1903
2025-02-10_02_21,975
2025-02-01_03_45,1005
2025-02-07_47_46,2358
2025-01-21_20_46,1606
2025-02-04_45_03,891
2025-01-22_02_40,794
2025-01-26_02_40,1041
2025-01-14_15_46,2164
2025-01-22_02_14,890
2025-02-03_46_35,1424
2025-02-25_28_47,1641
2025-01-16_45_39,1595
2025-02-18_13_23,1569
2025-01-15_36_37,547
2025-01-16_34_45,1461
2025-01-23_45_09,1315
2025-02-24_15_46,1150
2025-02-26_02_01,920
2025-02-28_47_28,2926
2025-02-15_45_03,1013
2025-02-14_47_10,1585
2025-02-26_28_45,1938
2025-01-17_03_47,911
2025-02-03_17_23,1710
2025-02-15_45_42,2155
2025-01-27_47_10,648
2025-01-28_46_48,2396
2025-02-06_48_46,2715
2025-01-28_40_02,777
2025-02-22_32_19,2039
2025-02-01_15_46,1888
2025-02-09_46_15,1698
2025-02-09_40_02,1276
2025-02-13_45_48,1850
2025-02-13_13_23,1408
2025-01-12_09_46,2803
2025-02-14_36_41,3123
2025-02-08_16_02,968
2025-02-25_45_42,1549
2025-02-15_19_02,1066
2025-01-23_30_14,1446
2025-02-07_46_48,5729
2025-01-28_02_31,759
2025-01-18_01_02,873
2025-02-08_45_48,2321
2025-02-02_45_03,1116
2025-02-23_47_28,2087
2025-01-12_36_41,3357
2025-02-15_02_40,1052
2025-01-10_36_22,1137
2025-02-07_02_40,1003
2025-01-23_28_47,1634
2025-02-15_47_46,1789
2025-01-12_07_36,1013
2025-01-10_36_37,529
2025-01-31_34_45,1725
2025-01-04_45_28,2051
2025-02-05_45_05,959
2025-01-12_45_44,1531
2025-01-30_01_02,803
2025-02-16_37_36,4605
2025-02-22_47_43,2374
2025-01-31_46_44,4020
2025-02-16_01_02,977
2025-01-04_28_47,1445
2025-01-14_46_09,2357
2025-02-28_08_47,970
2025-01-12_46_35,4356
2025-01-05_05_47,1883
2025-02-15_02_21,1065
2025-02-10_44_45,2011
2025-02-06_45_46,3861
2025-02-22_45_39,1979
2025-01-29_32_19,1573
2025-02-14_45_47,5072
2025-02-21_30_02,1108
2025-02-24_36_37,3833
2025-02-21_28_45,1278
2025-01-10_31_02,952
2025-02-20_09_46,2216
2025-02-01_28_47,1800
2025-01-20_46_26,1300
2025-01-18_27_36,1456
2025-02-15_36_22,1638
2025-02-12_46_44,1650
2025-02-24_09_46,2518
2025-01-20_38_36,1243
2025-01-28_46_47,1118
2025-01-19_47_28,1564
2025-01-06_13_23,2162
2025-01-31_32_19,1810
2025-01-01_47_08,787
2025-02-24_47_30,1564
2025-02-16_45_47,4361
2025-01-16_45_05,923
2025-01-05_30_02,1188
2025-01-17_08_47,915
2025-01-16_36_07,838
2025-01-19_09_46,2803
2025-01-15_42_45,1229
2025-02-03_47_30,1564
2025-02-14_26_46,1472
2025-01-17_46_48,5199
2025-02-11_17_23,1123
2025-01-09_17_23,949
2025-01-04_05_45,1000
2025-02-08_45_39,2130
2025-01-09_02_21,909
2025-02-11_31_02,878
2025-02-24_38_36,1588
2025-01-18_46_44,2570
2025-02-02_36_12,2040
2025-01-05_23_25,2337
2025-01-21_02_31,759
2025-01-24_25_23,1534
2025-02-06_12_36,1321
2025-01-21_13_23,1416
2025-02-28_45_28,4292
2025-01-02_42_45,2109
2025-02-13_02_47,928
2025-01-21_45_34,1242
2025-01-31_38_36,1031
2025-01-27_23_25,1425
2025-02-01_18_46,2237
2025-01-04_04_29,867
2025-02-24_34_45,2138
2025-02-12_34_45,1289
2025-02-22_30_02,1218
2025-02-12_36_22,1298
2025-01-28_46_26,1260
2025-01-07_12_36,1408
2025-01-25_36_27,1676
2025-01-30_45_28,2295
2025-01-25_45_05,1043
2025-02-01_27_36,1295
2025-01-13_47_08,752
2025-02-20_46_45,2836
2025-01-13_08_47,886
2025-02-21_03_47,968
2025-02-28_45_09,1647
2025-02-08_46_26,1862
2025-02-17_44_46,2568
2025-02-11_46_48,3202
2025-01-11_40_02,951
2025-02-12_44_45,1146
2025-02-20_14_30,1404
2025-02-11_15_46,1886
2025-01-08_15_46,991
2025-01-19_48_45,3243
2025-01-11_08_47,937
2025-01-28_47_30,1247
2025-01-13_40_02,945
2025-02-24_22_36,1562
2025-02-08_06_47,975
2025-01-31_47_45,3553
2025-01-13_12_36,1717
2025-01-29_09_46,2375
2025-01-16_02_19,789
2025-01-07_46_33,932
2025-01-18_19_32,2334
2025-02-25_46_20,2589
2025-02-28_47_02,1066
2025-01-09_47_45,3841
2025-02-26_13_23,1573
2025-02-25_36_12,1479
2025-02-19_35_46,1308
2025-02-25_40_02,895
2025-02-04_40_02,895
2025-01-27_20_46,1346
2025-02-19_30_02,863
2025-02-10_13_23,2180
2025-01-28_31_02,855
2025-02-19_45_34,1842
2025-02-15_05_47,1581
2025-01-18_11_36,1721
2025-02-15_33_46,942
2025-02-26_06_47,889
2025-01-30_47_30,1715
2025-01-23_47_46,1451
2025-01-23_17_23,1035
2025-01-25_33_46,863
2025-01-06_48_45,2349
2025-02-08_23_25,1823
2025-02-25_05_45,887
2025-01-20_03_47,858
2025-01-19_13_23,2659
2025-02-07_46_45,4535
2025-02-10_06_47,900
2025-01-23_25_23,1716
2025-01-19_34_45,3475
2025-01-25_46_15,1469
2025-02-23_47_05,2063
2025-02-20_20_46,1176
2025-01-11_02_31,875
2025-01-10_27_36,1339
2025-01-09_45_47,4142
2025-01-18_47_28,1989
2025-02-16_36_11,3272
2025-01-25_47_03,967
2025-01-15_02_24,781
2025-01-09_41_36,2585
2025-02-19_47_30,1487
2025-02-10_02_31,894
2025-02-10_40_02,1074
2025-02-10_11_36,2654
2025-01-23_36_07,838
2025-01-22_40_02,794
2025-02-15_48_46,2833
2025-01-13_48_46,3738
2025-01-09_36_27,938
2025-02-16_46_35,2148
2025-02-17_03_47,908
2025-01-20_48_46,5246
2025-01-04_45_47,3179
2025-02-22_03_47,990
2025-02-19_30_14,1507
2025-01-16_09_45,1391
2025-01-16_22_36,946
2025-01-19_02_47,1090
2025-01-14_46_48,4861
2025-02-03_43_47,1892
2025-01-22_23_25,3506
2025-01-26_46_18,1495
2025-02-13_39_45,2042
2025-02-01_33_46,1617
2025-01-23_02_16,888
2025-01-28_44_46,1343
2025-01-12_46_18,3509
2025-01-25_02_21,1001
2025-01-08_47_28,2144
2025-02-02_02_31,1050
2025-01-15_47_10,1312
2025-02-04_44_45,1192
2025-02-15_36_07,979
2025-02-15_16_02,968
2025-02-13_12_36,1293
2025-01-13_19_32,2482
2025-01-15_48_45,3042
2025-02-18_02_40,895
2025-01-21_27_36,1138
2025-01-31_47_28,2634
2025-02-07_23_25,2301
2025-01-20_14_30,1610
2025-01-24_02_31,868
2025-01-12_02_19,964
2025-02-14_46_35,3932
2025-01-29_47_05,1317
2025-01-14_14_30,1233
2025-01-18_48_46,6507
2025-02-07_19_32,2205
2025-01-19_19_30,2478
2025-01-11_19_02,1049
2025-02-14_48_45,1417
2025-01-17_47_05,1521
2025-01-25_41_36,2798
2025-01-22_07_36,878
2025-01-06_46_26,1242
2025-02-10_19_32,1965
2025-02-11_36_11,2466
2025-02-22_23_25,2120
2025-01-02_09_45,1391
2025-02-13_30_14,1484
2025-01-15_02_31,798
2025-02-02_46_26,2100
2025-02-05_17_23,1037
2025-02-05_34_45,1193
2025-02-02_36_11,2361
2025-02-03_05_45,953
2025-01-21_36_37,345
2025-01-29_41_36,2869
2025-02-05_27_36,1522
2025-01-09_02_30,909
2025-02-08_36_11,2500
2025-02-16_38_36,3596
2025-01-14_46_35,3542
2025-01-01_45_09,1381
2025-01-24_36_27,1516
2025-01-09_40_02,766
2025-01-01_30_14,1301
2025-02-01_36_22,1829
2025-02-19_02_40,904
2025-01-02_03_47,852
2025-02-27_47_05,1426
2025-02-15_02_47,1036
2025-01-22_36_27,1041
2025-02-20_37_36,2183
2025-02-18_02_01,891
2025-02-14_46_15,1954
2025-01-16_02_14,873
2025-02-19_02_01,920
2025-02-21_07_36,986
2025-01-16_46_33,1304
2025-01-12_30_14,1222
2025-01-31_47_46,2238
2025-01-27_46_44,1245
2025-02-21_26_46,1497
2025-02-22_48_46,3132
2025-02-16_36_12,1860
2025-02-23_21_02,1077
2025-02-26_48_45,2594
2025-01-04_17_23,1328
2025-02-28_21_02,889
2025-01-21_36_12,1045
2025-01-27_34_45,2433
2025-01-02_46_20,1280
2025-01-21_47_08,756
2025-01-30_47_28,2034
2025-01-26_46_33,1077
2025-02-08_02_47,1036
2025-02-12_47_05,1468
2025-02-15_45_46,3650
2025-01-28_30_14,1074
2025-01-06_09_45,1702
2025-01-03_47_03,955
2025-02-24_31_02,956
2025-02-15_15_46,1235
2025-02-19_47_46,1465
2025-01-25_04_29,867
2025-02-01_46_33,1951
2025-01-08_46_33,1720
2025-01-24_33_46,915
2025-01-12_12_36,2603
2025-01-03_02_14,938
2025-01-19_02_01,1078
2025-01-16_47_45,3362
2025-01-01_45_47,4808
2025-02-13_22_36,1431
2025-01-01_28_45,2591
2025-01-08_19_30,1600
2025-01-27_33_46,1031
2025-01-02_02_40,754
2025-02-22_21_02,906
2025-02-19_06_47,889
2025-01-02_47_10,998
2025-02-24_46_48,4216
2025-01-31_02_21,992
2025-02-23_47_43,2384
2025-02-22_02_31,971
2025-01-14_45_28,2265
2025-02-18_46_09,2321
2025-01-18_02_40,915
2025-02-22_46_33,1235
2025-01-01_30_02,740
2025-02-15_26_46,1633
2025-02-03_36_37,2117
2025-02-08_46_15,2141
2025-01-17_45_46,4416
2025-01-11_05_45,1000
2025-01-29_07_36,878
2025-01-10_06_47,908
2025-02-25_45_28,2740
2025-01-19_47_10,1118
2025-01-20_46_33,805
2025-01-23_05_45,876
2025-02-12_02_16,906
2025-01-14_12_36,1555
2025-02-23_26_46,2218
2025-02-05_46_48,3484
2025-01-28_17_23,1101
2025-02-24_02_16,916
2025-01-09_45_34,1924
2025-01-17_02_24,828
2025-01-24_02_14,938
2025-02-11_04_29,794
2025-02-28_45_48,2830
2025-02-06_36_07,865
2025-02-25_11_36,2345
2025-01-01_32_19,1738
2025-02-14_46_47,2362
2025-01-04_21_02,873
2025-02-18_36_41,2926
2025-02-28_02_40,1003
2025-01-18_36_27,1386
2025-01-13_14_30,1522
2025-01-08_17_23,1066
2025-02-21_25_23,1489
2025-01-27_02_30,1222
2025-01-22_47_06,893
2025-01-21_45_42,1092
2025-02-26_23_13,1271
2025-02-13_02_16,914
2025-02-09_25_23,2120
2025-01-10_44_45,1375
2025-02-02_47_03,1099
2025-02-02_47_08,1061
2025-01-24_47_03,955
2025-01-03_20_46,1601
2025-02-20_04_29,802
2025-01-14_02_01,863
2025-01-11_47_05,1582
2025-02-07_46_15,2419
2025-02-13_47_06,899
2025-01-16_36_11,1789
2025-01-01_46_09,2497
2025-02-26_46_26,1299
2025-01-03_21_02,855
2025-01-15_18_46,3387
2025-02-19_47_45,3154
2025-01-03_37_36,144
2025-02-05_46_45,3037
2025-01-23_16_02,837
2025-01-29_46_33,1108
2025-01-04_08_47,937
2025-01-13_37_36,250
2025-02-01_16_02,968
2025-01-02_36_37,283
2025-02-02_46_47,2313
2025-02-09_47_43,2756
2025-02-22_02_24,863
2025-01-27_03_47,858
2025-02-05_47_08,810
2025-01-11_47_45,4672
2025-01-23_02_01,873
2025-02-16_47_30,2053
2025-01-14_47_30,1392
2025-01-14_45_09,1375
2025-01-20_47_30,1564
2025-01-26_42_45,2775
2025-01-09_02_31,764
2025-02-26_38_36,1664
2025-01-04_46_48,3194
2025-01-10_03_45,937
2025-01-28_07_36,852
2025-02-07_36_37,4646
2025-01-14_45_47,3481
2025-01-15_02_21,927
2025-02-14_32_19,1898
2025-01-15_45_28,1970
2025-01-08_46_20,1720
2025-01-15_47_03,905
2025-02-07_30_14,2500
2025-02-10_02_30,1355
2025-01-12_36_27,1088
2025-01-10_46_09,2510
2025-01-25_46_35,1917
2025-02-05_46_44,1804
2025-01-23_12_36,1482
2025-01-01_02_01,890
2025-01-16_45_03,880
2025-01-15_46_20,1583
2025-01-21_02_47,941
2025-02-23_45_34,2052
2025-02-24_02_31,894
2025-01-27_47_45,3103
2025-02-22_45_03,1013
2025-01-18_02_31,875
2025-02-12_45_28,2253
2025-02-15_17_23,1260
2025-02-01_19_32,2251
2025-01-22_47_02,946
2025-01-10_47_43,7225
2025-02-27_45_05,942
2025-02-01_45_34,1777
2025-01-18_46_33,1483
2025-02-11_47_45,3036
2025-01-05_02_40,1041
2025-01-09_02_16,888
2025-01-11_42_45,1513
2025-02-23_02_40,1192
2025-01-28_32_19,1647
2025-01-09_36_41,4273
2025-02-04_20_46,1352
2025-01-03_46_33,1299
2025-02-06_06_47,872
2025-01-25_44_45,1244
2025-02-09_45_05,1173
2025-01-03_03_45,937
2025-02-17_23_25,1941
2025-01-06_46_44,1361
2025-01-21_28_45,2159
2025-01-20_45_34,1240
2025-01-06_20_46,1606
2025-01-03_36_41,3651
2025-01-23_41_36,2930
2025-01-06_05_47,1419
2025-02-03_47_45,4551
2025-01-28_36_12,1117
2025-02-10_19_02,974
2025-02-06_11_36,2083
2025-01-26_46_20,1251
2025-02-20_47_10,1243
2025-01-06_19_32,2126
2025-01-15_41_36,3123
2025-01-04_16_02,917
2025-01-03_33_46,1003
2025-02-17_02_30,1355
2025-01-17_12_36,1579
2025-01-10_19_30,1349
2025-02-01_02_40,1052
2025-01-22_36_11,1235
2025-01-18_04_29,867
2025-01-01_45_34,2182
2025-01-04_47_03,967
2025-01-14_30_14,1184
2025-02-26_02_30,1070
2025-02-07_33_46,896
2025-01-07_48_45,1382
2025-01-31_25_23,1753
2025-01-08_34_45,1981
2025-02-14_39_45,1295
2025-01-21_47_43,1691
2025-02-20_23_13,1262
2025-02-08_32_19,1718
2025-01-23_23_25,2091
2025-02-09_46_35,2458
2025-02-08_45_44,2016
2025-02-11_45_44,1125
2025-01-03_17_23,1054
2025-01-11_23_13,1642
2025-01-19_40_02,1119
2025-02-02_28_47,2914
2025-02-12_46_47,1464
2025-01-11_47_43,6393
2025-02-06_45_09,1445
2025-02-04_03_47,858
2025-02-17_45_42,1255
2025-02-10_47_02,1011
2025-01-20_48_45,2722
2025-01-28_45_46,2759
2025-02-05_32_19,1638
2025-01-10_43_47,2785
2025-01-09_47_08,776
2025-01-02_47_05,1275
2025-01-10_33_46,1154
2025-01-11_36_37,843
2025-02-02_47_28,1780
2025-02-05_47_30,1717
2025-01-02_45_44,1003
2025-02-27_35_46,1351
2025-01-16_47_03,883
2025-02-15_02_30,1511
2025-01-29_21_02,809
2025-01-23_36_41,3384
2025-01-03_45_42,1872
2025-01-19_45_47,4151
2025-02-12_02_40,904
2025-02-14_33_46,1015
2025-02-18_02_16,874
2025-02-15_09_45,1760
2025-01-08_05_45,890
2025-01-25_02_31,875
2025-02-14_45_34,3166
2025-01-02_46_15,1419
2025-01-17_48_46,5553
2025-01-14_41_36,3619
2025-02-08_47_28,2456
2025-01-09_45_44,1750
2025-01-21_07_36,852
2025-02-17_46_15,1255
2025-01-10_18_46,1623
2025-01-23_38_36,937
2025-02-18_02_31,824
2025-01-29_36_07,851
2025-02-05_12_36,1590
2025-01-08_46_15,1594
2025-01-21_36_22,992
2025-01-30_02_47,938
2025-01-10_46_26,2711
2025-02-13_03_45,913
2025-01-27_30_02,949
2025-01-05_46_09,2976
2025-01-11_45_34,2425
2025-02-01_47_45,4243
2025-02-08_19_02,1066
2025-01-08_46_48,4731
2025-01-15_47_06,893
2025-01-14_17_23,1055
2025-02-07_30_02,1108
2025-02-03_44_45,2282
2025-01-14_16_02,898
2025-01-06_44_46,2153
2025-02-02_46_33,1442
2025-01-23_45_34,2138
2025-02-04_02_01,891
2025-02-19_12_36,1745
2025-02-08_31_02,1049
2025-01-31_01_02,866
2025-02-20_23_25,1768
2025-02-06_02_01,903
2025-02-15_45_44,1386
2025-02-14_07_36,986
2025-02-09_47_08,1061
2025-02-25_45_05,937
2025-02-02_03_45,1099
2025-01-19_22_36,1619
2025-01-09_02_19,789
2025-02-28_46_33,2165
2025-02-28_28_47,1621
2025-02-21_36_22,1453
2025-02-25_02_16,874
2025-01-13_45_05,964
2025-02-28_25_23,1637
2025-02-26_26_46,1342
2025-01-05_37_36,364
2025-01-27_45_39,987
2025-01-05_06_47,1063
2025-02-20_30_14,1880
2025-01-22_45_44,835
2025-01-27_14_30,1640
2025-01-21_08_47,843
2025-02-28_14_30,1746
2025-02-24_45_34,1782
2025-02-05_08_47,898
2025-01-20_45_05,964
2025-01-26_30_14,1253
2025-01-30_02_01,873
2025-02-19_47_06,917
2025-01-07_05_45,871
2025-02-21_33_46,883
2025-01-10_36_41,4608
2025-01-01_46_44,2135
2025-01-11_45_09,1530
2025-01-10_38_36,1040
2025-01-26_23_13,1681
2025-01-28_18_46,1096
2025-02-15_22_36,2034
2025-01-19_15_46,3447
2025-01-29_42_45,1238
2025-02-10_35_46,2850
2025-01-13_45_09,1614
2025-01-17_38_36,881
2025-02-11_36_07,851
2025-02-10_45_28,1999
2025-01-19_47_05,1884
2025-02-02_15_46,2353
2025-02-10_36_37,3498
2025-02-07_40_02,1023
2025-02-23_02_24,938
2025-01-29_02_40,794
2025-02-13_45_44,1214
2025-01-09_23_13,1286
2025-02-18_46_35,1436
2025-01-01_31_02,877
2025-01-16_02_47,938
2025-01-06_02_16,871
2025-02-19_44_46,1236
2025-02-23_20_46,2720
2025-02-21_12_36,2045
2025-02-19_48_46,2629
2025-02-13_36_11,2638
2025-01-14_01_02,800
2025-01-06_02_21,924
2025-01-05_28_47,2874
2025-02-08_47_03,1020
2025-01-16_48_46,6314
2025-01-31_36_11,2287
2025-01-09_27_36,991
2025-02-07_32_19,1840
2025-02-09_31_02,1139
2025-02-07_46_20,2054
2025-02-07_44_45,1140
2025-01-19_07_36,1013
2025-01-10_05_47,1322
2025-01-08_23_13,1069
2025-01-02_02_30,909
2025-02-26_36_27,1558
2025-01-29_46_26,1240
2025-01-07_47_03,871
2025-02-12_43_47,1484
2025-01-17_46_15,1746
2025-02-14_09_45,1723
2025-01-12_43_47,2500
2025-02-25_47_28,2108
2025-01-01_44_46,4017
2025-02-23_36_41,2715
2025-01-27_45_46,2632
2025-01-27_02_16,871
2025-01-08_42_45,1302
2025-02-23_46_09,2922
2025-01-10_02_40,867
2025-01-29_45_34,1298
2025-02-28_16_02,949
2025-01-09_19_32,1871
2025-02-18_45_42,1380
2025-01-26_45_46,4925
2025-02-19_46_48,2842
2025-02-01_44_45,1326
2025-02-15_45_39,1959
2025-01-09_45_42,1539
2025-02-01_09_45,1760
2025-02-13_47_45,3822
2025-02-28_46_15,2387
2025-02-09_47_45,5080
2025-01-11_48_45,1786
2025-01-03_47_43,2664
2025-02-09_36_12,1893
2025-02-16_48_46,5234
2025-02-07_35_46,1660
2025-01-21_46_48,2570
2025-02-20_47_06,899
2025-02-21_46_47,2094
2025-01-04_47_46,2417
2025-01-09_36_37,316
2025-02-22_34_45,1655
2025-02-10_46_15,1238
2025-01-21_46_26,1193
2025-01-01_08_47,870
2025-02-27_05_47,1281
2025-02-12_19_30,1274
2025-01-08_05_47,1200
2025-01-13_36_22,1273
2025-01-02_47_43,1722
2025-02-10_48_45,2397
2025-01-03_02_16,951
2025-01-03_47_10,1104
2025-01-14_32_19,1703
2025-01-30_41_36,2322
2025-01-22_42_45,1379
2025-02-06_02_31,833
2025-02-18_47_05,1441
2025-02-28_36_11,2981
2025-02-01_05_47,1581
2025-02-21_19_30,1486
2025-02-14_04_29,887
2025-01-17_19_02,1006
2025-02-12_20_46,1246
2025-02-08_21_02,906
2025-01-01_02_19,822
2025-01-02_45_48,1552
2025-01-05_03_47,1077
2025-01-24_36_07,908
2025-01-20_47_06,891
2025-01-15_19_30,1966
2025-01-20_28_45,2771
2025-01-26_46_45,5558
2025-01-01_13_23,1652
2025-02-22_46_20,2512
2025-01-23_47_10,1049
2025-02-21_48_46,2858
2025-02-03_46_33,964
2025-01-10_45_05,1014
2025-02-18_40_02,895
2025-02-24_28_47,2148
2025-01-21_45_47,2882
2025-01-05_09_46,2803
2025-01-10_40_02,880
2025-01-07_02_14,863
2025-01-18_47_08,877
2025-02-18_36_12,1226
2025-01-09_19_02,906
2025-01-26_44_45,2234
2025-02-03_16_02,965
2025-02-12_11_36,2192
2025-02-25_45_44,1217
2025-01-06_02_24,756
2025-02-12_14_30,1429
2025-02-01_45_48,2169
2025-02-08_47_43,2324
2025-02-05_01_02,827
2025-01-26_18_46,2303
2025-02-04_28_47,1935
2025-01-16_46_09,2389
2025-01-06_46_35,1560
2025-02-27_36_27,1655
2025-02-21_36_27,1669
2025-02-08_46_45,3270
2025-02-01_25_23,1701
2025-02-06_45_05,942
2025-01-29_45_47,3186
2025-01-13_16_02,922
2025-01-07_47_46,1480
2025-02-18_08_47,868
2025-02-14_44_46,2005
2025-01-15_46_47,1560
2025-01-05_36_37,201
2025-02-05_42_45,1621
2025-01-24_13_23,1763
2025-01-13_05_47,1419
2025-01-22_19_02,931
2025-01-17_46_09,2510
2025-02-01_36_12,2197
2025-01-09_42_45,1107
2025-01-06_02_01,889
2025-02-03_19_32,1991
2025-02-06_05_45,896
2025-02-11_14_30,1387
2025-01-21_48_46,3766
2025-02-24_45_28,1806
2025-02-02_45_09,2013
2025-02-22_19_02,1066
2025-02-17_20_46,1526
2025-01-23_03_47,852
2025-01-19_01_02,933
2025-01-12_47_06,1050
2025-01-14_45_05,921
2025-02-21_45_44,1880
2025-01-08_36_22,1365
2025-01-24_02_24,828
2025-01-13_47_30,1845
2025-02-01_19_30,2109
2025-02-26_47_02,965
2025-02-09_46_48,4645
2025-02-16_47_45,5615
2025-02-11_32_19,1710
2025-01-30_46_26,1883
2025-02-07_47_30,2091
2025-02-27_21_02,799
2025-01-03_06_47,908
2025-02-15_02_19,995
2025-02-16_02_16,1064
2025-02-16_45_05,1173
2025-01-05_47_28,1669
2025-01-05_45_44,1048
2025-01-17_36_12,2298
2025-01-24_38_36,1285
2025-01-29_47_30,1383
2025-01-18_36_37,776
2025-02-21_45_46,4892
2025-01-10_47_45,5093
2025-02-19_42_45,1295
2025-01-02_16_02,837
2025-02-20_08_47,880
2025-01-19_41_36,3478
2025-01-24_11_36,1764
2025-02-13_47_02,949
2025-01-24_36_41,4069
2025-01-09_46_48,6298
2025-01-04_47_45,4757
2025-01-31_02_14,938
2025-02-15_19_30,1694
2025-01-29_02_01,890
2025-01-23_06_47,856
2025-01-07_15_46,1295
2025-02-11_02_21,926
2025-02-09_36_41,2852
2025-01-24_46_26,2000
2025-02-22_02_47,1036
2025-01-04_46_20,1247
2025-01-29_40_02,794
2025-02-27_19_32,2032
2025-01-22_28_47,1559
2025-02-26_46_35,2096
2025-02-02_47_10,1186
2025-02-05_19_02,921
2025-02-12_46_48,3166
2025-02-26_43_47,1459
2025-01-22_47_30,1546
2025-01-02_36_07,838
2025-02-24_36_12,1762
2025-01-23_28_45,1692
2025-01-08_11_36,1254
2025-01-25_02_47,1018
2025-02-02_21_02,1077
2025-01-05_19_30,2573
2025-02-11_45_05,937
2025-01-25_47_05,1582
2025-02-20_45_47,4340
2025-01-12_02_21,1035
2025-01-14_42_45,2163
2025-01-16_46_26,1672
2025-02-22_01_02,902
2025-01-11_36_12,1914
2025-02-19_03_47,900
2025-02-08_42_45,1615
2025-01-16_36_41,3525
2025-02-23_48_45,2935
2025-02-27_45_09,1445
2025-01-04_40_02,951
2025-02-28_39_45,2268
2025-02-10_02_19,918
2025-01-17_45_42,2291
2025-02-19_19_30,1874
2025-01-20_45_44,1112
2025-01-09_46_15,2380
2025-01-15_02_47,961
2025-01-04_36_22,1410
2025-01-26_45_09,1847
2025-02-28_34_45,1563
2025-02-10_36_12,1471
2025-02-07_38_36,1252
2025-01-20_35_46,3336
2025-02-24_46_15,1263
2025-02-07_46_47,2026
2025-02-16_02_30,1914
2025-01-14_38_36,989
2025-01-05_02_30,1753
2025-02-28_03_45,990
2025-02-17_45_48,1060
2025-01-14_19_30,1311
2025-02-03_02_30,1355
2025-02-23_02_01,1158
2025-01-27_01_02,804
2025-02-17_13_23,1890
2025-01-20_19_30,1805
2025-01-29_47_10,1124
2025-02-24_02_40,1040
2025-02-03_30_14,1136
2025-01-31_45_47,4945
2025-02-08_02_19,995
2025-01-13_02_01,889
2025-01-15_05_47,1200
2025-02-19_02_14,914
2025-02-27_42_45,1167
2025-01-26_14_30,2802
2025-01-15_45_34,1387
2025-02-06_47_06,899
2025-02-15_14_30,1683
2025-01-17_14_30,1595
2025-01-27_47_03,897
2025-01-19_17_23,1329
2025-02-22_45_09,1680
2025-01-25_17_23,1064
2025-02-17_45_34,1836
2025-02-13_45_39,2964
2025-02-22_19_32,2278
2025-02-04_47_06,888
2025-01-30_33_46,745
2025-02-02_45_47,4662
2025-01-13_45_39,1495
2025-01-17_46_26,1550
2025-01-13_35_46,2264
2025-01-03_46_15,1626
2025-01-16_46_45,2905
2025-02-14_02_19,988
2025-01-31_47_06,941
2025-02-01_45_03,1013
2025-01-24_41_36,3019
2025-01-02_23_25,1782
2025-01-24_46_35,2575
2025-02-09_33_46,3054
2025-01-23_40_02,766
2025-01-31_19_32,2605
2025-02-14_02_30,1331
2025-01-04_27_36,1325
2025-02-09_47_46,2572
2025-02-08_45_46,3780
2025-01-21_35_46,2964
2025-01-23_32_19,1496
2025-02-17_28_47,2449
2025-02-22_09_46,2356
2025-02-23_47_02,1178
2025-02-16_17_23,1538
2025-01-31_46_33,2026
2025-01-08_47_08,787
2025-02-08_02_30,1511
2025-01-19_32_19,2077
2025-02-02_32_19,2241
2025-02-10_45_48,1366
2025-02-15_07_36,996
2025-01-20_02_30,1222
2025-01-18_47_06,963
2025-01-14_31_02,855
2025-01-19_02_21,1035
2025-01-19_06_47,1063
2025-01-30_02_24,763
2025-01-09_14_30,1233
2025-02-05_15_46,1328
2025-01-10_47_06,941
2025-01-30_06_47,856
2025-01-09_07_36,871
2025-02-26_17_23,1020
2025-02-01_06_47,975
2025-01-16_45_47,3804
2025-02-10_02_01,939
2025-02-04_27_36,1522
2025-01-11_07_36,944
2025-02-01_47_46,2078
2025-02-18_02_14,884
2025-01-25_36_41,4006
2025-01-10_46_15,3765
2025-01-04_28_45,1768
2025-01-04_19_32,2112
2025-01-24_36_37,1644
2025-01-29_37_36,2476
2025-01-23_05_47,1158
2025-02-27_03_45,913
2025-02-08_36_22,1526
2025-02-10_21_02,819
2025-01-03_47_45,3466
2025-01-13_04_29,800
2025-02-25_06_47,860
2025-01-04_09_45,1610
2025-02-25_46_47,1566
2025-01-09_19_30,1360
2025-01-07_43_47,1363
2025-02-15_35_46,1836
2025-02-20_15_46,904
2025-02-12_06_47,889
2025-01-27_05_45,914
2025-02-20_34_45,1299
2025-02-13_45_34,2416
2025-01-06_23_13,1422
2025-02-11_47_43,1638
2025-01-16_47_02,930
2025-01-04_20_46,2092
2025-01-09_39_45,1002
2025-01-13_44_45,1222
2025-02-26_35_46,1248
2025-01-29_38_36,846
2025-01-17_36_37,1035
2025-01-17_45_47,3697
2025-01-30_46_47,1328
2025-01-25_12_36,1720
2025-02-26_02_24,787
2025-02-16_21_02,1077
2025-01-26_45_28,1860
2025-02-08_13_23,1865
2025-01-06_41_36,3234
2025-01-22_09_45,1477
2025-02-15_48_45,1411
2025-01-10_41_36,3284
2025-01-12_41_36,3966
2025-02-14_47_02,1066
2025-01-18_45_48,1784
2025-02-17_45_44,939
2025-01-15_28_47,3294
2025-02-13_47_10,1077
2025-01-21_05_47,1185
2025-01-14_19_32,1896
2025-02-06_45_34,2248
2025-02-04_47_03,895
2025-02-10_34_45,2094
2025-01-01_06_47,874
2025-02-16_19_02,1156
2025-02-06_45_48,2064
2025-02-01_44_46,2591
2025-01-12_19_32,2222
2025-02-26_18_46,1259
2025-02-11_36_27,1595
2025-01-07_38_36,803
2025-01-17_36_41,3847
2025-01-29_48_46,2761
2025-01-02_36_41,4053
2025-02-19_33_46,893
2025-01-04_47_10,1215
2025-01-17_47_43,2189
2025-01-13_47_43,3507
2025-01-28_34_45,2160
2025-01-19_46_26,1875
2025-02-16_36_27,1695
2025-01-15_17_23,1073
2025-02-18_12_36,1808
2025-01-16_47_05,1275
2025-01-26_12_36,2567
2025-02-24_48_45,1629
2025-01-11_05_47,1438
2025-01-28_45_34,1270
2025-02-26_30_02,863
2025-01-02_46_26,1483
2025-01-23_45_28,2393
2025-01-28_42_45,1318
2025-01-17_19_32,2108
2025-01-25_38_36,1064
2025-02-20_44_46,1742
2025-01-13_47_10,1809
2025-02-10_47_28,2033
2025-01-30_14_30,1672
2025-02-16_44_45,2439
2025-02-20_09_45,1519
2025-01-27_02_24,756
2025-01-31_23_13,1888
2025-02-05_23_25,1954
2025-01-06_36_37,168
2025-01-05_01_02,933
2025-01-28_47_05,1289
2025-01-20_45_42,1256
2025-01-19_36_27,1063
2025-02-26_41_36,2865
2025-02-16_45_34,1683
2025-02-16_18_46,2599
2025-01-10_47_10,3156
2025-01-31_27_36,1212
2025-02-28_45_44,1820
2025-02-03_36_27,1335
2025-02-07_06_47,952
2025-02-07_31_02,1005
2025-01-27_07_36,881
2025-02-20_02_19,857
2025-02-05_45_42,1401
2025-02-26_15_46,1006
2025-02-02_45_44,1365
2025-01-02_45_39,1623
2025-01-07_46_48,2947
2025-02-22_47_10,1507
2025-02-20_36_22,1209
2025-01-01_41_36,5685
2025-02-07_36_12,2225
2025-02-02_39_45,3800
2025-02-11_19_30,1549
2025-02-23_19_02,1156
2025-02-17_19_02,974
2025-02-16_02_47,1130
2025-02-18_30_02,852
2025-02-04_15_46,1339
2025-01-24_05_45,966
2025-02-01_11_36,2414
2025-01-08_09_45,1477
2025-01-25_36_37,1809
2025-02-05_45_34,1765
2025-01-28_02_24,760
2025-02-19_18_46,1194
2025-01-06_15_46,1632
2025-01-07_45_34,1360
2025-01-12_02_31,940
2025-02-14_36_37,5110
2025-02-15_05_45,1047
2025-02-14_46_48,5095
2025-01-10_48_45,1690
2025-02-27_38_36,1230
2025-01-16_46_20,1513
2025-01-14_08_47,843
2025-02-19_13_23,1403
2025-02-05_30_14,1229
2025-02-27_36_37,1421
2025-01-01_36_27,1123
2025-02-02_17_23,1355
2025-02-04_46_09,2321
2025-02-14_02_31,964
2025-02-12_47_45,3128
2025-01-23_30_02,712
2025-01-19_14_30,1889
2025-01-15_36_11,1569
2025-02-21_02_31,964
2025-01-20_45_39,1016
2025-02-28_02_01,978
2025-02-28_47_46,2220
2025-02-22_36_41,3551
2025-01-03_02_21,992
2025-02-27_45_28,2452
2025-01-19_19_32,2272
2025-01-24_23_25,1961
2025-02-19_19_32,2329
2025-02-27_45_47,3876
2025-01-12_47_10,2248
2025-01-22_48_45,1209
2025-02-12_30_02,863
2025-01-29_46_20,1245
2025-01-10_22_36,1767
2025-02-21_46_35,4070
2025-01-30_47_03,883
2025-02-24_41_36,2761
2025-02-01_38_36,1195
2025-01-19_47_03,1023
2025-02-11_36_12,1174
2025-01-23_44_46,1534
2025-02-24_36_41,2750
2025-01-14_23_13,1222
2025-01-18_47_30,2539
2025-02-20_01_02,809
2025-02-26_46_44,2449
2025-01-13_45_48,2239
2025-01-08_26_46,1233
2025-02-03_07_36,925
2025-02-25_26_46,1258
2025-02-08_05_47,1581
2025-02-19_36_22,1190
2025-01-10_47_08,869
2025-02-22_30_14,2137
2025-01-21_36_11,1575
2025-02-11_33_46,1265
2025-01-12_46_09,2976
2025-02-03_45_03,938
2025-01-30_02_30,909
2025-02-08_11_36,2328
2025-01-01_34_45,4602
2025-01-07_02_21,897
2025-02-28_47_05,1684
2025-02-11_46_33,818
2025-02-01_46_35,2964
2025-02-25_20_46,1123
2025-01-07_45_44,981
2025-01-05_47_02,1109
2025-01-29_46_15,1571
2025-01-29_45_28,1902
2025-01-03_48_46,3620
2025-02-10_32_19,2205
2025-02-19_46_33,927
2025-02-04_45_09,1505
2025-02-11_47_02,940
2025-01-30_47_02,930
2025-02-05_28_47,1722
2025-01-30_03_45,887
2025-02-16_06_47,1128
2025-02-13_02_31,833
2025-01-31_36_27,1770
2025-01-20_19_02,964
2025-02-19_36_07,878
2025-02-05_45_28,2582
2025-01-16_45_44,1306
2025-01-17_34_45,1967
2025-01-02_02_24,763
2025-02-09_48_45,2653
2025-01-07_02_24,760
2025-02-24_46_47,1628
2025-01-13_11_36,1678
2025-01-31_45_48,2821
2025-02-25_04_29,794
2025-02-26_28_47,1394
2025-02-27_02_19,857
2025-02-28_45_05,1060
2025-01-01_46_18,1739
2025-01-01_19_32,1806
2025-01-22_47_46,1436
2025-02-07_21_02,889
2025-02-15_46_44,3016
2025-02-27_23_25,1821
2025-02-24_47_06,935
2025-02-15_47_02,1094
2025-01-31_47_30,1893
2025-01-18_22_36,1415
2025-01-04_47_05,1582
2025-02-10_46_44,1758
2025-01-22_23_13,1730
2025-02-25_02_24,763
2025-01-28_45_39,874
2025-02-17_45_39,1101
2025-02-01_47_05,1746
2025-01-20_40_02,945
2025-01-11_36_41,4121
2025-01-09_08_47,852
2025-01-08_02_30,950
2025-01-09_02_47,938
2025-01-22_47_45,3127
2025-02-19_19_02,921
2025-02-19_45_39,1790
2025-02-27_46_35,2616
2025-01-10_02_19,892
2025-01-25_47_02,1048
2025-01-09_36_11,1285
2025-01-13_47_45,3760
2025-02-01_46_26,1972
2025-01-26_04_29,906
2025-02-03_06_47,900
2025-02-23_05_47,2041
2025-02-18_46_48,2576
2025-01-11_45_05,1043
2025-01-23_46_48,3840
2025-02-21_46_09,2438
2025-01-17_32_19,1886
2025-01-24_45_03,941
2025-01-27_32_19,1988
