route_key,final_seatcount
2025-02-11_46_45,2884
2025-01-20_17_23,1056
2025-01-08_02_14,579
2025-01-08_08_47,556
2025-01-08_09_46,2393
2025-01-21_45_05,709
2025-02-26_47_08,489
2025-01-03_02_19,710
2025-02-11_02_30,1062
2025-01-25_05_45,774
2025-02-04_36_07,615
2025-01-28_02_14,538
2025-01-14_47_46,1658
2025-02-04_02_16,573
2025-02-20_47_43,2111
2025-01-03_19_30,1452
2025-02-27_22_36,1203
2025-02-10_47_08,436
2025-01-27_47_02,681
2025-01-27_22_36,1020
2025-01-10_36_27,1274
2025-02-11_46_15,1147
2025-02-28_42_45,1593
2025-01-22_30_02,873
2025-01-17_09_46,2417
2025-01-29_46_48,3184
2025-02-27_11_36,1777
2025-02-19_48_45,1336
2025-01-27_23_13,1255
2025-01-14_28_45,2255
2025-01-27_46_18,1154
2025-02-14_47_05,1618
2025-02-20_17_23,968
2025-02-07_23_13,1530
2025-01-27_36_12,1252
2025-01-11_16_02,712
2025-02-04_46_33,693
2025-01-11_48_46,3034
2025-01-24_16_02,696
2025-01-12_23_13,1629
2025-02-07_46_18,2151
2025-02-26_09_46,2393
2025-02-07_47_05,1618
2025-01-18_36_22,1033
2025-02-07_02_01,661
2025-01-01_46_26,1508
2025-02-08_26_46,1557
2025-01-09_46_44,3037
2025-01-04_02_21,703
2025-02-08_27_36,1140
2025-01-03_05_47,1170
2025-01-09_26_46,1377
2025-01-14_20_46,1527
2025-02-25_13_23,1173
2025-02-04_45_34,1194
2025-01-20_05_45,660
2025-02-15_46_15,1441
2025-01-16_19_02,677
2025-01-07_22_36,911
2025-01-21_32_19,1453
2025-02-13_32_19,1219
2025-02-27_02_40,941
2025-02-22_45_42,1465
2025-01-05_35_46,3309
2025-01-16_26_46,1579
2025-02-09_13_23,2276
2025-01-24_39_45,1265
2025-01-13_36_27,961
2025-02-09_45_47,3440
2025-01-21_26_46,1356
2025-02-08_45_05,780
2025-02-03_35_46,2290
2025-01-03_19_02,708
2025-02-06_36_12,1427
2025-02-04_37_36,1817
2025-01-28_45_44,888
2025-02-18_46_15,915
2025-02-10_45_46,3367
2025-01-13_02_21,599
2025-02-23_02_30,1910
2025-02-22_09_45,1681
2025-02-12_30_14,1211
2025-02-27_41_36,1699
2025-01-05_45_47,3846
2025-02-18_46_26,1143
2025-01-11_36_22,1006
2025-02-12_02_01,577
2025-02-13_17_23,724
2025-02-08_09_45,1681
2025-02-17_45_05,664
2025-01-03_36_27,992
2025-02-14_37_36,2283
2025-01-15_12_36,1466
2025-01-26_02_01,750
2025-01-26_02_14,753
2025-02-05_36_12,1204
2025-01-24_02_21,685
2025-01-18_44_45,1551
2025-02-27_47_10,915
2025-01-14_03_47,479
2025-02-22_06_47,680
2025-01-10_44_46,2136
2025-01-30_03_47,578
2025-02-25_15_46,883
2025-02-13_19_32,1919
2025-02-04_47_46,1335
2025-01-04_47_06,678
2025-02-06_01_02,524
2025-01-25_28_45,1422
2025-02-22_47_03,721
2025-02-05_36_22,893
2025-02-11_02_14,540
2025-01-05_43_47,2020
2025-02-04_25_23,951
2025-01-07_41_36,1985
2025-02-12_46_18,1382
2025-02-20_47_05,1314
2025-02-14_35_46,1673
2025-01-03_45_46,3331
2025-01-17_47_03,702
2025-02-23_03_47,757
2025-01-20_09_46,2393
2025-01-13_46_44,4116
2025-02-13_28_45,1459
2025-02-05_47_46,1384
2025-01-18_45_09,1661
2025-02-24_36_27,1068
2025-01-28_13_23,1372
2025-02-01_23_13,1809
2025-01-03_28_45,1191
2025-02-06_46_18,1535
2025-01-05_45_28,1944
2025-01-31_46_26,1612
2025-01-18_46_15,1551
2025-02-18_28_47,2209
2025-02-12_12_36,1508
2025-01-30_38_36,927
2025-01-20_46_48,2961
2025-02-07_39_45,1133
2025-02-20_46_26,1231
2025-01-15_02_19,680
2025-02-06_42_45,1170
2025-01-02_48_45,1997
2025-01-19_03_47,751
2025-01-21_47_30,1138
2025-01-17_30_02,1150
2025-02-19_21_02,481
2025-01-08_45_47,3271
2025-01-11_47_46,2357
2025-01-22_46_47,1200
2025-01-22_18_46,1374
2025-02-28_18_46,1511
2025-01-17_17_23,918
2025-02-11_26_46,1210
2025-02-02_02_40,1123
2025-01-11_47_30,1781
2025-02-12_47_06,570
2025-01-03_35_46,1706
2025-02-10_15_46,1621
2025-02-07_36_27,1252
2025-02-01_46_20,1726
2025-01-12_46_20,2193
2025-02-21_21_02,599
2025-02-18_47_06,530
2025-02-13_45_05,694
2025-02-17_46_45,3422
2025-01-03_13_23,1491
2025-02-05_48_45,1180
2025-01-07_47_05,1288
2025-02-05_02_21,580
2025-01-07_44_46,1375
2025-02-26_14_30,1370
2025-02-10_45_42,1200
2025-02-02_46_44,2759
2025-02-17_38_36,1307
2025-02-16_46_09,2592
2025-02-21_32_19,1500
2025-02-15_47_43,2172
2025-02-26_34_45,1475
2025-01-28_47_28,1243
2025-01-21_45_46,3064
2025-02-16_30_14,1220
2025-02-24_03_45,606
2025-02-04_12_36,1427
2025-01-20_43_47,2661
2025-02-04_48_45,1357
2025-01-22_27_36,1073
2025-02-03_47_06,595
2025-01-23_46_09,2431
2025-02-14_03_45,704
2025-02-15_36_12,1975
2025-02-03_41_36,2034
2025-01-12_13_23,2183
2025-02-05_02_16,603
2025-02-07_05_45,721
2025-02-17_36_11,2021
2025-01-15_46_15,1232
2025-02-02_33_46,2395
2025-02-07_47_02,729
2025-02-04_48_46,2821
2025-01-06_47_02,681
2025-01-01_07_36,631
2025-01-20_36_41,3089
2025-02-15_03_47,698
2025-01-22_03_47,575
2025-01-13_36_37,831
2025-02-18_32_19,1211
2025-01-23_02_19,681
2025-01-15_47_46,1580
2025-02-26_05_45,720
2025-01-18_45_34,1413
2025-01-21_21_02,459
2025-01-14_21_02,459
2025-02-04_46_47,1185
2025-02-22_41_36,2318
2025-02-25_46_44,2232
2025-01-03_41_36,3635
2025-01-13_07_36,625
2025-01-25_47_08,642
2025-02-23_47_08,721
2025-02-07_47_08,610
2025-02-09_46_09,2592
2025-01-25_47_06,678
2025-01-28_46_33,619
2025-01-19_46_47,1970
2025-02-18_19_02,670
2025-02-14_46_45,3462
2025-01-13_15_46,1035
2025-02-01_48_46,4446
2025-02-19_47_28,1734
2025-01-10_09_45,1646
2025-02-11_46_26,1253
2025-01-18_02_14,688
2025-01-31_22_36,1271
2025-01-07_45_46,2628
2025-01-02_46_48,3352
2025-01-15_21_02,507
2025-02-28_02_14,669
2025-01-11_47_03,721
2025-02-28_02_21,685
2025-02-01_34_45,1512
2025-01-07_09_45,1328
2025-02-19_03_45,595
2025-01-13_05_45,660
2025-02-10_02_24,436
2025-01-21_45_03,539
2025-01-08_46_44,2288
2025-02-20_03_47,578
2025-02-16_34_45,2893
2025-02-14_20_46,1168
2025-02-02_45_34,1336
2025-02-13_47_46,1694
2025-01-14_45_03,539
2025-01-23_09_46,2400
2025-02-14_02_24,599
2025-02-10_02_47,692
2025-02-04_46_35,1316
2025-02-24_01_02,436
2025-02-17_17_23,1183
2025-02-15_09_46,2482
2025-02-16_23_13,1481
2025-01-28_37_36,171
2025-02-19_15_46,825
2025-01-05_39_45,2081
2025-01-01_02_31,680
2025-02-04_47_05,1288
2025-01-22_45_05,716
2025-02-16_19_30,1807
2025-02-11_46_47,1177
2025-01-16_28_47,1992
2025-01-25_19_30,1433
2025-02-21_19_32,2086
2025-01-26_46_47,1707
2025-01-05_30_14,1263
2025-01-30_26_46,1411
2025-02-13_45_47,3761
2025-01-21_43_47,2331
2025-02-12_47_02,708
2025-01-21_47_45,2826
2025-01-11_45_44,1919
2025-01-17_30_14,1460
2025-01-02_46_33,1558
2025-01-08_47_02,706
2025-01-14_36_11,1248
2025-02-22_46_09,2511
2025-02-05_36_27,1283
2025-01-17_01_02,608
2025-02-27_17_23,1007
2025-02-26_45_03,575
2025-02-27_26_46,1345
2025-02-18_04_29,438
2025-02-11_36_37,4818
2025-01-06_12_36,1641
2025-01-20_01_02,450
2025-02-16_46_48,3693
2025-01-23_45_47,3141
2025-01-27_02_01,595
2025-02-12_08_47,556
2025-01-11_02_01,683
2025-01-14_45_46,3047
2025-01-09_16_02,585
2025-01-21_02_01,524
2025-01-16_33_46,2236
2025-02-05_44_46,1503
2025-01-12_23_25,1414
2025-02-09_09_45,1820
2025-01-02_13_23,1983
2025-01-03_46_18,1377
2025-02-14_36_27,1378
2025-01-09_46_35,3295
2025-01-08_25_23,1229
2025-01-30_16_02,585
2025-01-07_02_47,661
2025-01-04_45_05,775
2025-01-03_47_30,1516
2025-01-17_40_02,1127
2025-02-23_36_27,1233
2025-02-02_02_01,757
2025-02-10_48_46,4101
2025-01-10_46_18,3371
2025-02-26_16_02,590
2025-01-19_46_15,1457
2025-02-24_35_46,1909
2025-02-19_45_28,1828
2025-02-05_02_47,677
2025-01-31_08_47,653
2025-02-04_05_45,708
2025-01-02_47_46,1616
2025-02-17_30_14,1339
2025-01-12_28_45,1982
2025-01-11_11_36,1505
2025-01-25_45_48,1620
2025-02-21_45_47,4217
2025-01-19_08_47,742
2025-02-16_28_45,2640
2025-01-30_30_14,1136
2025-01-19_44_46,5343
2025-02-14_36_12,1797
2025-02-11_39_45,1123
2025-02-15_45_28,2334
2025-01-08_04_29,491
2025-01-10_45_39,2431
2025-01-22_02_21,580
2025-02-07_36_11,2496
2025-02-09_20_46,1804
2025-02-07_45_47,3906
2025-01-12_47_03,755
2025-02-23_02_14,756
2025-01-15_33_46,2266
2025-02-25_02_47,661
2025-01-08_06_47,574
2025-01-17_45_48,2174
2025-01-10_46_48,7538
2025-02-12_23_25,1637
2025-02-03_36_22,910
2025-01-20_13_23,1622
2025-02-19_02_24,483
2025-01-12_03_45,758
2025-01-04_46_15,1384
2025-02-09_46_26,1635
2025-02-20_46_48,3528
2025-01-05_48_46,4536
2025-02-08_05_45,779
2025-02-21_37_36,1954
2025-01-13_46_20,2232
2025-01-02_31_02,671
2025-02-04_19_32,1723
2025-01-31_46_35,2946
2025-02-14_43_47,1936
2025-02-28_45_34,2171
2025-01-03_25_23,2040
2025-02-02_45_42,1561
2025-01-26_48_45,2153
2025-02-26_31_02,677
2025-02-13_21_02,514
2025-01-24_21_02,612
2025-02-17_39_45,1554
2025-01-12_32_19,1604
2025-01-07_27_36,995
2025-02-14_02_01,661
2025-02-06_31_02,672
2025-02-23_36_12,1490
2025-02-25_23_25,1278
2025-02-05_46_20,1071
2025-01-30_36_27,909
2025-02-27_27_36,1329
2025-01-15_36_27,1126
2025-02-22_38_36,1334
2025-02-26_25_23,1605
2025-02-10_01_02,436
2025-01-09_47_05,1314
2025-02-10_47_06,595
2025-01-26_25_23,3493
2025-01-15_46_26,1464
2025-02-09_11_36,2583
2025-01-16_04_29,531
2025-01-07_36_27,720
2025-02-04_02_24,453
2025-02-03_45_44,820
2025-01-07_19_30,1203
2025-01-30_12_36,1587
2025-02-20_46_35,2021
2025-01-19_02_16,758
2025-02-17_32_19,1761
2025-01-08_46_47,1222
2025-01-31_41_36,2732
2025-02-02_46_15,1414
2025-01-12_02_16,758
2025-02-05_04_29,455
2025-01-12_44_46,2984
2025-01-17_03_45,703
2025-02-23_37_36,3192
2025-01-21_25_23,1427
2025-01-09_15_46,920
2025-01-01_47_43,1524
2025-01-14_36_12,1250
2025-02-13_08_47,544
2025-01-12_30_02,1091
2025-02-02_31_02,880
2025-01-21_47_05,1288
2025-01-09_48_46,2547
2025-01-03_36_07,714
2025-02-07_47_45,3588
2025-01-27_46_35,1396
2025-02-22_26_46,1403
2025-01-23_19_32,1969
2025-02-18_16_02,562
2025-02-09_37_36,3809
2025-01-24_28_47,1326
2025-01-05_47_08,717
2025-02-02_19_32,2232
2025-01-28_45_48,1054
2025-01-30_45_44,1241
2025-02-12_09_45,1328
2025-01-24_20_46,1281
2025-01-16_42_45,1156
2025-01-12_36_07,799
2025-02-09_08_47,746
2025-01-17_47_46,1642
2025-01-22_36_37,268
2025-01-07_47_43,2612
2025-02-05_14_30,1375
2025-01-20_36_11,1350
2025-02-16_41_36,2861
2025-01-22_02_31,680
2025-01-23_48_45,1084
2025-01-23_02_14,570
2025-01-21_09_45,1328
2025-02-28_43_47,1799
2025-02-19_02_19,680
2025-02-22_44_45,982
2025-01-04_38_36,992
2025-02-17_45_46,2902
2025-01-16_39_45,1420
2025-01-04_02_47,804
2025-01-14_02_30,1059
2025-02-03_09_45,1331
2025-01-02_17_23,1017
2025-02-21_36_07,716
2025-01-02_02_16,600
2025-01-07_40_02,909
2025-02-06_46_48,3946
2025-02-05_45_03,575
2025-02-10_02_14,601
2025-02-16_14_30,1828
2025-01-16_19_30,1326
2025-01-28_03_47,479
2025-02-12_19_02,686
2025-02-11_27_36,1209
2025-02-09_46_20,1531
2025-02-10_02_40,1014
2025-02-13_06_47,573
2025-01-23_42_45,1361
2025-02-24_47_46,1410
2025-01-18_28_45,2460
2025-02-04_01_02,453
2025-02-10_18_46,1884
2025-02-04_09_46,2386
2025-02-20_05_45,696
2025-01-11_02_16,728
2025-01-14_47_03,565
2025-01-25_47_43,1722
2025-02-24_21_02,431
2025-02-25_09_45,1328
2025-01-21_28_47,1265
2025-01-12_46_44,3839
2025-02-14_42_45,1381
2025-01-29_44_45,782
2025-02-26_05_47,1187
2025-01-19_26_46,2349
2025-01-20_06_47,593
2025-01-15_47_30,1414
2025-02-08_36_37,3652
2025-01-12_36_11,1389
2025-01-13_46_45,2945
2025-01-16_48_45,2094
2025-02-21_47_43,2682
2025-01-14_04_29,465
2025-02-24_47_03,606
2025-01-20_39_45,1662
2025-02-01_45_39,1766
2025-02-15_46_18,1780
2025-01-26_47_30,1679
2025-01-22_17_23,930
2025-02-26_44_46,1121
2025-02-28_48_46,4071
2025-01-10_02_14,669
2025-02-16_47_06,745
2025-01-18_46_18,1788
2025-01-31_06_47,659
2025-01-14_44_45,1559
2025-01-22_46_20,1037
2025-02-10_05_47,1207
2025-02-24_30_14,1077
2025-01-07_36_07,613
2025-02-14_13_23,1726
2025-01-23_45_44,1045
2025-02-08_35_46,1584
2025-02-21_19_02,708
2025-02-28_45_39,2447
2025-01-12_15_46,1532
2025-02-26_47_05,1289
2025-02-10_23_13,1263
2025-02-01_20_46,1463
2025-01-04_01_02,622
2025-02-13_37_36,2447
2025-01-23_45_42,1609
2025-01-24_02_19,710
2025-01-11_46_20,2862
2025-02-18_05_47,1163
2025-01-05_46_20,1510
2025-02-03_40_02,997
2025-01-07_02_31,661
2025-01-14_27_36,903
2025-02-02_40_02,1071
2025-02-28_03_47,672
2025-01-06_03_47,595
2025-01-30_45_09,1322
2025-01-25_40_02,1205
2025-01-15_23_13,1008
2025-01-19_48_46,6611
2025-01-15_01_02,509
2025-01-24_02_47,700
2025-02-09_03_45,759
2025-02-07_19_30,1227
2025-02-12_41_36,1986
2025-01-29_46_45,2485
2025-02-17_47_08,436
2025-02-10_47_10,787
2025-01-31_36_22,1041
2025-02-04_26_46,1147
2025-01-22_46_15,1129
2025-01-19_05_45,822
2025-02-24_45_03,599
2025-02-27_45_39,1848
2025-01-06_02_40,1014
2025-01-26_02_16,758
2025-01-19_36_41,2531
2025-02-16_02_40,1123
2025-01-01_45_05,716
2025-01-08_41_36,2498
2025-01-14_47_45,3302
2025-01-17_11_36,1485
2025-01-07_46_18,1363
2025-02-14_45_28,3210
2025-01-22_39_45,1002
2025-02-12_46_45,2778
2025-01-22_14_30,1238
2025-01-22_08_47,556
2025-02-28_05_47,1172
2025-02-27_19_02,677
2025-01-12_36_22,1344
2025-01-18_05_47,1217
2025-01-03_30_02,1150
2025-02-21_45_34,2528
2025-01-03_05_45,719
2025-01-05_36_22,1470
2025-02-21_02_19,710
2025-01-14_46_20,1725
2025-01-05_13_23,2056
2025-01-22_35_46,1722
2025-02-10_38_36,1193
2025-02-19_45_05,718
2025-01-27_46_09,2407
2025-01-18_09_45,1681
2025-02-11_45_42,1248
2025-01-07_46_44,1849
2025-01-16_02_21,579
2025-01-22_46_18,1396
2025-01-20_47_28,1482
2025-01-07_45_03,539
2025-01-15_32_19,1612
2025-01-18_16_02,712
2025-01-13_19_30,1263
2025-02-06_45_44,1254
2025-01-26_36_41,3139
2025-02-17_46_33,608
2025-01-23_08_47,543
2025-01-04_36_41,3279
2025-01-14_09_45,1328
2025-01-20_46_20,1143
2025-01-05_34_45,3394
2025-01-21_02_30,1059
2025-02-07_02_30,1129
2025-01-09_05_45,695
2025-01-27_46_45,3078
2025-02-11_36_22,1031
2025-01-30_44_45,943
2025-01-10_19_32,2134
2025-02-23_23_25,1583
2025-02-25_25_23,1662
2025-02-25_47_46,1479
2025-02-09_47_06,745
2025-01-21_46_20,1052
2025-01-17_02_14,669
2025-01-22_45_34,1475
2025-01-08_30_02,873
2025-02-18_46_18,1081
2025-01-29_46_47,1068
2025-01-09_02_40,941
2025-01-06_47_30,1274
2025-01-16_02_40,941
2025-01-04_46_26,1404
2025-01-19_46_44,2604
2025-02-06_46_47,1381
2025-01-26_21_02,602
2025-01-19_16_02,748
2025-01-13_09_45,1331
2025-01-04_02_24,623
2025-02-24_45_48,1368
2025-01-22_02_16,603
2025-02-16_02_14,756
2025-02-15_46_09,2511
2025-02-17_02_19,691
2025-01-13_46_33,2185
2025-01-13_27_36,868
2025-02-25_03_47,479
2025-02-27_06_47,573
2025-02-14_09_46,2417
2025-02-15_36_41,2696
2025-01-24_36_12,1933
2025-02-11_20_46,1587
2025-01-18_47_43,2103
2025-01-18_48_45,2041
2025-01-05_36_27,971
2025-01-17_06_47,659
2025-02-22_05_45,779
2025-01-30_45_46,4000
2025-02-16_46_33,1065
2025-01-18_02_24,623
2025-02-11_45_48,1172
2025-01-01_45_03,576
2025-01-28_36_11,1316
2025-02-18_19_30,1450
2025-02-06_09_45,1349
2025-02-09_26_46,1989
2025-02-27_47_43,1900
2025-01-22_02_24,509
2025-01-21_30_02,870
2025-02-24_25_23,1888
2025-01-05_36_11,1260
2025-01-27_04_29,437
2025-02-27_46_18,1449
2025-01-09_45_28,3454
2025-01-03_36_37,219
2025-01-23_45_48,1694
2025-01-31_47_05,1618
2025-02-09_06_47,753
2025-01-25_47_46,1584
2025-02-02_02_14,756
2025-01-01_48_46,5326
2025-02-04_11_36,1571
2025-01-21_36_27,1005
2025-02-13_02_40,941
2025-01-21_46_45,2761
2025-02-24_43_47,1809
2025-01-25_02_01,683
2025-02-25_48_45,1133
2025-01-26_47_46,1571
2025-01-14_02_16,572
2025-01-20_19_32,1664
2025-02-13_23_25,1644
2025-01-20_12_36,1606
2025-01-29_47_43,1469
2025-02-21_47_46,1837
2025-02-03_37_36,2850
2025-02-02_47_43,1840
2025-01-04_47_28,1812
2025-02-18_36_37,3019
2025-02-14_47_45,3587
2025-01-08_02_21,580
2025-02-22_45_46,3232
2025-02-06_30_14,1355
2025-02-16_47_43,1973
2025-01-16_23_25,1457
2025-01-27_44_46,1606
2025-01-07_05_47,1162
2025-02-14_45_03,679
2025-01-07_46_20,1134
2025-02-25_27_36,1219
2025-01-31_47_43,2033
2025-01-23_34_45,1223
2025-02-15_44_45,1011
2025-01-28_02_16,572
2025-01-30_36_12,1419
2025-02-28_46_18,2118
2025-01-21_02_14,538
2025-01-15_02_01,576
2025-02-14_08_47,653
2025-01-25_36_12,1948
2025-01-03_15_46,1555
2025-01-06_22_36,969
2025-01-29_19_32,1611
2025-02-02_35_46,3605
2025-02-17_02_40,1014
2025-01-17_28_47,1714
2025-01-22_20_46,1121
2025-01-29_02_31,680
2025-01-11_45_46,3693
2025-01-15_03_47,575
2025-01-29_45_03,576
2025-02-26_47_46,1378
2025-01-31_44_46,1931
2025-01-16_02_16,600
2025-02-22_14_30,1716
2025-02-09_41_36,2533
2025-01-03_04_29,589
2025-01-11_19_32,2164
2025-02-04_22_36,1124
2025-01-22_32_19,1503
2025-01-16_06_47,573
2025-02-16_36_41,2449
2025-01-17_25_23,1391
2025-02-19_44_45,778
2025-01-21_31_02,654
2025-02-17_47_10,700
2025-01-27_36_37,1878
2025-02-04_47_30,1232
2025-02-25_46_26,1198
2025-02-13_20_46,1077
2025-01-16_17_23,949
2025-01-18_05_45,774
2025-02-21_46_45,3771
2025-01-18_02_30,1265
2025-01-05_02_24,570
2025-02-19_05_47,1187
2025-02-12_45_48,1228
2025-01-06_46_18,1254
2025-02-22_25_23,1909
2025-01-04_45_09,1661
2025-01-30_47_10,830
2025-01-06_23_25,1465
2025-01-02_34_45,3067
2025-02-17_30_02,1182
2025-02-05_30_02,876
2025-02-18_27_36,1220
2025-01-21_01_02,473
2025-01-25_16_02,712
2025-01-07_36_11,1394
2025-01-02_47_28,1478
2025-01-20_30_14,1094
2025-01-10_26_46,1547
2025-01-02_45_05,693
2025-01-06_30_02,1143
2025-02-05_47_02,708
2025-02-17_31_02,692
2025-02-08_02_16,729
2025-01-07_17_23,1119
2025-01-26_47_08,717
2025-02-15_23_13,1697
2025-01-12_02_01,750
2025-02-28_44_45,1079
2025-02-13_48_46,2640
2025-01-06_46_47,1298
2025-01-28_45_03,539
2025-01-04_45_42,1432
2025-02-20_45_28,2801
2025-02-06_07_36,635
2025-01-16_36_22,931
2025-02-20_45_05,694
2025-01-13_45_42,1230
2025-02-19_46_35,1384
2025-02-13_46_47,1616
2025-02-01_45_47,3483
2025-02-20_47_03,589
2025-01-27_41_36,2598
2025-01-23_02_47,669
2025-02-01_46_47,1589
2025-01-28_45_09,1295
2025-01-10_02_16,711
2025-02-14_11_36,1770
2025-01-17_22_36,990
2025-01-06_36_41,3009
2025-02-06_02_14,570
2025-02-21_45_48,2086
2025-02-28_31_02,704
2025-02-05_16_02,590
2025-01-25_46_18,1374
2025-02-22_03_45,723
2025-01-17_36_07,714
2025-02-04_05_47,1163
2025-01-03_46_44,2023
2025-02-11_02_01,524
2025-01-15_31_02,675
2025-02-26_02_47,677
2025-01-21_06_47,522
2025-02-04_02_14,540
2025-01-07_45_48,1149
2025-02-21_45_09,1624
2025-02-03_34_45,1835
2025-01-29_35_46,1400
2025-01-14_46_15,1500
2025-01-14_36_07,613
2025-02-15_47_10,976
2025-01-09_30_02,888
2025-01-20_45_28,1355
2025-01-01_45_39,1412
2025-02-15_43_47,2078
2025-01-17_44_45,1345
2025-01-01_33_46,1541
2025-01-12_44_45,1391
2025-02-14_47_28,2477
2025-01-29_45_46,2964
2025-01-30_19_32,1679
2025-01-08_46_45,2775
2025-02-17_47_46,1342
2025-01-05_12_36,2239
2025-01-10_14_30,1274
2025-01-10_15_46,1427
2025-01-17_47_30,1907
2025-01-09_06_47,573
2025-02-16_04_29,531
2025-01-09_44_46,1430
2025-02-06_02_19,681
2025-02-22_36_07,733
2025-01-22_09_46,2393
2025-01-31_45_05,717
2025-01-21_46_44,1514
2025-01-25_02_24,623
2025-01-15_39_45,1342
2025-01-18_06_47,680
2025-02-09_45_09,1809
2025-02-09_17_23,1145
2025-01-14_46_18,2125
2025-02-20_47_30,1454
2025-01-10_47_03,702
2025-02-10_14_30,1543
2025-01-21_46_15,1052
2025-01-03_45_28,2694
2025-01-15_46_44,2067
2025-02-22_37_36,3505
2025-01-02_47_03,589
2025-01-03_46_45,2937
2025-02-23_39_45,2340
2025-02-14_27_36,1188
2025-02-06_02_21,579
2025-02-11_02_16,573
2025-01-08_40_02,909
2025-01-21_42_45,1192
2025-02-09_35_46,3181
2025-02-23_35_46,3442
2025-01-22_38_36,846
2025-01-01_36_37,102
2025-02-20_28_47,1373
2025-02-20_45_39,1925
2025-01-23_46_18,1593
2025-01-26_36_37,845
2025-02-01_14_30,1331
2025-02-23_05_45,826
2025-02-19_46_15,1112
2025-01-18_46_20,1813
2025-01-17_02_47,700
2025-01-21_03_45,565
2025-01-04_45_48,1431
2025-02-10_27_36,1336
2025-01-16_46_35,1977
2025-01-23_31_02,671
2025-02-22_46_47,1409
2025-01-17_43_47,2767
2025-02-11_41_36,2009
2025-02-06_45_42,1582
2025-02-01_45_09,1660
2025-01-09_34_45,1320
2025-02-03_27_36,1370
2025-01-09_32_19,1554
2025-02-17_46_18,1031
2025-02-16_35_46,3681
2025-02-12_22_36,1158
2025-01-05_46_44,2672
2025-01-03_23_13,1493
2025-02-06_13_23,1661
2025-02-07_02_19,710
2025-02-04_36_22,919
2025-02-22_36_22,1149
2025-01-25_20_46,1143
2025-01-12_14_30,2069
2025-01-27_26_46,1293
2025-02-17_47_06,595
2025-01-14_37_36,343
2025-01-23_13_23,1848
2025-01-25_46_44,2167
2025-01-09_12_36,1414
2025-01-06_37_36,-28
2025-01-13_46_35,4335
2025-02-07_12_36,1596
2025-02-14_45_39,2601
2025-01-09_13_23,1404
2025-02-26_44_45,849
2025-01-29_36_11,1377
2025-02-11_46_18,1387
2025-02-02_42_45,2460
2025-02-15_21_02,620
2025-02-16_27_36,1846
2025-02-27_47_03,589
2025-01-19_31_02,875
2025-01-13_36_12,1359
2025-01-03_02_47,700
2025-01-16_19_32,1668
2025-01-17_05_47,1170
2025-02-07_45_48,2120
2025-02-12_36_12,1438
2025-01-02_27_36,1241
2025-02-12_46_35,1471
2025-02-10_44_46,2461
2025-01-25_06_47,680
2025-01-25_48_45,1506
2025-01-24_15_46,1156
2025-02-03_45_39,959
2025-02-24_18_46,1343
2025-01-11_36_27,962
2025-02-06_36_37,2701
2025-01-27_09_45,1331
2025-02-25_02_30,1062
2025-02-12_19_32,1653
2025-02-19_45_09,1296
2025-01-21_05_45,706
2025-02-18_02_47,661
2025-02-25_47_10,1062
2025-01-06_47_28,1347
2025-01-29_46_35,1755
2025-01-09_46_20,1924
2025-02-06_23_13,1301
2025-01-11_20_46,1117
2025-01-04_31_02,807
2025-01-09_28_47,1417
2025-02-25_19_30,1207
2025-01-25_45_46,3365
2025-02-11_34_45,1440
2025-02-02_36_22,1372
2025-01-19_44_45,2226
2025-02-10_09_46,2394
2025-02-03_47_28,1239
2025-02-20_45_34,1787
2025-02-07_09_45,1645
2025-02-28_02_24,599
2025-02-01_46_18,2000
2025-02-07_47_03,703
2025-02-16_05_45,826
2025-02-19_45_48,1333
2025-02-04_34_45,1283
2025-02-20_35_46,1587
2025-02-28_46_48,4828
2025-02-02_02_30,1910
2025-01-31_48_45,1570
2025-01-19_02_40,1123
2025-02-10_26_46,1312
2025-01-30_02_40,941
2025-02-03_36_41,2925
2025-01-12_47_05,1783
2025-01-23_22_36,855
2025-02-11_45_34,1038
2025-02-20_47_28,2197
2025-01-14_39_45,1949
2025-01-15_47_05,1288
2025-02-06_26_46,1226
2025-01-16_44_46,3793
2025-02-08_39_45,1578
2025-02-28_48_45,1400
2025-02-05_19_30,1388
2025-02-13_46_45,3335
2025-01-26_08_47,742
2025-01-02_15_46,2168
2025-01-04_44_46,1772
2025-01-02_07_36,635
2025-02-23_46_35,1714
2025-02-20_46_33,729
2025-02-19_45_44,872
2025-01-07_19_02,670
2025-01-26_45_48,1381
2025-02-26_23_25,1466
2025-02-16_46_45,4605
2025-01-17_46_47,1221
2025-01-21_03_47,479
2025-01-20_47_03,606
2025-01-16_08_47,543
2025-02-26_01_02,483
2025-01-16_03_47,578
2025-02-01_46_15,1896
2025-02-15_46_35,2167
2025-01-10_45_48,2850
2025-02-24_03_47,597
2025-02-07_36_07,716
2025-02-14_46_26,1496
2025-02-12_38_36,1099
2025-01-31_39_45,1194
2025-01-18_23_13,1668
2025-01-05_46_15,1369
2025-01-18_47_46,1918
2025-01-11_02_21,703
2025-01-07_19_32,1717
2025-02-21_48_45,1226
2025-01-27_28_45,1860
2025-02-17_23_13,1192
2025-01-16_09_46,2400
2025-02-24_46_18,1472
2025-01-14_48_45,2131
2025-02-26_36_11,1802
2025-02-15_47_05,1649
2025-02-12_05_45,720
2025-01-24_18_46,1297
2025-02-21_47_06,661
2025-02-17_12_36,1616
2025-01-30_25_23,1229
2025-02-22_39_45,1634
2025-01-25_43_47,1776
2025-02-18_45_05,711
2025-02-25_38_36,1042
2025-01-30_47_45,3080
2025-01-30_07_36,635
2025-02-03_13_23,1688
2025-01-27_09_46,2393
2025-01-20_47_46,1372
2025-02-13_02_01,576
2025-02-20_47_45,3434
2025-02-01_07_36,723
2025-01-19_02_24,570
2025-02-14_47_43,2912
2025-01-20_47_05,1298
2025-01-16_45_48,1625
2025-01-26_48_46,4769
2025-02-09_36_11,2025
2025-01-12_48_45,1901
2025-01-24_45_28,3083
2025-02-05_47_45,2854
2025-01-05_45_34,1773
2025-02-23_46_45,4179
2025-02-28_02_19,710
2025-02-19_37_36,1656
2025-01-09_45_05,693
2025-01-01_46_20,1067
2025-01-06_21_02,446
2025-01-12_02_40,1123
2025-01-24_26_46,1450
2025-02-14_45_05,719
2025-02-13_42_45,1215
2025-01-02_44_46,2065
2025-02-10_05_45,661
2025-02-23_17_23,1240
2025-02-15_45_34,1622
2025-01-09_45_48,2139
2025-01-02_46_47,1307
2025-01-22_45_03,576
2025-01-25_45_34,1582
2025-01-15_45_48,1546
2025-01-02_23_13,1611
2025-01-25_09_45,1681
2025-02-09_23_25,1257
2025-02-27_08_47,544
2025-02-14_12_36,1594
2025-02-06_36_41,2753
2025-02-14_05_45,721
2025-01-29_47_08,514
2025-01-21_47_46,1306
2025-02-25_28_45,1306
2025-02-08_45_34,1981
2025-01-26_45_47,3529
2025-01-26_01_02,570
2025-02-24_11_36,1664
2025-01-28_19_30,1074
2025-02-15_39_45,1601
2025-01-13_18_46,1275
2025-02-16_32_19,1869
2025-01-07_34_45,1736
2025-02-24_46_09,2407
2025-02-01_02_21,703
2025-02-19_36_41,2757
2025-01-23_47_43,1501
2025-01-31_26_46,1597
2025-02-27_47_46,1431
2025-01-07_47_08,465
2025-01-15_44_45,1931
2025-02-27_12_36,1388
2025-01-21_18_46,1785
2025-02-13_03_47,578
2025-01-13_46_09,2407
2025-01-06_30_14,960
2025-01-28_39_45,1206
2025-02-10_45_05,664
2025-01-25_46_48,3295
2025-02-24_16_02,607
2025-01-20_46_47,1244
2025-01-30_02_31,681
2025-01-30_48_45,1253
2025-01-24_45_47,3358
2025-01-03_16_02,696
2025-02-26_21_02,481
2025-01-06_36_27,764
2025-02-11_38_36,866
2025-01-30_20_46,1104
2025-01-18_20_46,2250
2025-01-21_40_02,909
2025-01-21_09_46,2385
2025-02-10_02_16,611
2025-02-08_45_28,2234
2025-02-25_47_05,1288
2025-02-24_47_08,436
2025-01-19_27_36,1367
2025-02-20_46_47,1419
2025-02-26_07_36,631
2025-01-22_02_30,1082
2025-02-09_28_47,2401
2025-02-09_21_02,606
2025-01-07_42_45,1244
2025-01-17_23_13,1435
2025-01-04_35_46,2405
2025-01-03_47_46,1706
2025-01-26_46_44,2338
2025-02-06_08_47,544
2025-02-13_01_02,524
2025-02-20_02_14,570
2025-02-20_02_40,941
2025-02-06_46_15,1454
2025-01-25_02_14,688
2025-02-28_33_46,933
2025-01-11_21_02,630
2025-02-16_47_02,957
2025-02-07_02_14,669
2025-02-08_07_36,723
2025-01-13_21_02,446
2025-02-25_47_08,445
2025-02-08_01_02,614
2025-01-16_46_47,1244
2025-01-20_33_46,1482
2025-01-16_47_08,550
2025-02-12_07_36,631
2025-01-07_37_36,-25
2025-01-22_48_46,2952
2025-02-26_46_18,1682
2025-02-01_46_45,3180
2025-01-19_47_45,4646
2025-02-05_39_45,1303
2025-02-12_16_02,590
2025-01-18_12_36,1661
2025-01-02_21_02,538
2025-02-10_47_45,3524
2025-02-13_34_45,1424
2025-02-21_45_03,679
2025-01-19_47_02,936
2025-02-17_47_43,1254
2025-02-23_46_20,1496
2025-01-06_46_15,1065
2025-02-01_30_14,1375
2025-01-03_26_46,1335
2025-01-24_45_39,2410
2025-02-23_36_07,803
2025-01-10_37_36,139
2025-02-21_39_45,1337
2025-01-20_36_27,879
2025-02-02_47_05,1788
2025-02-24_47_10,786
2025-01-19_46_18,1884
2025-01-08_19_02,686
2025-02-23_47_30,1799
2025-01-11_02_40,1220
2025-01-06_36_07,628
2025-02-20_45_03,573
2025-01-14_40_02,909
2025-02-01_02_31,813
2025-02-12_02_24,483
2025-01-02_40_02,929
2025-01-30_23_25,1084
2025-01-07_02_40,924
2025-02-20_03_45,592
2025-01-03_47_08,613
2025-01-30_45_47,3625
2025-01-08_32_19,1476
2025-01-08_45_48,1609
2025-01-28_33_46,672
2025-02-28_47_45,3520
2025-02-16_45_46,4307
2025-01-15_38_36,782
2025-02-02_23_13,1641
2025-01-03_44_45,1036
2025-01-13_36_41,3183
2025-02-13_48_45,1146
2025-01-18_45_42,1627
2025-02-10_46_45,3770
2025-01-30_45_48,2183
2025-01-12_48_46,3917
2025-02-24_47_43,1483
2025-02-12_32_19,1318
2025-02-19_02_47,677
2025-02-11_45_09,1296
2025-01-01_47_05,1288
2025-02-12_04_29,455
2025-01-16_03_45,591
2025-01-24_45_34,2579
2025-02-28_30_02,1151
2025-01-05_40_02,1071
2025-01-23_07_36,635
2025-02-13_14_30,1207
2025-02-06_32_19,1436
2025-02-13_25_23,1093
2025-02-19_25_23,1690
2025-01-20_25_23,1407
2025-02-18_28_45,1698
2025-01-31_17_23,929
2025-02-10_47_30,1356
2025-01-24_08_47,653
2025-02-01_46_44,3249
2025-02-18_46_33,789
2025-02-05_47_03,596
2025-01-05_47_45,4320
2025-01-03_09_46,2417
2025-02-15_01_02,614
2025-01-30_15_46,1028
2025-01-10_09_46,2417
2025-02-24_47_02,682
2025-01-10_46_45,2958
2025-02-25_02_31,661
2025-01-20_05_47,1203
2025-01-04_03_47,698
2025-02-02_04_29,531
2025-01-25_28_47,1365
2025-02-04_36_37,1802
2025-02-08_18_46,1528
2025-01-07_46_15,1131
2025-01-02_45_03,573
2025-02-14_14_30,1392
2025-02-21_20_46,1191
2025-01-22_21_02,507
2025-01-22_19_32,1636
2025-01-23_36_37,418
2025-02-11_48_46,3742
2025-02-02_45_05,816
2025-01-08_22_36,1012
2025-02-07_25_23,1266
2025-02-23_01_02,569
2025-01-07_47_30,1298
2025-02-02_25_23,1253
2025-02-09_05_47,1938
2025-02-15_47_28,2341
2025-02-22_42_45,1393
2025-02-10_37_36,1981
2025-01-14_35_46,2394
2025-02-14_30_02,1151
2025-02-09_48_46,4493
2025-01-23_39_45,1114
2025-01-27_05_47,1203
2025-01-06_05_45,660
2025-02-21_14_30,1438
2025-02-19_41_36,2000
2025-02-23_12_36,2357
2025-01-29_43_47,1137
2025-02-09_36_07,803
2025-02-04_19_30,1437
2025-02-16_40_02,1071
2025-02-24_09_45,1331
2025-01-11_03_45,722
2025-01-09_47_06,560
2025-01-28_47_08,465
2025-02-23_38_36,2051
2025-02-28_22_36,1252
2025-02-04_41_36,2330
2025-02-17_18_46,1162
2025-02-09_45_03,758
2025-01-02_47_30,1523
2025-01-06_04_29,437
2025-01-17_26_46,1379
2025-01-15_36_41,3920
2025-02-13_02_21,579
2025-02-10_31_02,692
2025-02-22_46_35,2157
2025-01-07_23_13,956
2025-02-25_02_21,549
2025-02-22_07_36,723
2025-01-01_47_02,706
2025-01-14_45_34,1153
2025-02-15_45_05,780
2025-01-02_47_06,560
2025-02-08_14_30,1639
2025-01-02_46_18,1374
2025-02-09_14_30,2203
2025-02-08_28_45,1545
2025-01-26_47_03,755
2025-02-04_44_46,1607
2025-01-17_47_02,727
2025-02-03_11_36,1697
2025-01-12_18_46,1760
2025-01-31_45_09,1625
2025-02-01_32_19,1594
2025-01-26_40_02,1071
2025-02-24_02_14,601
2025-01-11_13_23,1646
2025-02-15_45_09,1660
2025-01-04_48_45,1944
2025-01-01_23_13,1255
2025-01-23_36_27,906
2025-01-27_37_36,234
2025-01-03_36_22,933
2025-02-21_44_45,932
2025-02-23_46_33,1359
2025-01-30_28_45,1480
2025-01-19_45_48,1599
2025-01-03_18_46,1336
2025-01-31_36_12,1971
2025-01-18_35_46,3682
2025-02-18_45_34,1011
2025-01-17_31_02,704
2025-02-11_36_41,2545
2025-02-23_41_36,2884
2025-01-17_02_40,1150
2025-01-24_45_05,717
2025-02-17_15_46,1033
2025-02-20_11_36,1695
2025-01-11_09_45,1681
2025-02-27_45_46,3354
2025-01-21_46_35,1356
2025-02-09_47_30,1841
2025-01-18_46_48,4153
2025-01-22_13_23,1556
2025-01-23_11_36,1265
2025-02-28_46_35,3261
2025-01-11_45_48,3074
2025-01-30_36_07,641
2025-02-08_41_36,2457
2025-02-27_09_46,2400
2025-02-09_02_16,761
2025-01-19_36_07,799
2025-02-28_12_36,1678
2025-01-28_47_43,1361
2025-02-23_28_45,2697
2025-02-27_45_48,2018
2025-02-16_02_19,896
2025-02-18_02_24,453
2025-02-26_45_48,1672
2025-01-07_02_30,1059
2025-02-14_46_44,2753
2025-01-09_45_09,1322
2025-01-28_48_46,2497
2025-02-20_02_30,1119
2025-02-12_31_02,677
2025-02-18_36_07,615
2025-02-05_36_37,1956
2025-01-13_45_46,3330
2025-02-14_23_25,1659
2025-01-12_05_47,1791
2025-01-06_28_45,1376
2025-01-28_27_36,1033
2025-02-06_37_36,655
2025-01-15_45_05,716
2025-01-27_38_36,887
2025-02-20_36_12,1818
2025-01-03_46_26,1350
2025-01-25_39_45,1452
2025-01-06_02_47,692
2025-02-10_45_03,599
2025-02-28_46_20,1821
2025-01-27_02_21,599
2025-02-07_45_05,719
2025-01-16_05_45,695
2025-01-07_47_02,703
2025-01-04_23_13,1608
2025-02-17_26_46,1304
2025-01-24_43_47,1686
2025-01-21_17_23,882
2025-01-08_46_35,2689
2025-02-25_32_19,1310
2025-02-28_15_46,1147
2025-02-17_07_36,625
2025-02-05_46_18,1415
2025-01-12_38_36,1125
2025-01-09_22_36,894
2025-01-21_30_14,1159
2025-02-14_47_06,661
2025-02-19_28_47,1303
2025-01-27_13_23,1868
2025-02-10_20_46,1667
2025-01-27_11_36,1615
2025-02-19_46_26,1159
2025-02-03_36_11,1497
2025-01-28_46_44,1417
2025-01-10_36_07,714
2025-01-18_42_45,1349
2025-02-10_46_18,1437
2025-01-24_17_23,940
2025-02-07_03_45,704
2025-01-04_25_23,2867
2025-02-07_45_39,2415
2025-01-21_37_36,81
2025-02-22_02_21,703
2025-02-28_27_36,1672
2025-01-03_47_28,1915
2025-01-23_02_21,579
2025-02-04_04_29,438
2025-02-01_47_28,1921
2025-01-26_47_28,1704
2025-01-21_45_44,733
2025-01-05_45_39,1390
2025-01-06_38_36,948
2025-02-27_30_02,892
2025-01-13_43_47,1659
2025-02-28_02_31,710
2025-02-02_23_25,1245
2025-01-11_12_36,1534
2025-01-02_09_46,2400
2025-01-10_02_21,685
2025-02-07_45_28,3174
2025-01-14_02_24,473
2025-02-24_46_45,2883
2025-02-08_08_47,666
2025-02-24_19_30,1473
2025-01-26_39_45,2449
2025-01-20_23_13,1290
2025-02-08_46_33,1767
2025-02-08_47_10,1022
2025-01-11_47_28,3089
2025-02-08_36_41,3082
2025-02-10_23_25,1320
2025-01-09_05_47,1205
2025-02-28_35_46,1586
2025-02-19_40_02,909
2025-01-11_46_35,5008
2025-01-13_02_31,681
2025-02-24_46_44,1390
2025-01-13_47_05,1298
2025-02-11_47_08,445
2025-01-25_18_46,1669
2025-01-07_02_19,661
2025-01-22_05_45,718
2025-01-06_36_11,1289
2025-01-23_48_46,2849
2025-01-05_45_48,1305
2025-01-03_03_47,672
2025-02-05_03_47,575
2025-02-27_40_02,928
2025-01-21_14_30,1186
2025-01-25_46_26,1477
2025-01-03_46_09,2448
2025-02-16_02_01,757
2025-02-24_19_32,1727
2025-02-25_47_43,1654
2025-01-24_27_36,980
2025-01-10_02_01,661
2025-02-15_31_02,810
2025-01-15_02_40,917
2025-01-10_47_05,1618
2025-01-04_02_16,728
2025-02-05_40_02,909
2025-02-14_47_08,610
2025-02-27_47_28,1954
2025-01-20_47_45,3213
2025-01-22_05_47,1186
2025-01-20_02_01,595
2025-01-04_14_30,1481
2025-02-03_20_46,1475
2025-01-12_36_37,871
2025-02-25_19_02,670
2025-02-04_45_44,849
2025-01-15_45_46,3291
2025-01-31_03_45,703
2025-02-27_48_45,1832
2025-01-02_36_11,1327
2025-01-12_11_36,1660
2025-02-15_37_36,3707
2025-02-10_45_47,2980
2025-01-12_19_30,1512
2025-02-09_36_37,2762
2025-02-25_44_45,768
2025-01-28_47_46,1489
2025-01-29_02_16,603
2025-01-11_35_46,1809
2025-01-09_03_45,591
2025-01-28_02_40,924
2025-02-09_02_47,864
2025-01-16_38_36,619
2025-01-11_44_45,1059
2025-02-01_36_37,3397
2025-01-24_02_16,711
2025-01-30_46_35,1894
2025-02-19_45_03,575
2025-02-27_46_09,2431
2025-01-09_47_10,2013
2025-01-30_11_36,1436
2025-02-24_48_46,3095
2025-01-12_01_02,570
2025-01-25_23_25,1854
2025-01-30_46_45,2708
2025-01-14_05_47,1162
2025-02-22_19_30,1450
2025-01-17_35_46,3191
2025-02-21_09_45,1645
2025-02-01_02_16,729
2025-02-28_41_36,2035
2025-02-13_30_02,892
2025-02-12_28_47,1613
2025-01-08_47_43,3468
2025-01-06_47_05,1298
2025-01-01_45_46,4127
2025-01-05_41_36,3044
2025-01-05_46_48,3918
2025-02-15_30_02,1246
2025-01-22_26_46,1229
2025-01-13_19_02,700
2025-01-05_47_10,1286
2025-02-12_45_05,718
2025-02-06_47_28,2227
2025-02-28_47_43,2399
2025-01-22_02_19,680
2025-01-13_45_03,597
2025-02-21_03_45,704
2025-02-04_08_47,516
2025-01-01_47_46,1639
2025-02-02_45_46,4558
2025-02-27_47_45,3105
2025-01-26_17_23,1170
2025-02-23_04_29,531
2025-01-18_45_44,1500
2025-01-15_45_09,1296
2025-01-18_36_07,732
2025-01-15_46_18,1477
2025-01-19_47_06,741
2025-02-11_47_30,1123
2025-02-01_28_45,1510
2025-01-24_31_02,704
2025-02-14_30_14,1739
2025-01-30_36_11,1555
2025-01-07_02_01,524
2025-02-09_30_02,1093
2025-02-02_11_36,2403
2025-01-04_47_43,1967
2025-01-05_16_02,748
2025-01-01_11_36,1540
2025-01-11_26_46,1669
2025-01-24_01_02,608
2025-02-22_28_45,1570
2025-01-09_31_02,671
2025-02-03_38_36,1072
2025-01-29_47_28,1771
2025-01-27_02_14,599
2025-02-23_06_47,753
2025-02-04_07_36,605
2025-02-13_33_46,689
2025-02-18_23_13,1173
2025-02-20_41_36,1894
2025-01-17_45_34,2176
2025-02-04_46_45,2931
2025-02-26_02_21,580
2025-02-05_02_14,578
2025-02-26_47_45,3004
2025-01-14_05_45,706
2025-01-19_33_46,2667
2025-01-31_47_03,702
2025-02-22_46_18,1542
2025-01-03_30_14,1297
2025-02-11_43_47,1229
2025-02-17_36_37,3078
2025-01-10_21_02,612
2025-01-25_02_30,1265
2025-01-22_30_14,973
2025-01-16_18_46,2765
2025-01-15_47_45,3235
2025-02-28_45_42,1912
2025-01-26_45_34,1469
2025-02-24_28_45,1888
2025-01-16_36_37,290
2025-02-25_18_46,1177
2025-01-31_12_36,2183
2025-02-14_38_36,1104
2025-02-25_36_22,1063
2025-02-15_46_26,1486
2025-02-02_13_23,2141
2025-02-03_48_46,4123
2025-02-03_18_46,1692
2025-01-24_40_02,1127
2025-01-19_02_31,884
2025-01-29_47_06,570
2025-01-25_42_45,1376
2025-02-22_36_27,1380
2025-02-18_42_45,1203
2025-01-26_02_24,570
2025-01-12_46_47,1428
2025-01-24_47_02,727
2025-02-13_46_35,2049
2025-02-03_09_46,2394
2025-01-26_36_27,1177
2025-02-20_32_19,1349
2025-02-26_48_46,3514
2025-02-12_23_13,1233
2025-02-09_15_46,1795
2025-02-19_31_02,677
2025-01-18_41_36,2985
2025-02-02_46_20,1582
2025-01-20_45_03,597
2025-02-22_22_36,1411
2025-01-30_35_46,1446
2025-02-01_30_02,1246
2025-01-05_31_02,875
2025-01-21_47_02,703
2025-02-22_08_47,666
2025-01-13_44_46,2007
2025-01-28_36_27,944
2025-02-25_22_36,1095
2025-01-26_45_03,756
2025-02-22_45_34,1710
2025-02-14_36_11,2582
2025-02-09_19_02,873
2025-01-11_46_09,2511
2025-01-29_47_02,706
2025-02-02_45_39,1477
2025-01-13_17_23,1047
2025-02-21_47_02,729
2025-01-12_36_12,1391
2025-02-07_17_23,1027
2025-02-10_19_30,1384
2025-02-09_22_36,1515
2025-01-05_07_36,794
2025-02-20_43_47,1508
2025-01-13_30_02,1143
2025-02-26_45_05,718
2025-01-19_45_05,811
2025-02-12_36_27,1236
2025-02-01_45_05,780
2025-02-06_44_45,958
2025-02-07_05_47,1172
2025-02-22_36_11,2513
2025-01-13_46_18,3129
2025-01-27_25_23,1821
2025-02-25_12_36,1373
2025-02-18_37_36,2349
2025-02-01_02_47,808
2025-02-13_26_46,1257
2025-01-09_46_45,2733
2025-01-07_09_46,2385
2025-01-26_36_12,1680
2025-01-30_45_39,1979
2025-01-23_02_30,1118
2025-02-04_45_05,711
2025-01-06_25_23,1437
2025-02-07_45_09,1624
2025-01-23_47_03,589
2025-01-01_04_29,491
2025-01-17_46_33,956
2025-01-08_28_45,1204
2025-02-24_47_45,2986
2025-01-30_46_09,2431
2025-02-03_46_48,2840
2025-01-14_46_47,1253
2025-01-29_30_14,1155
2025-01-25_02_16,728
2025-01-04_22_36,1119
2025-01-28_23_25,1278
2025-02-12_46_26,1193
2025-02-19_09_45,1328
2025-02-04_47_43,1636
2025-01-30_47_05,1314
2025-02-03_47_46,1319
2025-01-31_36_07,714
2025-01-23_23_13,1793
2025-01-10_28_47,2062
2025-02-13_46_26,1196
2025-01-30_34_45,1278
2025-01-12_46_45,3136
2025-02-12_42_45,1171
2025-01-23_46_15,1277
2025-02-09_19_32,2182
2025-01-19_36_12,1604
2025-02-11_25_23,1629
2025-01-28_47_45,2617
2025-02-18_45_48,1196
2025-01-19_46_48,4237
2025-02-06_40_02,928
2025-02-06_05_47,1206
2025-02-05_09_45,1328
2025-01-24_47_46,1835
2025-01-21_47_28,1277
2025-01-22_37_36,103
2025-02-06_47_05,1314
2025-02-27_46_33,607
2025-01-01_19_02,686
2025-02-12_46_15,980
2025-01-27_45_34,1062
2025-02-04_47_08,445
2025-02-17_19_30,1309
2025-02-12_01_02,483
2025-02-11_37_36,1698
2025-01-12_02_30,1799
2025-01-05_47_06,741
2025-01-04_05_47,1217
2025-01-15_45_47,3265
2025-01-04_46_33,1138
2025-02-15_08_47,666
2025-02-28_36_27,1545
2025-02-08_03_45,723
2025-02-05_47_43,1975
2025-01-05_32_19,1657
2025-02-17_40_02,997
2025-02-21_09_46,2417
2025-01-29_17_23,788
2025-02-10_45_44,889
2025-01-07_16_02,560
2025-02-25_46_15,1080
2025-02-26_02_31,681
2025-01-12_03_47,751
2025-02-26_02_16,603
2025-01-15_46_45,3506
2025-02-13_44_46,1454
2025-01-30_46_15,1929
2025-02-01_47_43,1611
2025-02-24_07_36,625
2025-02-22_05_47,1219
2025-02-08_02_21,703
2025-01-01_03_45,596
2025-02-12_02_47,677
2025-01-09_30_14,1151
2025-01-15_36_22,954
2025-02-28_36_12,1821
2025-01-20_45_46,3124
2025-01-18_47_03,721
2025-01-25_01_02,622
2025-01-28_01_02,473
2025-01-08_45_46,2909
2025-02-17_46_48,2558
2025-01-08_47_06,570
2025-01-30_05_47,1205
2025-02-12_45_03,575
2025-02-03_36_07,630
2025-02-22_46_26,1393
2025-01-22_11_36,1276
2025-01-16_36_27,928
2025-02-01_22_36,1188
2025-02-18_33_46,901
2025-01-29_46_18,1504
2025-01-19_09_45,1815
2025-01-29_02_47,677
2025-01-06_47_08,450
2025-02-19_02_16,603
2025-02-21_46_20,1597
2025-01-11_31_02,807
2025-02-10_28_45,2018
2025-02-25_31_02,655
2025-02-17_35_46,2210
2025-02-27_43_47,1384
2025-02-23_23_13,1738
2025-01-03_31_02,704
2025-01-14_47_02,703
2025-01-21_12_36,1293
2025-01-01_40_02,909
2025-02-23_28_47,2406
2025-01-02_46_09,2431
2025-01-05_36_07,799
2025-02-10_46_33,900
2025-01-01_36_41,3148
2025-02-04_38_36,1072
2025-02-21_47_03,703
2025-01-18_45_28,2177
2025-01-18_25_23,1553
2025-02-02_28_45,2798
2025-02-23_02_21,761
2025-02-17_25_23,1324
2025-02-25_45_48,2415
2025-02-03_21_02,431
2025-01-02_19_02,677
2025-01-25_35_46,1824
2025-02-13_18_46,1074
2025-01-07_45_39,1003
2025-02-09_47_02,957
2025-01-28_41_36,2550
2025-02-21_02_16,712
2025-02-11_46_09,2404
2025-02-28_07_36,709
2025-02-19_45_42,1306
2025-01-25_19_02,813
2025-01-26_46_26,1624
2025-01-01_47_45,4892
2025-02-11_02_47,661
2025-02-17_43_47,1967
2025-01-24_47_45,3248
2025-01-24_47_08,613
2025-01-24_28_45,1214
2025-02-26_46_48,4578
2025-01-12_47_45,3987
2025-01-11_46_26,1956
2025-02-21_11_36,1810
2025-01-05_47_05,1783
2025-01-18_02_19,814
2025-01-24_45_09,1625
2025-01-05_02_47,860
2025-01-25_48_46,3295
2025-02-24_08_47,594
2025-02-05_06_47,574
2025-02-18_44_46,1613
2025-01-19_30_14,1240
2025-01-29_44_46,1425
2025-02-26_47_28,1788
2025-01-12_02_24,570
2025-02-02_02_16,761
2025-02-26_46_45,2785
2025-02-02_19_30,1723
2025-01-17_46_44,2284
2025-02-13_09_46,2400
2025-02-25_45_09,1296
2025-01-24_02_01,661
2025-02-28_09_46,2417
2025-02-22_17_23,949
2025-02-13_47_03,589
2025-02-02_38_36,1337
2025-02-27_44_45,922
2025-01-28_47_03,565
2025-01-22_47_43,1580
2025-01-24_02_30,1127
2025-02-02_03_47,757
2025-02-07_11_36,1782
2025-02-15_19_32,2078
2025-02-05_35_46,1459
2025-02-02_30_02,1093
2025-02-21_30_14,1702
2025-01-12_45_42,1535
2025-01-27_27_36,1211
2025-01-17_02_31,710
2025-02-18_17_23,823
2025-02-22_48_45,1353
2025-01-24_12_36,1569
2025-01-02_45_47,3305
2025-01-02_38_36,954
2025-01-26_02_21,760
2025-01-07_07_36,605
2025-02-27_14_30,1280
2025-02-12_37_36,3352
2025-01-28_08_47,516
2025-02-17_47_28,1524
2025-02-13_45_42,1720
2025-02-04_23_13,1161
2025-01-02_05_47,1205
2025-02-12_02_14,578
2025-01-28_11_36,1296
2025-01-20_23_25,1321
2025-02-09_18_46,2051
2025-01-31_46_45,3452
2025-02-16_36_22,1306
2025-02-24_42_45,1366
2025-02-15_02_24,615
2025-02-15_45_47,3448
2025-01-29_45_09,1296
2025-02-04_47_10,777
2025-02-01_02_19,818
2025-02-23_30_14,1183
2025-01-21_23_25,1542
2025-01-08_47_03,597
2025-01-01_02_30,1082
2025-02-04_02_21,549
2025-02-08_37_36,3088
2025-01-31_28_45,1273
2025-01-10_45_34,2578
2025-02-05_46_26,1120
2025-01-07_45_28,2144
2025-02-20_18_46,1229
2025-01-06_14_30,1337
2025-02-22_45_47,3219
2025-02-01_41_36,2564
2025-01-09_47_46,1729
2025-02-17_14_30,1339
2025-01-30_02_21,579
2025-01-02_01_02,547
2025-01-03_08_47,653
2025-01-02_46_44,1815
2025-02-05_02_24,483
2025-02-01_13_23,1749
2025-02-19_16_02,590
2025-02-23_31_02,880
2025-01-27_45_09,1304
2025-02-01_43_47,2133
2025-02-18_48_46,2612
2025-01-16_43_47,2971
2025-02-07_28_47,1416
2025-01-10_25_23,1304
2025-01-03_45_03,679
2025-02-22_11_36,2006
2025-02-16_47_08,721
2025-02-16_03_47,757
2025-02-26_42_45,1260
2025-02-19_23_13,1129
2025-01-01_02_47,677
2025-01-27_36_27,711
2025-01-16_25_23,1183
2025-01-04_02_01,683
2025-02-24_02_24,436
2025-02-04_02_30,1062
2025-02-14_36_07,716
2025-01-08_45_42,1136
2025-02-17_48_45,1610
2025-02-23_45_42,1704
2025-01-20_11_36,1689
2025-02-04_43_47,1384
2025-02-07_45_34,2155
2025-01-10_46_33,2819
2025-02-04_46_44,1379
2025-02-27_25_23,1716
2025-02-28_06_47,659
2025-02-08_36_12,1451
2025-01-01_39_45,2647
2025-01-21_02_40,924
2025-01-22_19_30,1109
2025-01-31_45_34,2454
2025-01-26_11_36,1958
2025-02-10_47_05,1298
2025-02-21_43_47,1863
2025-01-04_12_36,1528
2025-01-08_30_14,1152
2025-02-22_45_05,780
2025-02-28_46_47,1574
2025-01-20_36_37,250
2025-01-13_02_16,611
2025-01-23_15_46,1133
2025-01-15_47_28,1843
2025-02-03_32_19,1883
2025-01-22_02_47,677
2025-02-06_28_47,1574
2025-02-07_07_36,709
2025-01-02_45_09,1322
2025-01-15_03_45,596
2025-02-06_47_08,525
2025-02-12_45_09,1296
2025-01-14_02_31,661
2025-02-28_23_13,1736
2025-01-09_25_23,1311
2025-02-27_44_46,1784
2025-01-07_46_45,2964
2025-02-23_09_45,1820
2025-02-18_36_22,887
2025-01-12_35_46,2310
2025-02-13_38_36,1033
2025-02-28_20_46,1712
2025-01-20_46_44,1781
2025-02-17_09_45,1331
2025-01-03_28_47,1121
2025-02-06_30_02,892
2025-01-14_11_36,1268
2025-01-31_30_02,1150
2025-02-10_03_45,606
2025-02-04_45_42,1084
2025-01-20_18_46,2113
2025-02-24_13_23,1700
2025-01-29_15_46,944
2025-01-06_47_10,1103
2025-01-25_07_36,723
2025-01-20_04_29,437
2025-01-27_46_33,608
2025-02-23_19_32,2012
2025-02-13_11_36,1905
2025-01-01_28_47,1460
2025-01-30_09_45,1349
2025-01-13_03_45,606
2025-02-22_31_02,810
2025-01-22_01_02,509
2025-01-04_13_23,1742
2025-02-19_08_47,556
2025-02-14_44_45,942
2025-02-18_45_39,1075
2025-02-15_23_25,1677
2025-01-19_04_29,531
2025-01-05_25_23,2633
2025-02-13_19_30,1437
2025-01-02_28_47,1203
2025-02-03_47_05,1298
2025-02-25_02_01,524
2025-01-25_05_47,1217
2025-02-14_02_21,685
2025-02-11_47_46,1384
2025-02-04_02_47,661
2025-01-29_46_09,2411
2025-01-08_27_36,1051
2025-02-13_43_47,1738
2025-01-05_14_30,2174
2025-02-18_18_46,1149
2025-01-07_46_09,2404
2025-02-04_39_45,1122
2025-02-14_02_40,1151
2025-02-12_45_42,1562
2025-01-27_47_05,1298
2025-01-12_04_29,531
2025-01-08_35_46,1468
2025-02-05_46_15,1144
2025-02-26_03_45,595
2025-01-17_45_09,1625
2025-02-10_45_34,1193
2025-01-29_02_30,1082
2025-01-26_22_36,1184
2025-01-15_09_45,1328
2025-01-30_30_02,888
2025-02-02_47_45,4105
2025-01-04_46_35,2017
2025-02-26_19_02,686
2025-02-20_22_36,1308
2025-01-26_31_02,875
2025-01-02_48_46,3947
2025-02-26_36_41,2305
2025-01-25_30_14,1238
2025-02-05_22_36,1178
2025-01-07_14_30,1114
2025-01-29_34_45,1246
2025-02-15_20_46,1206
2025-02-01_23_25,1476
2025-02-23_34_45,2768
2025-02-03_15_46,1608
2025-01-03_02_40,1150
2025-02-16_45_39,1155
2025-02-22_33_46,878
2025-02-07_47_06,661
2025-01-31_46_48,4836
2025-01-08_02_31,680
2025-02-27_02_24,524
2025-01-05_21_02,602
2025-02-05_33_46,801
2025-01-21_47_06,530
2025-02-20_33_46,1470
2025-01-09_36_22,1004
2025-02-18_36_27,1193
2025-01-05_02_01,750
2025-01-04_03_45,722
2025-01-01_09_45,1328
2025-02-14_22_36,1345
2025-02-09_45_28,2091
2025-02-01_36_27,1433
2025-02-04_13_23,1355
2025-02-24_45_09,1305
2025-01-20_36_07,628
2025-02-06_14_30,1097
2025-02-11_18_46,1770
2025-02-11_19_32,1725
2025-01-30_13_23,1396
2025-02-18_35_46,1447
2025-02-06_45_28,2198
2025-02-05_05_45,720
2025-01-18_23_25,1636
2025-02-03_42_45,1620
2025-02-11_23_25,1064
2025-01-08_39_45,994
2025-02-12_33_46,908
2025-02-12_48_46,2643
2025-02-18_25_23,1299
2025-02-26_46_47,1331
2025-01-12_17_23,1223
2025-01-28_46_35,1511
2025-01-08_14_30,1259
2025-02-27_46_47,1250
2025-01-30_45_42,1640
2025-01-01_03_47,575
2025-02-21_46_44,2693
2025-01-26_20_46,1402
2025-01-04_19_30,1579
2025-01-09_37_36,-24
2025-02-01_17_23,1037
2025-01-05_02_14,753
2025-02-01_47_30,1637
2025-02-05_31_02,677
2025-02-08_43_47,1988
2025-01-21_02_19,661
2025-01-10_39_45,1038
2025-02-02_18_46,2530
2025-02-18_31_02,655
2025-02-21_17_23,1004
2025-01-06_47_43,2157
2025-02-04_21_02,438
2025-01-05_47_30,1533
2025-02-23_46_26,1573
2025-02-12_15_46,956
2025-01-20_02_19,691
2025-02-27_46_44,1865
2025-01-12_47_28,2534
2025-02-18_45_44,887
2025-02-08_17_23,1065
2025-01-13_28_47,1665
2025-01-13_26_46,1404
2025-01-18_39_45,1623
2025-01-13_42_45,1276
2025-02-09_36_22,1318
2025-01-08_43_47,1560
2025-01-04_07_36,723
2025-01-11_39_45,1433
2025-01-22_28_45,1610
2025-01-05_02_16,758
2025-01-08_45_09,1296
2025-02-13_46_33,967
2025-01-28_05_47,1162
2025-02-08_19_32,2061
2025-01-01_48_45,2550
2025-02-04_32_19,1617
2025-02-20_19_32,2233
2025-01-26_26_46,1898
2025-02-17_05_47,1207
2025-02-08_02_14,688
2025-01-28_46_45,2360
2025-02-20_45_46,3431
2025-01-08_02_19,680
2025-01-23_46_44,1562
2025-01-10_03_47,672
2025-02-06_09_46,2400
2025-01-06_42_45,1565
2025-02-20_45_44,1150
2025-02-16_30_02,1093
2025-02-08_44_45,1030
2025-02-10_16_02,607
2025-02-20_45_42,1599
2025-01-17_15_46,1973
2025-01-18_03_45,722
2025-02-09_47_28,1728
2025-01-15_16_02,591
2025-02-25_41_36,2463
2025-02-27_02_30,1119
2025-02-16_05_47,1938
2025-01-24_37_36,214
2025-02-28_19_30,1277
2025-02-11_46_44,1477
2025-02-14_18_46,1273
2025-01-16_02_31,681
2025-01-01_42_45,2079
2025-02-17_02_16,611
2025-02-21_27_36,1284
2025-02-19_39_45,965
2025-02-27_07_36,635
2025-01-19_18_46,2812
2025-02-12_45_34,1337
2025-02-27_47_06,561
2025-02-23_11_36,2383
2025-01-10_47_02,727
2025-01-03_48_45,1638
2025-01-06_45_34,1108
2025-02-26_20_46,1239
2025-01-06_43_47,1807
2025-01-11_36_07,732
2025-01-20_47_08,450
2025-02-06_45_47,3683
2025-02-27_45_03,573
2025-01-21_44_46,2026
2025-01-04_42_45,2109
2025-01-08_44_46,1367
2025-02-09_02_19,896
2025-01-24_02_40,1150
2025-02-02_19_02,873
2025-02-25_21_02,438
2025-02-15_46_33,1028
2025-02-07_20_46,1075
2025-01-11_01_02,622
2025-02-13_02_30,1119
2025-02-13_36_12,1965
2025-01-26_19_32,2085
2025-01-04_45_34,2127
2025-01-02_32_19,1634
2025-02-22_12_36,1683
2025-01-27_02_31,681
2025-01-23_37_36,118
2025-02-25_23_13,1495
2025-01-28_45_47,2797
2025-01-17_47_28,2072
2025-01-17_46_20,1402
2025-01-17_18_46,2287
2025-01-14_45_44,1283
2025-02-26_46_20,1629
2025-02-24_32_19,1561
2025-02-08_38_36,1281
2025-01-08_48_46,2549
2025-01-31_47_10,935
2025-01-06_28_47,1722
2025-01-14_47_05,1288
2025-01-05_23_13,1675
2025-02-03_02_16,611
2025-02-12_47_30,1208
2025-01-02_02_47,669
2025-01-08_48_45,1150
2025-02-18_11_36,1678
2025-01-31_33_46,1386
2025-01-01_02_24,509
2025-01-16_32_19,1268
2025-02-19_46_45,2699
2025-02-15_28_45,1970
2025-01-21_02_21,547
2025-02-24_45_05,664
2025-01-21_45_48,1132
2025-01-03_36_12,1891
2025-01-15_40_02,909
2025-01-04_46_44,2143
2025-01-19_46_45,4370
2025-01-13_46_15,2067
2025-01-27_36_41,2373
2025-01-02_45_46,3537
2025-02-19_43_47,1267
2025-02-08_02_40,1220
2025-02-02_20_46,2138
2025-02-09_45_46,4307
2025-02-23_47_06,745
2025-02-12_47_03,596
2025-02-17_47_02,682
2025-02-26_40_02,909
2025-02-09_12_36,2150
2025-01-18_45_39,1667
2025-02-09_02_31,891
2025-02-15_32_19,2214
2025-02-05_45_47,3131
2025-01-10_34_45,1817
2025-02-23_47_46,2009
2025-01-19_36_22,1205
2025-02-14_17_23,896
2025-01-28_36_37,1879
2025-01-24_47_28,2228
2025-02-07_27_36,1281
2025-02-08_30_14,1528
2025-02-05_46_35,1898
2025-02-14_40_02,1128
2025-01-21_45_09,1295
2025-02-22_02_14,688
2025-01-23_47_08,550
2025-02-20_44_45,983
2025-01-31_02_01,661
2025-02-13_36_41,2600
2025-01-20_46_18,1400
2025-02-03_01_02,436
2025-01-17_02_01,661
2025-02-21_38_36,1213
2025-01-14_02_47,661
2025-02-28_36_22,1130
2025-02-05_05_47,1187
2025-02-28_47_08,610
2025-01-27_16_02,607
2025-01-09_47_30,1441
2025-01-05_26_46,2151
2025-02-06_46_09,2431
2025-01-02_25_23,3362
2025-02-11_48_45,1399
2025-02-22_47_45,3093
2025-01-27_45_44,846
2025-01-09_36_07,641
2025-02-12_46_09,2411
2025-02-03_02_01,597
2025-02-02_47_06,745
2025-01-20_36_12,1160
2025-02-27_02_47,669
2025-01-31_04_29,589
2025-02-28_37_36,432
2025-01-20_46_45,3424
2025-02-26_04_29,455
2025-01-22_41_36,2153
2025-02-10_46_20,1245
2025-02-26_27_36,1143
2025-01-04_44_45,1269
2025-01-11_02_24,623
2025-01-24_05_47,1170
2025-02-07_41_36,2754
2025-01-16_47_28,1942
2025-02-01_47_10,1096
2025-02-06_02_24,524
2025-01-21_22_36,845
2025-02-17_46_35,1359
2025-02-24_17_23,1321
2025-02-02_45_28,1812
2025-02-14_21_02,599
2025-02-16_47_03,756
2025-02-22_46_44,2050
2025-01-26_47_05,1783
2025-01-19_45_44,1147
2025-01-04_19_02,813
2025-02-05_02_01,577
2025-01-16_01_02,547
2025-02-08_34_45,1718
2025-02-27_19_30,1032
2025-01-28_02_21,547
2025-02-03_45_48,1086
2025-02-10_36_41,2951
2025-01-03_46_48,3201
2025-02-11_45_46,2850
2025-02-21_41_36,2197
2025-01-24_46_48,3764
2025-02-28_47_03,703
2025-02-24_02_19,691
2025-01-20_31_02,692
2025-01-25_36_07,732
2025-01-06_11_36,1535
2025-01-05_47_46,2222
2025-01-13_03_47,595
2025-02-05_44_45,866
2025-02-21_36_11,2492
2025-01-01_02_16,603
2025-01-05_18_46,2183
2025-01-18_15_46,2294
2025-02-23_44_46,3540
2025-01-09_35_46,1368
2025-01-29_12_36,1171
2025-02-20_39_45,910
2025-01-09_47_28,2398
2025-02-20_47_08,525
2025-01-31_14_30,1326
2025-01-14_03_45,565
2025-01-09_45_39,1650
2025-02-21_01_02,597
2025-02-08_30_02,1246
2025-01-18_31_02,807
2025-01-11_45_28,4309
2025-02-12_36_37,2618
2025-01-17_19_30,1547
2025-02-18_38_36,929
2025-02-23_45_46,4247
2025-01-24_23_13,2114
2025-02-14_23_13,1454
2025-01-21_47_10,737
2025-01-03_46_20,1170
2025-02-05_25_23,1017
2025-01-11_47_08,642
2025-01-23_46_20,1352
2025-01-13_02_19,691
2025-02-09_16_02,749
2025-02-17_02_47,692
2025-01-19_47_30,2003
2025-02-08_09_46,2482
2025-01-22_45_39,1345
2025-01-29_19_02,686
2025-02-04_46_48,2599
2025-01-11_15_46,1495
2025-02-02_36_07,803
2025-01-01_15_46,2833
2025-01-26_37_36,422
2025-01-02_30_02,888
2025-01-30_18_46,1215
2025-02-01_46_48,4965
2025-01-03_45_44,1454
2025-01-21_38_36,904
2025-02-08_12_36,1522
2025-02-10_46_35,1834
2025-02-06_02_16,601
2025-02-25_02_40,923
2025-02-20_16_02,585
2025-01-07_36_37,92
2025-02-27_46_20,1440
2025-01-10_45_47,5626
2025-01-02_37_36,72
2025-02-28_40_02,1128
2025-02-27_04_29,495
2025-02-05_37_36,1397
2025-01-15_46_09,2411
2025-02-03_19_30,1501
2025-02-13_46_09,2431
2025-02-20_46_44,1851
2025-01-12_46_48,6492
2025-02-27_36_11,2053
2025-02-06_19_30,1286
2025-01-09_23_25,1363
2025-02-27_18_46,1877
2025-01-04_36_27,895
2025-02-15_13_23,1602
2025-02-03_02_19,691
2025-02-18_47_28,1342
2025-01-26_45_42,1637
2025-01-13_02_40,1014
2025-01-17_28_45,2010
2025-01-28_15_46,943
2025-02-15_47_30,1676
2025-02-23_47_45,4310
2025-01-12_05_45,822
2025-02-22_47_06,678
2025-02-07_28_45,1359
2025-02-27_37_36,1729
2025-01-29_36_12,1328
2025-01-19_45_03,756
2025-02-21_28_47,1240
2025-02-02_02_24,569
2025-02-02_48_45,2482
2025-01-29_02_21,580
2025-01-27_47_06,592
2025-02-24_44_45,963
2025-01-05_45_09,1804
2025-01-16_46_18,1649
2025-01-05_38_36,1302
2025-01-27_43_47,1630
2025-02-21_47_08,610
2025-02-26_47_10,845
2025-02-10_47_43,1728
2025-01-19_46_09,2592
2025-01-19_36_37,387
2025-02-05_28_45,1524
2025-02-22_46_15,1172
2025-01-16_45_46,3420
2025-01-20_07_36,625
2025-02-09_39_45,2377
2025-01-06_47_46,1251
2025-01-08_12_36,1455
2025-02-06_48_45,1271
2025-02-20_26_46,1201
2025-02-18_22_36,921
2025-02-26_32_19,1563
2025-02-07_47_10,1055
2025-01-08_02_01,576
2025-01-11_37_36,203
2025-02-05_03_45,595
2025-02-20_28_45,1432
2025-02-12_17_23,917
2025-02-05_18_46,1292
2025-01-26_03_47,751
2025-02-19_36_27,1271
2025-01-19_45_42,1436
2025-01-28_45_42,1106
2025-02-21_23_13,1454
2025-01-02_44_45,1388
2025-02-24_20_46,982
2025-01-01_46_15,1162
2025-01-10_46_35,4871
2025-02-04_45_28,1693
2025-01-07_04_29,465
2025-01-02_02_14,570
2025-02-01_02_14,688
2025-01-18_08_47,666
2025-02-24_47_05,1298
2025-01-31_20_46,1301
2025-02-16_03_45,759
2025-02-15_41_36,2585
2025-02-08_46_18,2254
2025-02-23_18_46,2046
2025-02-21_02_01,661
2025-02-25_17_23,978
2025-02-04_02_40,923
2025-02-23_45_09,1809
2025-01-30_32_19,1396
2025-02-18_01_02,453
2025-02-16_45_42,1484
2025-01-27_35_46,1922
2025-01-08_45_39,1059
2025-02-04_09_45,1328
2025-01-28_30_02,870
2025-01-22_46_09,2411
2025-01-26_02_47,860
2025-02-10_41_36,2687
2025-02-28_46_45,3684
2025-01-12_31_02,875
2025-01-07_46_47,1170
2025-01-20_22_36,1103
2025-02-09_45_39,1488
2025-02-23_40_02,1071
2025-01-14_23_25,1347
2025-01-04_41_36,2962
2025-02-17_28_45,2478
2025-01-06_48_46,3288
2025-01-12_47_08,717
2025-01-27_02_19,691
2025-01-22_22_36,947
2025-01-08_23_25,1229
2025-01-27_46_47,1090
2025-02-06_04_29,495
2025-02-28_36_37,1177
2025-02-06_46_44,1953
2025-01-15_02_30,1082
2025-01-09_02_14,570
2025-01-26_07_36,794
2025-02-26_33_46,862
2025-02-22_23_13,1646
2025-01-13_46_26,1398
2025-01-04_11_36,1555
2025-01-05_45_03,756
2025-01-03_32_19,1660
2025-01-14_33_46,1378
2025-02-22_47_30,1762
2025-02-19_09_46,2393
2025-01-30_37_36,1654
2025-02-13_36_07,643
2025-01-17_45_28,3073
2025-01-09_45_46,3423
2025-02-13_46_15,1403
2025-02-19_27_36,1147
2025-02-21_46_48,4671
2025-01-23_36_12,1262
2025-01-28_02_30,1059
2025-01-03_36_11,1485
2025-02-13_19_02,677
2025-02-17_47_45,3094
2025-01-25_19_32,2154
2025-01-28_47_02,703
2025-01-08_31_02,675
2025-02-02_26_46,1889
2025-02-12_02_21,580
2025-01-25_44_46,1738
2025-02-08_45_03,697
2025-01-18_45_47,3184
2025-01-01_45_44,1180
2025-01-17_21_02,612
2025-02-21_44_46,1692
2025-02-21_02_24,599
2025-01-24_04_29,589
2025-02-18_46_45,2775
2025-02-12_21_02,481
2025-02-14_02_47,700
2025-01-13_13_23,1622
2025-01-23_02_31,681
2025-01-20_21_02,446
2025-01-08_47_30,1292
2025-01-01_16_02,591
2025-02-01_39_45,1426
2025-02-25_46_09,2404
2025-02-02_02_47,864
2025-01-13_38_36,911
2025-02-19_36_37,2652
2025-02-08_46_35,2565
2025-01-24_47_43,1887
2025-01-13_06_47,593
2025-01-10_02_31,710
2025-01-07_46_35,1541
2025-01-03_02_01,661
2025-01-23_46_33,1041
2025-02-25_36_11,2039
2025-02-19_04_29,455
2025-02-19_20_46,952
2025-01-06_45_09,1304
2025-01-19_02_30,1799
2025-02-03_02_40,1014
2025-02-17_46_26,1157
2025-02-07_13_23,1537
2025-02-12_28_45,1461
2025-01-28_14_30,1205
2025-02-26_11_36,1636
2025-01-01_05_45,718
2025-02-09_07_36,796
2025-02-17_08_47,594
2025-01-10_45_28,4928
2025-01-11_02_14,688
2025-01-17_48_45,1615
2025-02-19_07_36,631
2025-01-15_13_23,1353
2025-01-25_46_45,3035
2025-01-29_47_46,1315
2025-02-23_45_48,1495
2025-01-27_12_36,1738
2025-01-14_46_45,3488
2025-01-01_36_22,954
2025-01-04_46_18,1413
2025-01-04_33_46,862
2025-01-25_15_46,1183
2025-02-08_47_46,1850
2025-01-20_02_31,681
2025-01-01_19_30,1818
2025-02-10_30_14,986
2025-01-07_45_47,2862
2025-02-09_32_19,1866
2025-02-25_30_02,872
2025-02-08_45_09,1660
2025-01-12_06_47,747
2025-02-14_15_46,1161
2025-01-17_46_35,1923
2025-02-10_22_36,1178
2025-01-20_30_02,1143
2025-01-19_47_46,2146
2025-02-22_18_46,1345
2025-02-03_03_45,606
2025-02-25_03_45,566
2025-02-18_46_20,1127
2025-01-02_36_12,1307
2025-01-19_23_13,1703
2025-01-28_19_32,1622
2025-02-04_31_02,655
2025-01-22_36_41,3244
2025-01-09_46_18,2347
2025-01-21_46_33,786
2025-02-16_47_46,2010
2025-02-24_26_46,1267
2025-01-01_47_28,1500
2025-02-04_46_18,1207
2025-02-20_02_24,524
2025-02-06_38_36,1123
2025-01-25_36_22,1062
2025-02-07_02_16,712
2025-01-23_18_46,1332
2025-02-17_21_02,431
2025-01-18_26_46,1548
2025-02-18_02_21,549
2025-02-20_47_02,692
2025-01-05_02_21,760
2025-02-23_45_03,758
2025-01-05_47_03,755
2025-01-15_23_25,1668
2025-02-24_30_02,1182
2025-02-27_45_44,1125
2025-01-26_45_39,1445
2025-01-11_36_11,1549
2025-02-19_05_45,720
2025-02-23_45_39,1265
2025-01-13_36_07,628
2025-01-24_22_36,1050
2025-01-18_33_46,1921
2025-01-21_23_13,1320
2025-02-04_17_23,956
2025-01-18_03_47,698
2025-01-01_46_48,3454
2025-02-08_47_05,1649
2025-01-05_20_46,1890
2025-02-03_47_02,682
2025-01-04_47_08,642
2025-02-12_13_23,1320
2025-01-19_28_45,2826
2025-02-04_35_46,1413
2025-02-07_47_28,2337
2025-01-23_46_26,1373
2025-02-23_47_10,1033
2025-02-17_02_01,597
2025-02-28_38_36,1151
2025-01-14_02_40,924
2025-01-07_08_47,516
2025-02-11_12_36,1352
2025-01-14_09_46,2385
2025-01-16_02_30,1118
2025-01-25_46_20,1429
2025-02-17_42_45,1633
2025-02-17_11_36,1835
2025-02-11_28_45,1315
2025-02-13_36_27,1263
2025-02-19_47_10,734
2025-02-16_31_02,880
2025-01-30_28_47,1265
2025-01-11_03_47,698
2025-02-25_36_07,615
2025-02-07_46_33,1748
2025-01-19_05_47,1791
2025-02-12_45_44,827
2025-02-25_16_02,562
2025-02-17_34_45,1802
2025-01-07_31_02,654
2025-01-20_20_46,1891
2025-02-16_47_05,1788
2025-01-04_45_46,3266
2025-02-11_22_36,1213
2025-02-26_46_33,798
2025-02-25_33_46,895
2025-01-13_36_11,1160
2025-02-07_09_46,2417
2025-01-21_46_47,1159
2025-02-07_16_02,697
2025-01-13_30_14,1127
2025-01-27_46_26,1273
2025-02-27_28_47,1333
2025-02-20_02_16,601
2025-02-13_02_14,570
2025-01-20_47_43,1464
2025-02-01_05_45,779
2025-02-09_02_30,1910
2025-02-02_45_48,1638
2025-01-11_44_46,2121
2025-01-20_37_36,144
2025-02-06_45_03,573
2025-01-20_46_15,1077
2025-01-29_47_45,2839
2025-01-05_03_45,758
2025-02-24_45_39,942
2025-02-24_12_36,1670
2025-02-09_43_47,2388
2025-02-17_41_36,2041
2025-02-09_46_33,1212
2025-01-19_30_02,1091
2025-02-01_31_02,810
2025-02-17_02_14,601
2025-01-17_09_45,1646
2025-01-16_35_46,3962
2025-02-01_36_07,733
2025-01-17_02_19,710
2025-01-29_39_45,999
2025-01-24_36_11,2037
2025-01-05_09_45,1815
2025-01-02_30_14,1167
2025-01-10_02_24,610
2025-01-19_21_02,602
2025-01-24_47_06,661
2025-01-07_06_47,522
2025-02-16_47_28,1638
2025-01-26_41_36,2997
2025-02-12_45_47,3352
2025-02-27_46_45,2744
2025-02-16_11_36,3005
2025-01-11_46_44,4991
2025-02-10_46_26,1226
2025-01-05_45_42,1567
2025-02-12_45_39,1442
2025-02-03_45_46,3329
2025-01-14_22_36,1124
2025-01-23_47_05,1314
2025-01-20_02_16,611
2025-01-28_05_45,706
2025-02-07_03_47,672
2025-02-12_09_46,2393
2025-01-04_30_02,1246
2025-01-26_28_45,2698
2025-01-28_46_09,2404
2025-02-10_33_46,1133
2025-02-25_01_02,453
2025-02-07_01_02,597
2025-02-25_07_36,605
2025-02-11_42_45,1181
2025-02-06_44_46,1348
2025-01-20_09_45,1331
2025-02-26_36_22,1011
2025-02-13_15_46,985
2025-01-12_46_26,1628
2025-02-24_04_29,415
2025-02-18_20_46,895
2025-02-20_02_21,579
2025-01-06_36_12,1212
2025-02-25_45_47,3489
2025-02-06_19_32,1707
2025-02-23_14_30,2276
2025-01-17_33_46,1758
2025-02-26_02_19,680
2025-01-13_09_46,2393
2025-01-03_01_02,608
2025-01-06_16_02,607
2025-02-20_05_47,1206
2025-02-18_03_45,566
2025-02-04_28_45,1456
2025-01-26_45_05,811
2025-01-02_02_19,681
2025-02-07_43_47,1782
2025-02-14_45_44,1553
2025-02-07_02_21,685
2025-02-26_45_39,1173
2025-01-26_16_02,748
2025-02-13_27_36,1229
2025-01-17_07_36,708
2025-02-09_19_30,1851
2025-02-14_25_23,1286
2025-02-08_46_47,1381
2025-02-22_47_02,787
2025-02-13_47_05,1314
2025-02-23_45_47,3636
2025-02-18_47_08,445
2025-02-19_26_46,1321
2025-01-27_45_03,597
2025-02-04_45_39,889
2025-01-22_06_47,574
2025-02-14_46_09,2448
2025-01-12_47_43,4012
2025-01-26_44_46,3517
2025-02-11_45_47,2834
2025-02-17_45_03,599
2025-02-09_04_29,531
2025-02-09_27_36,2147
2025-02-10_36_07,630
2025-02-03_02_31,681
2025-02-17_36_07,630
2025-01-03_19_32,1829
2025-02-12_03_47,575
2025-01-24_32_19,1680
2025-02-19_34_45,1141
2025-01-11_46_48,7249
2025-01-31_30_14,2004
2025-01-11_28_47,2149
2025-02-19_17_23,1028
2025-02-16_45_09,1809
2025-01-25_45_03,697
2025-01-28_43_47,1147
2025-01-04_02_30,1265
2025-01-07_18_46,1155
2025-02-16_09_45,1820
2025-01-10_45_46,4256
2025-01-12_46_33,2120
2025-01-13_02_24,450
2025-02-01_47_08,643
2025-02-04_30_14,1322
2025-01-22_47_08,514
2025-01-13_25_23,1123
2025-01-15_44_46,3446
2025-02-15_42_45,1284
2025-01-24_19_32,2096
2025-02-26_03_47,575
2025-02-26_02_40,918
2025-01-26_02_31,884
2025-02-17_37_36,2310
2025-01-06_45_48,1076
2025-02-06_41_36,1784
2025-01-06_46_45,3239
2025-01-13_34_45,2030
2025-02-15_30_14,1655
2025-02-25_37_36,1438
2025-01-21_19_02,670
2025-02-08_28_47,1609
2025-01-12_45_48,2223
2025-01-14_28_47,2019
2025-01-22_43_47,1623
2025-01-25_26_46,1450
2025-02-11_35_46,2146
2025-02-07_36_41,3567
2025-01-13_22_36,1002
2025-01-13_02_14,599
2025-02-13_31_02,672
2025-02-18_47_30,1290
2025-01-09_33_46,726
2025-02-16_46_26,1646
2025-01-08_47_10,1795
2025-01-15_35_46,3747
2025-02-24_37_36,1778
2025-02-16_02_24,569
2025-01-10_46_20,2827
2025-01-23_47_02,690
2025-02-03_25_23,1175
2025-01-13_41_36,2858
2025-01-26_02_30,1799
2025-01-15_45_44,1088
2025-01-14_45_42,1140
2025-02-16_44_46,3451
2025-01-23_46_47,1227
2025-02-12_02_31,681
2025-02-03_46_09,2407
2025-01-31_02_30,1127
2025-02-14_05_47,1172
2025-01-13_31_02,692
2025-02-01_47_06,678
2025-02-18_09_46,2386
2025-01-07_45_42,1088
2025-02-21_40_02,1128
2025-01-01_36_11,1406
2025-01-01_14_30,2056
2025-02-26_39_45,1044
2025-01-11_46_47,1688
2025-01-28_02_01,524
2025-02-02_02_19,896
2025-01-15_48_46,5519
2025-01-21_48_45,1487
2025-01-03_47_06,661
2025-02-25_05_47,1163
2025-01-03_46_47,1255
2025-02-16_46_44,2032
2025-01-31_05_47,1170
2025-01-14_34_45,2120
2025-01-24_45_46,3992
2025-01-17_39_45,1339
2025-01-22_04_29,491
2025-02-10_39_45,1443
2025-01-03_42_45,1532
2025-02-27_20_46,1535
2025-01-03_09_45,1646
2025-02-06_22_36,1173
2025-02-22_46_45,2914
2025-01-16_31_02,671
2025-02-18_46_44,1428
2025-01-12_21_02,602
2025-01-02_47_08,550
2025-01-31_45_44,1890
2025-02-11_02_40,923
2025-01-27_42_45,1437
2025-02-19_45_47,2853
2025-02-24_02_21,601
2025-01-01_21_02,507
2025-02-21_23_25,2354
2025-02-17_46_47,1616
2025-02-02_43_47,2167
2025-01-08_36_12,1260
2025-01-31_45_39,2751
2025-01-29_30_02,873
2025-02-25_46_45,2949
2025-02-15_18_46,1251
2025-01-29_36_27,719
2025-01-03_45_05,717
2025-01-18_36_12,1494
2025-02-21_36_37,5563
2025-01-21_36_07,613
2025-01-23_19_02,677
2025-01-31_18_46,1594
2025-02-12_05_47,1187
2025-02-27_47_08,525
2025-01-11_34_45,2052
2025-02-18_05_45,708
2025-01-17_27_36,1205
2025-01-09_43_47,1722
2025-01-10_45_44,1984
2025-01-31_45_46,3931
2025-02-25_45_03,541
2025-01-02_19_32,1734
2025-02-06_02_47,669
2025-01-10_35_46,1706
2025-01-06_36_22,1154
2025-02-11_44_45,1253
2025-02-04_46_20,1045
2025-02-01_46_09,2511
2025-02-08_47_45,3119
2025-02-17_27_36,1307
2025-01-28_46_15,1260
2025-02-02_01_02,569
2025-01-11_46_15,3413
2025-01-26_09_45,1815
2025-02-19_38_36,1177
2025-01-29_22_36,735
2025-01-10_28_45,2009
2025-02-22_46_48,3690
2025-01-30_43_47,1472
2025-01-01_17_23,1019
2025-01-18_46_47,1413
2025-01-16_45_42,1265
2025-01-31_42_45,1364
2025-01-09_09_45,1349
2025-02-12_47_10,847
2025-02-11_08_47,516
2025-02-04_47_28,1501
2025-01-03_12_36,1548
2025-01-27_02_47,692
2025-02-19_47_03,596
2025-02-18_02_30,1062
2025-02-16_33_46,2436
2025-01-27_39_45,1606
2025-02-02_44_45,1922
2025-01-08_13_23,1351
2025-01-04_02_31,809
2025-01-07_47_06,530
2025-01-20_45_48,1138
2025-02-04_18_46,1322
2025-02-14_31_02,704
2025-01-21_02_16,572
2025-01-07_48_46,2643
2025-02-01_36_11,2414
2025-02-24_44_46,1786
2025-02-17_33_46,811
2025-01-15_06_47,574
2025-02-17_16_02,607
2025-01-29_45_39,1101
2025-02-15_38_36,1573
2025-01-26_46_35,1932
2025-01-06_47_06,592
2025-02-01_01_02,614
2025-01-27_47_46,1290
2025-01-23_02_24,547
2025-02-01_45_44,1530
2025-02-19_46_09,2411
2025-02-26_37_36,2468
2025-02-01_08_47,666
2025-02-06_45_39,1812
2025-01-11_45_47,3802
2025-01-01_44_45,1894
2025-02-11_01_02,453
2025-01-29_02_19,680
2025-01-26_36_11,1434
2025-01-20_02_47,692
2025-01-01_36_12,1873
2025-02-08_02_01,683
2025-02-16_46_47,1874
2025-02-16_28_47,2203
2025-02-16_46_18,1400
2025-01-10_05_45,719
2025-01-25_31_02,807
2025-02-04_30_02,872
2025-01-29_01_02,509
2025-02-17_45_47,2932
2025-02-17_46_44,1464
2025-01-08_45_05,716
2025-02-05_23_13,1115
2025-02-23_02_31,891
2025-01-20_08_47,592
2025-02-05_47_05,1289
2025-02-08_46_44,2653
2025-02-13_28_47,1447
2025-01-11_22_36,1295
2025-01-28_45_28,1457
2025-01-13_39_45,1667
2025-02-13_46_18,1464
2025-02-21_02_40,1151
2025-01-25_03_45,722
2025-02-21_45_39,2547
2025-01-21_34_45,1427
2025-01-17_47_10,1150
2025-01-17_45_03,679
2025-01-14_45_39,1060
2025-02-16_16_02,749
2025-02-14_47_46,1857
2025-01-27_47_08,450
2025-02-26_19_32,1606
2025-02-16_08_47,746
2025-01-25_02_19,814
2025-02-19_28_45,1512
2025-01-02_05_45,695
2025-01-09_20_46,945
2025-01-30_08_47,543
2025-01-21_33_46,922
2025-01-04_46_45,3146
2025-01-31_46_09,2448
2025-01-08_19_32,1837
2025-02-08_48_45,1378
2025-02-17_45_09,1305
2025-02-27_36_12,1417
2025-01-31_19_02,708
2025-02-17_36_41,2335
2025-02-12_46_33,647
2025-02-05_07_36,631
2025-01-30_45_03,573
2025-01-01_25_23,3534
2025-02-02_05_45,826
2025-02-04_45_48,1083
2025-01-29_46_44,1758
2025-01-02_35_46,1930
2025-01-30_47_08,550
2025-02-23_02_16,761
2025-01-20_16_02,607
2025-01-27_46_15,1001
2025-02-09_45_34,1698
2025-02-18_47_43,1820
2025-02-15_03_45,723
2025-02-15_45_48,1664
2025-01-27_46_48,2686
2025-02-02_12_36,2331
2025-02-17_45_28,1757
2025-02-22_28_47,1865
2025-02-25_47_30,1186
2025-02-06_20_46,1023
2025-01-15_25_23,1419
2025-01-30_46_20,1345
2025-01-13_02_30,1077
2025-02-03_46_18,1248
2025-02-20_12_36,1470
2025-01-26_19_30,1954
2025-01-05_46_18,1761
2025-02-20_21_02,514
2025-01-29_45_05,716
2025-02-13_16_02,585
2025-01-24_42_45,1430
2025-01-12_47_46,2172
2025-01-31_15_46,1540
2025-02-15_27_36,1564
2025-02-11_06_47,523
2025-01-07_32_19,1448
2025-02-21_02_30,1129
2025-02-27_02_14,570
2025-01-01_26_46,1736
2025-01-23_03_45,591
2025-01-19_20_46,2613
2025-02-14_19_02,708
2025-02-10_46_48,3224
2025-02-22_47_46,1729
2025-02-03_46_47,1202
2025-01-30_46_18,1783
2025-02-07_18_46,1520
2025-02-08_45_42,1648
2025-01-24_36_22,1354
2025-02-23_46_47,1934
2025-02-02_46_45,4852
2025-02-20_46_18,1475
2025-02-07_14_30,1313
2025-01-12_09_45,1815
2025-01-02_43_47,1685
2025-01-27_19_02,700
2025-01-14_02_21,547
2025-02-08_25_23,1474
2025-02-23_02_19,896
2025-02-06_46_20,1356
2025-01-16_07_36,635
2025-02-27_15_46,1158
2025-01-27_47_43,1348
2025-02-11_02_19,661
2025-02-02_09_46,2558
2025-02-26_36_12,1712
2025-01-09_48_45,1444
2025-02-25_35_46,1546
2025-01-03_02_30,1127
2025-02-02_16_02,749
2025-01-18_36_11,1574
2025-01-30_31_02,671
2025-02-04_46_26,1172
2025-02-26_22_36,1179
2025-01-24_46_18,1685
2025-02-11_45_39,975
2025-02-25_46_18,1691
2025-01-22_46_45,2829
2025-01-06_09_46,2393
2025-02-10_04_29,415
2025-01-20_44_45,1515
2025-02-22_45_48,1592
2025-01-01_38_36,933
2025-01-26_27_36,1448
2025-01-08_20_46,895
2025-02-06_17_23,822
2025-02-27_47_02,692
2025-01-23_47_45,2959
2025-02-21_47_05,1618
2025-01-08_18_46,1121
2025-02-12_25_23,1224
2025-01-26_13_23,2515
2025-02-03_02_24,436
2025-02-01_40_02,1205
2025-02-06_33_46,853
2025-01-14_43_47,1748
2025-02-03_47_03,606
2025-02-05_45_48,1318
2025-02-07_15_46,1242
2025-01-27_40_02,996
2025-01-29_06_47,574
2025-01-10_19_02,708
2025-01-13_23_25,1282
2025-01-27_02_40,1014
2025-01-03_02_24,610
2025-01-19_45_39,1336
2025-01-07_35_46,1401
2025-01-29_20_46,1101
2025-01-08_46_26,1210
2025-02-28_45_03,679
2025-02-02_14_30,2281
2025-01-09_28_45,1360
2025-02-05_46_33,851
2025-02-13_45_03,573
2025-01-18_38_36,1085
2025-02-27_45_42,1408
2025-01-02_33_46,1212
2025-01-21_46_09,2404
2025-02-07_46_09,2448
2025-01-11_30_14,1349
2025-01-29_23_13,1123
2025-01-20_02_24,450
2025-01-10_02_30,1127
2025-01-08_38_36,696
2025-02-20_47_46,1618
2025-01-12_47_02,936
2025-02-09_05_45,826
2025-02-11_03_45,566
2025-02-24_45_46,3046
2025-02-21_47_30,1836
2025-02-21_16_02,697
2025-01-13_33_46,928
2025-01-19_11_36,1629
2025-02-02_47_30,1904
2025-01-27_36_22,1024
2025-02-08_40_02,1205
2025-01-29_13_23,1345
2025-01-26_47_02,936
2025-01-05_17_23,1209
2025-02-04_46_15,975
2025-01-11_41_36,3494
2025-01-19_03_45,758
2025-01-12_22_36,1451
2025-01-08_01_02,509
2025-01-02_02_21,579
2025-01-14_46_26,1322
2025-01-08_45_44,1344
2025-01-04_37_36,139
2025-02-01_19_02,817
2025-01-13_47_46,1606
2025-02-23_36_37,2789
2025-02-04_36_11,1654
2025-01-31_09_46,2417
2025-02-05_36_41,2590
2025-01-24_09_46,2417
2025-01-25_08_47,666
2025-01-26_38_36,1577
2025-02-02_22_36,1743
2025-01-29_48_45,1272
2025-01-23_44_45,1028
2025-02-09_38_36,2100
2025-02-16_36_37,3690
2025-02-16_12_36,2390
2025-01-16_28_45,2475
2025-02-23_07_36,796
2025-02-21_46_15,1389
2025-01-02_36_27,985
2025-02-25_09_46,2386
2025-02-28_17_23,1328
2025-01-16_47_46,1530
2025-01-31_46_18,1904
2025-02-26_45_47,3117
2025-01-08_02_40,917
2025-01-05_04_29,531
2025-01-28_23_13,1163
2025-02-08_20_46,1401
2025-02-25_36_27,1168
2025-01-04_09_46,2482
2025-01-20_02_40,1014
2025-02-11_47_06,530
2025-01-12_28_47,2186
2025-01-26_46_09,2592
2025-01-30_40_02,929
2025-01-09_21_02,538
2025-02-16_25_23,2287
2025-02-10_28_47,1364
2025-02-05_21_02,481
2025-01-02_45_42,1578
2025-02-13_47_30,1595
2025-01-02_22_36,1019
2025-02-12_46_20,1098
2025-01-05_27_36,1370
2025-01-29_26_46,1147
2025-01-01_22_36,1178
2025-02-06_21_02,514
2025-01-22_46_44,1660
2025-02-09_45_42,1597
2025-01-06_02_14,599
2025-02-10_03_47,597
2025-01-11_46_33,3001
2025-02-24_23_13,1571
2025-01-15_47_02,706
2025-02-21_05_45,721
2025-01-04_26_46,1606
2025-01-06_06_47,593
2025-01-17_05_45,719
2025-02-02_05_47,1938
2025-02-13_09_45,1349
2025-01-22_47_05,1288
2025-01-06_34_45,2329
2025-01-05_46_35,1916
2025-01-27_19_32,1958
2025-02-22_13_23,1756
2025-01-24_47_10,914
2025-01-01_47_30,1582
2025-02-25_45_39,1077
2025-02-02_47_02,957
2025-02-16_20_46,1743
2025-01-18_30_02,1246
2025-01-10_30_02,1150
2025-02-03_05_47,1207
2025-02-27_45_34,1518
2025-02-24_47_28,1531
2025-01-29_09_45,1328
2025-01-04_47_30,1609
2025-01-01_35_46,4281
2025-01-24_30_02,1150
2025-01-26_35_46,3271
2025-02-08_46_48,4817
2025-02-06_27_36,1101
2025-01-06_46_33,679
2025-02-21_46_33,1404
2025-02-11_09_45,1328
2025-01-18_19_30,1471
2025-02-26_36_07,638
2025-01-08_02_24,509
2025-02-28_46_26,1549
2025-01-24_46_20,1555
2025-01-30_02_16,600
2025-01-17_20_46,1993
2025-01-04_36_07,732
2025-02-26_09_45,1328
2025-02-14_46_18,1707
2025-02-14_46_20,1554
2025-01-30_46_48,4647
2025-01-04_48_46,4296
2025-02-07_36_22,1240
2025-02-07_04_29,573
2025-02-28_45_47,4015
2025-01-26_30_02,1091
2025-01-31_46_15,2078
2025-02-25_39_45,1156
2025-01-02_03_45,591
2025-01-14_45_48,1773
2025-02-28_02_30,1129
2025-01-11_43_47,1898
2025-02-10_47_03,606
2025-02-07_44_46,1626
2025-01-28_48_45,1279
2025-02-22_02_40,1220
2025-02-25_30_14,1428
2025-01-26_45_44,1371
2025-01-28_47_10,782
2025-02-09_44_46,3549
2025-02-27_05_45,696
2025-01-04_06_47,680
2025-01-29_25_23,1155
2025-02-18_19_32,1709
2025-01-23_45_46,3681
2025-01-29_36_22,947
2025-02-12_26_46,1194
2025-01-16_13_23,1330
2025-02-03_02_21,601
2025-01-10_46_44,5251
2025-02-16_45_03,758
2025-02-14_46_33,1560
2025-02-04_23_25,1288
2025-01-28_22_36,950
2025-01-24_46_45,3502
2025-01-30_17_23,807
2025-02-06_47_45,3097
2025-01-01_01_02,509
2025-02-13_07_36,635
2025-02-13_46_20,1125
2025-01-06_01_02,450
2025-01-04_23_25,1546
2025-02-23_45_28,1751
2025-02-11_05_45,708
2025-02-28_36_07,716
2025-02-21_15_46,884
2025-02-21_22_36,1216
2025-01-06_19_30,1166
2025-01-30_45_05,693
2025-02-01_26_46,1527
2025-01-14_02_19,661
2025-01-23_43_47,1675
2025-01-03_44_46,1538
2025-02-10_46_47,1257
2025-02-20_02_01,576
2025-01-29_16_02,591
2025-02-17_47_05,1298
2025-02-01_36_41,3129
2025-02-09_28_45,2673
2025-02-12_47_46,1307
2025-01-23_04_29,531
2025-01-31_36_37,2637
2025-01-04_39_45,1538
2025-02-03_14_30,1506
2025-02-09_02_14,756
2025-01-12_45_47,3275
2025-01-11_47_06,678
2025-02-14_45_09,1624
2025-01-21_11_36,995
2025-02-09_46_45,4201
2025-01-06_27_36,978
2025-01-26_32_19,2057
2025-01-25_47_30,1567
2025-02-25_14_30,1208
2025-02-24_45_44,809
2025-02-03_45_05,664
2025-01-23_01_02,547
2025-01-07_47_10,1309
2025-01-23_47_30,1455
2025-01-13_46_47,1235
2025-02-26_45_44,1052
2025-01-07_39_45,1123
2025-01-21_47_03,565
2025-01-23_36_22,952
2025-01-14_44_46,2274
2025-01-28_44_45,804
2025-02-19_46_44,1508
2025-02-03_47_10,663
2025-02-24_36_11,1796
2025-01-14_07_36,605
2025-02-19_46_20,1098
2025-01-11_45_03,697
2025-02-16_43_47,2468
2025-02-02_08_47,746
2025-02-10_36_27,1114
2025-01-16_36_12,1370
2025-01-20_45_47,2818
2025-02-09_34_45,2675
2025-02-16_45_28,1694
2025-01-25_46_47,1270
2025-02-01_02_30,1267
2025-02-10_47_46,1343
2025-01-28_25_23,1222
2025-01-10_45_03,679
2025-01-17_45_39,1849
2025-01-02_19_30,1279
2025-01-01_47_06,570
2025-01-25_25_23,2552
2025-01-28_09_46,2385
2025-02-26_46_15,1129
2025-02-06_03_45,592
2025-02-16_15_46,1819
2025-01-08_37_36,84
2025-01-06_08_47,592
2025-01-30_48_46,2304
2025-01-14_46_33,1280
2025-01-03_23_25,1859
2025-01-27_45_47,2537
2025-01-25_45_42,1538
2025-02-02_41_36,2540
2025-01-23_27_36,1054
2025-01-30_39_45,1088
2025-01-10_42_45,1193
2025-02-18_45_47,2777
2025-01-26_34_45,2774
2025-02-21_31_02,704
2025-01-29_28_45,1204
2025-01-15_02_16,603
2025-02-18_02_19,661
2025-02-22_15_46,999
2025-02-12_36_07,638
2025-02-06_46_33,948
2025-01-11_28_45,1719
2025-02-02_06_47,753
2025-02-02_07_36,796
2025-01-12_37_36,145
2025-01-30_19_30,1349
2025-01-25_47_10,933
2025-02-06_02_30,1119
2025-01-08_46_09,2411
2025-02-18_21_02,438
2025-02-02_09_45,1820
2025-01-04_46_09,2511
2025-02-23_44_45,1840
2025-01-27_03_45,606
2025-02-06_47_10,938
2025-02-04_19_02,670
2025-01-27_44_45,864
2025-01-14_36_27,956
2025-01-15_08_47,556
2025-01-28_46_20,1159
2025-02-21_08_47,653
2025-02-10_36_22,941
2025-01-08_36_11,1173
2025-01-05_08_47,742
2025-02-15_46_20,1382
2025-01-03_45_48,1469
2025-02-14_47_30,1593
2025-01-19_38_36,1293
2025-01-16_47_06,560
2025-02-03_46_45,3701
2025-01-16_44_45,1575
2025-02-10_25_23,1794
2025-02-19_22_36,883
2025-01-05_44_45,1799
2025-01-04_18_46,1919
2025-01-18_36_41,3038
2025-02-27_16_02,585
2025-01-15_14_30,1194
2025-02-18_30_14,1320
2025-02-16_23_25,1352
2025-01-16_16_02,585
2025-01-25_09_46,2482
2025-02-14_36_22,1378
2025-02-23_03_45,759
2025-01-28_28_47,1290
2025-01-04_43_47,1786
2025-01-06_46_20,1135
2025-02-24_02_30,1077
2025-02-25_47_03,567
2025-02-01_02_01,683
2025-01-22_15_46,1167
2025-01-15_47_08,514
2025-02-16_02_31,891
2025-02-14_19_30,1425
2025-01-21_04_29,465
2025-01-03_34_45,2604
2025-02-22_36_12,1853
2025-02-26_47_30,1173
2025-01-15_34_45,1744
2025-02-11_40_02,907
2025-02-22_02_16,729
2025-01-21_45_28,1582
2025-01-31_02_19,710
2025-02-27_02_21,579
2025-02-20_46_20,1197
2025-01-08_02_47,677
2025-02-18_34_45,1573
2025-01-17_16_02,696
2025-01-11_02_30,1265
2025-01-23_36_11,1419
2025-01-11_32_19,1693
2025-01-28_47_06,530
2025-02-07_45_03,679
2025-01-31_40_02,1127
2025-01-25_45_28,2980
2025-01-11_23_25,1548
2025-01-05_05_45,822
2025-01-18_45_03,697
2025-02-08_03_47,698
2025-01-31_23_25,1855
2025-01-29_19_30,1185
2025-01-08_02_16,603
2025-01-01_47_03,597
2025-01-18_17_23,948
2025-02-24_45_47,2819
2025-02-23_45_05,816
2025-01-29_27_36,981
2025-02-21_02_21,685
2025-01-22_36_12,1251
2025-01-19_46_33,1278
2025-01-31_02_40,1150
2025-02-21_04_29,573
2025-01-10_20_46,1400
2025-02-23_15_46,1810
2025-01-08_46_18,1845
2025-02-27_36_22,984
2025-01-14_26_46,1386
2025-01-28_28_45,1434
2025-01-26_09_46,2558
2025-02-12_47_28,1702
2025-01-17_36_27,1131
2025-01-10_32_19,1748
2025-02-09_45_44,1216
2025-02-23_36_11,2244
2025-01-13_32_19,1470
2025-02-11_07_36,605
2025-01-10_04_29,589
2025-01-23_46_35,1623
2025-01-25_03_47,698
2025-01-25_45_39,1707
2025-02-25_45_46,2977
2025-02-17_02_31,681
2025-02-18_47_02,705
2025-01-11_46_18,3695
2025-01-13_47_06,592
2025-01-31_03_47,672
2025-02-11_13_23,1183
2025-01-09_46_33,1800
2025-02-09_46_44,2740
2025-02-04_45_47,2791
2025-02-18_23_25,1265
2025-01-26_46_15,1140
2025-01-28_06_47,522
2025-02-06_36_22,1067
2025-01-01_45_42,1647
2025-01-02_14_30,1332
2025-01-30_02_14,570
2025-02-15_47_08,643
2025-02-06_02_40,941
2025-01-31_47_08,613
2025-01-01_46_47,1267
2025-02-15_02_16,729
2025-02-13_45_46,3482
2025-01-18_47_02,782
2025-01-01_45_48,1566
2025-02-03_08_47,594
2025-02-10_30_02,1182
2025-02-21_35_46,1831
2025-02-12_40_02,909
2025-01-06_31_02,692
2025-01-28_45_05,709
2025-01-03_39_45,1609
2025-02-26_30_14,1156
2025-02-08_46_20,2025
2025-02-12_35_46,1548
2025-02-05_09_46,2393
2025-01-15_45_42,1237
2025-02-20_31_02,672
2025-01-17_36_22,1008
2025-01-02_46_35,1872
2025-01-10_07_36,708
2025-02-07_02_47,700
2025-02-04_33_46,843
2025-01-03_40_02,1127
2025-01-07_46_26,832
2025-02-06_18_46,1291
2025-02-19_47_02,708
2025-02-17_46_09,2407
2025-02-05_20_46,1015
2025-02-21_18_46,1348
2025-01-30_42_45,1152
2025-01-27_06_47,593
2025-02-22_47_28,2112
2025-02-26_12_36,1348
2025-02-20_30_02,892
2025-01-01_46_33,1221
2025-01-06_45_03,597
2025-02-05_47_06,570
2025-01-06_02_19,691
2025-01-13_48_45,1564
2025-01-15_46_33,1544
2025-02-17_02_24,436
2025-01-19_12_36,2495
2025-02-25_45_34,1666
2025-02-06_34_45,1382
2025-02-05_47_10,876
2025-02-18_36_11,2213
2025-02-28_04_29,573
2025-01-09_47_02,690
2025-01-23_09_45,1349
2025-01-22_33_46,781
2025-02-28_47_30,1515
2025-02-22_02_30,1267
2025-01-26_47_45,3878
2025-02-20_36_37,4025
2025-01-18_47_05,1649
2025-01-22_46_33,747
2025-01-29_03_45,596
2025-01-12_42_45,1814
2025-02-26_45_34,1360
2025-02-22_47_05,1649
2025-02-22_44_46,1702
2025-02-24_36_07,630
2025-02-18_39_45,1313
2025-01-13_45_44,1501
2025-01-04_02_40,1220
2025-02-24_27_36,1332
2025-02-03_02_47,692
2025-01-19_19_02,869
2025-01-06_39_45,1579
2025-02-27_30_14,1308
2025-02-05_19_32,1710
2025-01-03_45_34,2127
2025-02-09_47_05,1788
2025-01-06_03_45,606
2025-02-23_27_36,1614
2025-01-18_46_26,1580
2025-01-05_46_45,4363
2025-02-06_46_45,2827
2025-02-09_47_03,756
2025-02-11_19_02,670
2025-02-03_47_43,1322
2025-01-31_31_02,704
2025-01-22_45_48,1311
2025-01-10_36_12,1885
2025-02-25_43_47,1289
2025-01-07_23_25,1351
2025-01-31_35_46,1779
2025-02-17_36_12,1396
2025-01-04_45_39,1399
2025-01-24_45_48,1942
2025-01-16_45_34,1676
2025-02-07_48_46,3512
2025-01-29_02_14,579
2025-02-03_44_46,2569
2025-01-19_39_45,2526
2025-01-11_45_39,2084
2025-01-14_02_14,538
2025-01-17_42_45,1398
2025-01-19_45_34,1533
2025-01-02_06_47,573
2025-01-29_45_42,1324
2025-02-28_02_47,700
2025-01-12_02_14,753
2025-01-23_19_30,1265
2025-01-19_47_08,717
2025-01-16_46_44,1839
2025-02-04_06_47,523
2025-02-16_02_21,761
2025-01-15_20_46,2149
2025-02-14_28_47,1416
2025-02-06_36_11,2364
2025-01-02_28_45,1452
2025-02-08_23_13,1612
2025-02-26_47_06,570
2025-01-10_12_36,1587
2025-02-13_36_22,1041
2025-02-24_02_47,692
2025-01-05_02_31,884
2025-01-27_17_23,1385
2025-01-10_47_46,2585
2025-02-24_05_45,661
2025-02-15_40_02,1205
2025-02-10_17_23,1162
2025-01-15_43_47,2683
2025-01-03_14_30,1295
2025-02-02_34_45,2689
2025-01-31_09_45,1646
2025-02-26_36_37,1188
2025-02-08_48_46,3469
2025-01-11_18_46,1323
2025-02-21_45_05,719
2025-01-20_45_09,1304
2025-02-09_01_02,569
2025-01-01_20_46,2371
2025-01-17_46_18,1706
2025-01-12_33_46,1009
2025-02-27_03_47,578
2025-02-09_09_46,2558
2025-02-07_45_44,1564
2025-02-11_46_35,1375
2025-01-07_20_46,884
2025-01-18_13_23,1715
2025-01-25_21_02,630
2025-01-11_47_10,2835
2025-01-07_21_02,459
2025-02-27_01_02,524
2025-02-13_35_46,1766
2025-02-09_46_47,1644
2025-02-16_13_23,2146
2025-02-27_34_45,1347
2025-01-01_27_36,1087
2025-02-20_46_15,1295
2025-01-24_46_33,1503
2025-01-16_20_46,2323
2025-02-16_46_15,1127
2025-02-19_02_30,1083
2025-01-31_05_45,719
2025-01-31_19_30,1441
2025-01-22_25_23,1892
2025-01-20_02_14,599
2025-02-23_09_46,2558
2025-02-03_28_45,1604
2025-01-19_36_11,1370
2025-01-24_09_45,1646
2025-02-15_47_45,3406
2025-01-12_16_02,748
2025-02-10_08_47,594
2025-02-08_45_47,3380
2025-02-07_02_24,599
2025-01-30_05_45,695
2025-01-03_46_35,2032
2025-01-22_36_22,924
2025-02-19_45_46,2969
2025-02-05_43_47,1406
2025-02-08_19_30,1421
2025-01-16_15_46,2289
2025-01-26_05_45,822
2025-01-31_13_23,1632
2025-02-23_22_36,1559
2025-02-03_45_47,2925
2025-02-06_19_02,677
2025-02-22_45_44,1281
2025-02-02_44_46,4248
2025-01-06_18_46,1123
2025-02-20_45_09,1322
2025-02-15_06_47,680
2025-02-25_46_35,1441
2025-02-21_34_45,1792
2025-01-05_11_36,2014
2025-02-26_47_03,596
2025-01-07_36_22,976
2025-02-10_36_11,2321
2025-01-11_17_23,1022
2025-01-31_46_47,1556
2025-02-11_11_36,1609
2025-02-08_47_02,787
2025-01-30_47_46,1416
2025-02-03_03_47,597
2025-02-22_02_19,818
2025-01-22_45_47,3075
2025-02-01_48_45,1629
2025-01-01_18_46,2591
2025-02-07_02_31,710
2025-01-21_39_45,1148
2025-02-02_30_14,1240
2025-01-10_11_36,1570
2025-02-11_47_28,1524
2025-02-20_02_31,681
2025-01-11_30_02,1246
2025-01-24_44_45,1025
2025-02-27_46_15,1291
2025-01-24_19_30,1311
2025-01-18_19_02,813
2025-01-15_15_46,2195
2025-01-15_11_36,1247
2025-02-23_48_46,4410
2025-01-24_44_46,1446
2025-01-18_44_46,3501
2025-01-15_19_32,1682
2025-01-31_07_36,708
2025-01-10_36_11,1446
2025-02-08_36_07,733
2025-01-22_03_45,596
2025-02-03_26_46,1412
2025-01-31_28_47,1519
2025-02-16_47_10,968
2025-02-09_02_01,757
2025-01-31_45_03,679
2025-02-08_02_31,813
2025-02-27_02_31,681
2025-02-11_28_47,1738
2025-01-08_45_03,576
2025-02-09_02_24,569
2025-01-25_14_30,1413
2025-01-25_23_13,1563
2025-01-20_36_22,900
2025-02-03_46_15,1082
2025-01-05_28_45,2732
2025-01-21_45_39,982
2025-02-05_48_46,2673
2025-02-11_21_02,438
2025-01-06_47_45,3060
2025-02-13_05_45,696
2025-01-16_45_09,1322
2025-02-27_39_45,1105
2025-01-24_46_44,1903
2025-01-09_44_45,892
2025-01-10_23_25,2125
2025-01-23_02_40,941
2025-02-06_47_03,589
2025-01-20_41_36,2702
2025-01-31_02_31,710
2025-01-19_43_47,3739
2025-01-03_43_47,1553
2025-02-18_07_36,605
2025-02-04_36_27,1213
2025-01-29_03_47,575
2025-02-17_46_20,958
2025-01-28_21_02,459
2025-02-05_11_36,1576
2025-01-11_47_02,782
2025-02-01_45_42,1686
2025-02-21_05_47,1172
2025-02-27_36_41,2689
2025-02-20_19_30,1407
2025-01-04_15_46,1747
2025-02-23_25_23,1765
2025-02-24_05_47,1207
2025-01-08_07_36,631
2025-02-16_19_32,2185
2025-01-19_42_45,2064
2025-01-11_14_30,1459
2025-01-18_02_47,804
2025-02-27_48_46,4967
2025-01-28_35_46,1243
2025-01-11_06_47,680
2025-02-03_31_02,692
2025-01-16_14_30,1051
2025-02-04_42_45,1302
2025-01-06_19_02,700
2025-01-18_28_47,2123
2025-02-06_47_30,1517
2025-02-03_45_28,1749
2025-02-08_47_08,643
2025-02-10_09_45,1331
2025-01-12_20_46,1323
2025-02-13_23_13,1341
2025-01-06_45_44,876
2025-01-14_36_41,3092
2025-01-02_12_36,1635
2025-02-18_09_45,1328
2025-01-15_46_48,3375
2025-02-23_47_03,756
2025-01-12_45_09,1804
2025-01-17_37_36,144
2025-01-08_47_45,3186
2025-01-24_45_42,2147
2025-01-22_47_03,597
2025-01-16_46_48,3385
2025-02-06_47_02,692
2025-02-18_41_36,1791
2025-02-15_12_36,1631
2025-01-14_47_06,530
2025-02-07_37_36,1715
2025-01-05_46_26,1612
2025-02-20_48_45,1278
2025-02-28_45_46,4293
2025-01-09_36_12,1372
2025-01-15_19_02,686
2025-02-21_02_14,669
2025-01-10_23_13,1458
2025-02-11_46_20,1040
2025-02-01_37_36,1437
2025-01-23_33_46,703
2025-01-28_46_18,1230
2025-02-25_02_14,540
2025-01-11_09_46,2482
2025-01-31_02_47,700
2025-01-27_45_28,1477
2025-01-19_37_36,341
2025-02-10_46_09,2407
2025-02-12_48_45,1216
2025-01-15_45_39,1258
2025-01-01_46_45,4502
2025-01-31_37_36,444
2025-01-08_36_07,637
2025-01-18_21_02,630
2025-01-02_47_02,690
2025-02-02_46_48,4434
2025-01-26_36_22,1163
2025-01-27_21_02,446
2025-02-04_47_45,2871
2025-01-04_30_14,1260
2025-02-20_40_02,928
2025-01-27_45_42,1042
2025-02-18_45_46,2975
2025-01-16_02_01,576
2025-01-06_07_36,625
2025-01-14_13_23,1328
2025-01-07_01_02,473
2025-02-06_16_02,585
2025-02-01_03_47,698
2025-02-13_47_28,2237
2025-02-03_46_44,1377
2025-01-25_47_28,1948
2025-02-28_23_25,2227
2025-02-10_45_39,986
2025-01-27_36_07,628
2025-02-05_02_19,680
2025-01-19_47_43,2229
2025-01-22_31_02,675
2025-02-25_08_47,516
2025-01-24_30_14,2023
2025-02-18_46_47,1154
2025-02-07_46_26,1543
2025-02-03_23_25,1267
2025-02-28_11_36,1618
2025-02-23_36_22,1138
2025-01-09_02_24,547
2025-01-08_03_45,596
2025-02-07_34_45,1578
2025-01-09_02_01,576
2025-02-14_16_02,697
2025-01-16_12_36,1480
2025-02-16_45_48,1493
2025-02-13_47_43,2430
2025-01-09_46_47,1418
2025-02-11_30_14,1269
2025-02-28_32_19,1573
2025-02-16_36_07,803
2025-01-12_45_39,1598
2025-01-19_02_19,889
2025-01-30_21_02,538
2025-01-19_28_47,2495
2025-02-08_44_46,1816
2025-02-28_05_45,721
2025-02-21_36_41,3013
2025-01-05_22_36,1325
2025-02-13_45_09,1322
2025-02-21_02_47,700
2025-01-08_44_45,710
2025-02-18_44_45,920
2025-01-26_02_19,889
2025-01-10_45_09,1625
2025-01-02_45_34,1774
2025-02-23_42_45,2422
2025-01-03_45_09,1625
2025-02-06_25_23,1118
2025-01-29_18_46,1303
2025-01-16_02_24,547
2025-01-04_36_12,1879
2025-01-05_44_46,3248
2025-02-03_45_09,1305
2025-01-25_46_33,1368
2025-01-27_36_11,1270
2025-01-15_27_36,1065
2025-02-06_03_47,578
2025-02-23_08_47,746
2025-01-05_36_12,1389
2025-01-02_02_01,576
2025-01-29_05_45,718
2025-02-15_11_36,2031
2025-02-25_19_32,1606
2025-02-05_41_36,1906
2025-01-01_02_21,580
2025-01-22_44_46,1424
2025-01-28_09_45,1328
2025-01-24_07_36,708
2025-01-22_44_45,1030
2025-01-25_45_47,2953
2025-01-31_45_28,3209
2025-01-13_28_45,1605
2025-01-11_38_36,975
2025-02-25_48_46,2850
2025-02-26_46_09,2411
2025-01-22_47_10,741
2025-01-27_08_47,592
2025-01-30_36_22,1010
2025-02-12_02_19,680
2025-01-14_06_47,522
2025-02-07_47_43,2806
2025-02-17_05_45,661
2025-01-03_47_05,1618
2025-02-03_19_02,700
2025-01-20_34_45,1608
2025-01-01_37_36,28
2025-01-22_16_02,591
2025-01-12_46_15,2180
2025-02-15_46_48,3816
2025-01-15_05_45,718
2025-01-30_47_06,560
2025-02-13_02_19,681
2025-01-10_45_42,1958
2025-01-15_07_36,631
2025-01-25_37_36,354
2025-01-07_11_36,1343
2025-01-24_46_09,2448
2025-01-08_45_34,1423
2025-02-05_47_28,1725
2025-01-08_36_37,120
2025-01-09_11_36,1251
2025-02-17_44_45,1373
2025-02-28_19_02,708
2025-01-15_36_07,637
2025-02-08_36_27,1346
2025-01-24_34_45,1562
2025-01-28_26_46,1054
2025-02-28_36_41,2750
2025-02-15_04_29,586
2025-01-12_45_03,756
2025-02-11_09_46,2386
2025-01-09_46_26,1392
2025-01-09_47_03,589
2025-02-19_02_21,580
2025-01-07_36_41,3538
2025-01-29_45_44,1142
2025-02-14_34_45,1752
2025-01-17_02_21,685
2025-02-21_47_10,1367
2025-02-12_47_08,489
2025-02-03_36_12,1021
2025-02-08_47_30,1638
2025-01-07_30_14,951
2025-02-02_36_41,2687
2025-01-30_04_29,531
2025-01-04_02_14,688
2025-01-22_36_07,637
2025-01-20_02_21,599
2025-01-16_40_02,929
2025-01-02_47_45,3553
2025-02-27_09_45,1349
2025-01-19_02_14,753
2025-02-23_16_02,749
2025-01-25_30_02,1246
2025-01-23_20_46,1089
2025-02-13_05_47,1206
2025-01-22_12_36,1274
2025-01-10_47_30,1843
2025-02-05_46_47,1133
2025-02-06_47_46,1418
2025-01-14_25_23,1171
2025-02-18_03_47,479
2025-01-06_17_23,1129
2025-02-07_08_47,653
2025-01-08_36_27,929
2025-01-28_19_02,670
2025-01-10_17_23,775
2025-02-12_39_45,1253
2025-02-25_47_02,705
2025-01-13_45_47,3008
2025-02-05_38_36,923
2025-01-27_48_45,1383
2025-02-16_39_45,3092
2025-02-19_47_08,489
2025-02-05_46_09,2411
2025-01-01_23_25,1606
2025-02-20_42_45,1182
2025-01-10_30_14,1672
2025-02-22_04_29,586
2025-02-17_09_46,2394
2025-02-01_47_03,721
2025-01-28_36_07,613
2025-01-20_47_10,826
2025-01-26_23_25,1704
2025-01-20_42_45,1557
2025-02-03_47_08,436
2025-01-25_34_45,1401
2025-01-16_47_43,1563
2025-01-18_09_46,2482
2025-02-20_27_36,1306
2025-01-08_47_05,1288
2025-02-12_36_41,2746
2025-01-05_47_43,2164
2025-02-01_35_46,1988
2025-01-23_14_30,1249
2025-02-20_02_47,669
2025-02-04_02_19,661
2025-02-22_02_01,683
2025-01-04_02_19,814
2025-01-13_45_28,2820
2025-02-19_14_30,1279
2025-01-17_46_45,2845
2025-02-01_02_24,615
2025-01-23_26_46,1259
2025-01-09_38_36,707
2025-02-16_22_36,1517
2025-02-27_23_13,1285
2025-02-23_13_23,2019
2025-02-20_36_41,2536
2025-01-28_02_19,661
2025-02-23_02_47,864
2025-02-28_13_23,1656
2025-02-18_26_46,1222
2025-01-11_19_30,1385
2025-01-22_02_01,576
2025-02-17_06_47,595
2025-01-21_16_02,560
2025-02-18_47_10,738
2025-01-07_30_02,870
2025-02-06_35_46,1440
2025-02-16_48_45,2249
2025-01-12_26_46,1720
2025-02-03_46_26,1401
2025-01-07_03_45,565
2025-01-24_14_30,1362
2025-02-12_45_46,2882
2025-01-18_45_46,3741
2025-02-06_46_35,1712
2025-01-24_03_47,672
2025-01-12_45_46,4142
2025-01-04_45_44,1214
2025-01-18_18_46,2801
2025-02-23_19_30,1896
2025-02-27_47_30,1292
2025-01-24_06_47,659
2025-02-14_03_47,672
2025-01-25_45_44,1220
2025-01-04_32_19,1594
2025-02-17_47_03,606
2025-01-02_04_29,531
2025-01-28_16_02,560
2025-01-16_30_02,888
2025-01-05_15_46,2254
2025-01-23_45_05,693
2025-01-31_47_02,727
2025-02-17_22_36,949
2025-02-06_36_27,1266
2025-02-08_15_46,1417
2025-02-19_23_25,1339
2025-02-28_30_14,1917
2025-02-18_43_47,1426
2025-02-15_36_27,1402
2025-02-03_02_14,601
2025-02-07_22_36,1356
2025-02-03_48_45,2022
2025-01-09_45_03,573
2025-01-26_05_47,1791
2025-01-10_47_28,3215
2025-02-27_46_48,4154
2025-01-11_04_29,601
2025-02-28_47_10,1310
2025-01-25_22_36,1087
2025-02-27_36_07,643
2025-02-24_36_22,1035
2025-01-10_02_47,700
2025-02-06_23_25,1743
2025-02-23_43_47,2463
2025-01-24_03_45,703
2025-01-06_45_39,922
2025-02-12_18_46,1588
2025-01-30_45_34,1544
2025-02-25_42_45,1124
2025-02-16_07_36,796
2025-01-08_16_02,591
2025-01-03_11_36,1505
2025-01-23_46_45,2694
2025-01-17_36_11,1804
2025-01-01_47_10,1022
2025-02-22_16_02,712
2025-02-25_36_41,2322
2025-01-06_45_47,2962
2025-01-18_37_36,242
2025-02-21_46_26,1516
2025-01-14_48_46,4020
2025-01-07_45_09,1295
2025-01-16_47_30,1459
2025-02-15_02_14,688
2025-02-17_19_32,1758
2025-01-23_35_46,1444
2025-01-15_09_46,2393
2025-02-27_02_16,601
2025-02-26_45_42,1257
2025-01-05_19_02,869
2025-02-04_47_02,705
2025-02-24_23_25,1373
2025-02-02_36_27,1195
2025-01-29_36_41,2406
2025-02-26_47_43,1563
2025-02-25_47_06,530
2025-01-13_23_13,1217
2025-01-10_01_02,608
2025-02-21_47_28,2395
2025-02-14_45_46,4083
2025-02-24_40_02,997
2025-01-21_19_30,1152
2025-01-23_21_02,538
2025-01-08_21_02,507
2025-01-23_47_06,560
2025-01-28_03_45,565
2025-02-27_33_46,754
2025-01-25_36_11,1717
2025-01-31_48_46,3849
2025-01-31_44_45,1279
2025-01-18_46_45,3059
2025-01-07_36_12,1289
2025-02-11_47_10,716
2025-01-18_34_45,1746
2025-02-04_14_30,1205
2025-02-17_36_27,947
2025-01-27_48_46,3562
2025-02-09_02_40,1123
2025-02-13_46_48,3559
2025-01-31_46_20,1941
2025-01-06_45_28,1600
2025-02-19_46_47,1265
2025-02-28_28_45,1339
2025-01-02_18_46,1833
2025-01-31_45_42,2126
2025-02-20_13_23,1267
2025-01-26_46_48,3682
2025-01-27_19_30,1313
2025-02-15_36_11,2428
2025-02-12_44_46,1669
2025-02-18_14_30,1247
2025-01-15_45_03,576
2025-02-19_11_36,1565
2025-02-09_44_45,1499
2025-02-01_21_02,620
2025-02-20_36_27,1303
2025-01-15_36_12,1243
2025-02-11_45_03,541
2025-01-25_02_40,1220
2025-01-17_47_45,3088
2025-02-27_31_02,672
2025-02-11_30_02,872
2025-01-07_44_45,832
2025-01-16_21_02,538
2025-01-09_03_47,578
2025-02-01_47_02,787
2025-02-24_45_42,1193
2025-01-13_20_46,1123
2025-01-06_45_42,1073
2025-01-31_36_41,3946
2025-02-18_45_09,1296
2025-02-07_45_42,2012
2025-02-27_46_26,1457
2025-01-12_47_30,1586
2025-02-11_02_24,453
2025-01-01_43_47,1752
2025-02-11_23_13,1189
2025-01-04_47_02,782
2025-02-17_48_46,3621
2025-01-26_36_07,799
2025-01-20_32_19,1627
2025-02-18_15_46,942
2025-01-05_19_32,2026
2025-01-18_14_30,1424
2025-01-05_33_46,1901
2025-02-22_36_37,3863
2025-02-04_36_41,2889
2025-02-16_45_44,1198
2025-01-12_45_28,2919
2025-02-05_02_30,1083
2025-01-30_23_13,1084
2025-01-02_36_22,971
2025-02-26_45_28,1845
2025-02-12_27_36,1354
2025-02-08_04_29,586
2025-01-25_32_19,1603
2025-01-06_02_30,1077
2025-01-02_41_36,3933
2025-01-30_46_44,2213
2025-01-19_45_09,1804
2025-02-27_02_01,576
2025-01-08_03_47,575
2025-01-21_15_46,1511
2025-02-27_13_23,1501
2025-02-28_47_06,661
2025-02-19_32_19,1389
2025-01-09_18_46,1014
2025-01-21_36_41,2984
2025-02-14_01_02,597
2025-01-18_43_47,3721
2025-02-24_46_26,1140
2025-01-21_46_18,1241
2025-01-11_33_46,1497
2025-02-02_46_35,1709
2025-01-07_13_23,1334
2025-01-10_08_47,653
2025-01-03_02_31,710
2025-01-24_35_46,1512
2025-01-09_47_43,4149
2025-02-07_42_45,1535
2025-02-21_45_28,3230
2025-01-21_44_45,1076
2025-01-08_47_46,1504
2025-02-15_36_37,4537
2025-02-01_42_45,1401
2025-01-14_36_22,908
2025-01-30_22_36,877
2025-01-07_33_46,497
2025-02-18_45_28,1824
2025-02-06_47_43,2368
2025-02-15_47_06,678
2025-01-20_28_47,2030
2025-02-20_46_09,2431
2025-02-10_42_45,1453
2025-02-02_37_36,1965
2025-02-11_03_47,479
2025-01-18_47_45,3233
2025-01-12_27_36,1194
2025-02-15_44_46,1636
2025-01-17_41_36,2772
2025-02-13_04_29,495
2025-02-05_36_11,2183
2025-01-14_30_02,870
2025-02-19_47_43,1944
2025-01-14_46_44,2857
2025-01-25_11_36,1643
2025-02-25_02_19,661
2025-01-12_40_02,1071
2025-02-22_47_08,643
2025-01-27_45_05,662
2025-01-12_25_23,2285
2025-02-18_47_03,567
2025-01-03_22_36,1074
2025-01-15_22_36,920
2025-01-09_04_29,531
2025-02-11_02_31,661
2025-02-22_43_47,1547
2025-02-26_45_46,3270
2025-01-27_46_20,945
2025-01-13_46_48,6235
2025-01-27_31_02,692
2025-01-05_45_46,4088
2025-01-22_45_09,1296
2025-01-07_03_47,479
2025-02-07_48_45,1422
2025-01-01_36_07,637
2025-01-05_42_45,2459
2025-01-17_04_29,589
2025-01-08_28_47,1349
2025-02-07_46_44,3100
2025-01-20_03_45,606
2025-02-12_47_43,1936
2025-02-20_36_07,643
2025-01-30_27_36,1000
2025-01-06_40_02,996
2025-01-15_37_36,215
2025-02-28_19_32,2110
2025-02-04_03_45,566
2025-02-19_01_02,483
2025-02-17_04_29,415
2025-01-14_18_46,1680
2025-01-03_38_36,684
2025-02-28_09_45,1645
2025-02-02_36_37,2778
2025-01-21_41_36,2462
2025-01-02_26_46,1559
2025-02-20_38_36,957
2025-01-01_46_35,1964
2025-02-22_45_28,2645
2025-02-05_45_09,1296
2025-01-01_02_14,579
2025-01-25_47_45,3124
2025-02-17_36_22,918
2025-01-20_15_46,1625
2025-01-06_02_31,681
2025-02-19_02_31,681
2025-01-28_20_46,1052
2025-02-18_48_45,1285
2025-01-24_47_05,1618
2025-01-17_45_44,1408
2025-02-03_22_36,1164
2025-01-24_47_30,1547
2025-01-06_46_09,2407
2025-01-02_45_28,1418
2025-02-24_02_01,597
2025-01-24_46_47,1336
2025-02-28_44_46,1689
2025-01-29_33_46,854
2025-02-10_12_36,1977
2025-02-14_19_32,2066
2025-02-15_02_31,813
2025-01-30_19_02,677
2025-01-25_13_23,1622
2025-01-11_27_36,1176
2025-01-31_02_24,610
2025-01-21_02_24,473
2025-02-13_47_08,525
2025-02-22_35_46,1732
2025-01-31_02_16,711
2025-01-12_45_34,1745
2025-01-27_15_46,1021
2025-01-28_38_36,808
2025-02-17_01_02,436
2025-02-24_46_33,908
2025-02-13_44_45,821
2025-01-09_46_09,2431
2025-02-09_36_27,1311
2025-01-05_45_05,811
2025-02-23_46_44,2014
2025-01-12_08_47,742
2025-02-16_09_46,2558
2025-01-04_46_47,1426
2025-02-20_25_23,1204
2025-02-01_12_36,1510
2025-01-10_16_02,696
2025-01-27_47_30,1242
2025-01-27_28_47,1458
2025-01-29_28_47,1319
2025-01-19_46_35,2215
2025-01-02_08_47,543
2025-02-04_36_12,1098
2025-01-07_25_23,1261
2025-02-03_39_45,1676
2025-01-18_07_36,723
2025-01-31_11_36,1487
2025-02-10_45_09,1305
2025-01-22_34_45,1408
2025-02-05_02_31,681
2025-01-26_47_06,741
2025-01-13_02_47,692
2025-02-10_43_47,1862
2025-01-07_45_05,709
2025-02-02_46_09,2592
2025-01-03_47_02,727
2025-01-27_47_28,1407
2025-01-16_45_28,1923
2025-01-24_45_44,1398
2025-02-05_13_23,1386
2025-02-05_45_44,931
2025-01-30_36_37,1523
2025-02-24_46_20,1266
2025-02-01_09_46,2482
2025-01-13_01_02,450
2025-01-17_23_25,1985
2025-02-20_48_46,2316
2025-02-18_47_46,1200
2025-02-14_45_42,1933
2025-01-19_35_46,5738
2025-02-23_33_46,2012
2025-02-01_04_29,586
2025-01-20_46_35,1914
2025-01-25_45_09,1661
2025-02-10_07_36,625
2025-02-19_47_05,1289
2025-01-05_36_41,3108
2025-02-04_45_46,3073
2025-01-29_04_29,491
2025-02-12_02_30,1083
2025-02-11_05_47,1163
2025-02-25_36_37,3092
2025-01-18_32_19,1931
2025-01-26_47_43,1882
2025-02-07_46_35,3122
2025-01-15_04_29,491
2025-01-12_45_05,811
2025-02-27_28_45,1469
2025-02-09_46_18,1995
2025-02-19_36_11,2226
2025-01-26_06_47,747
2025-01-25_27_36,1257
2025-01-26_19_02,869
2025-02-06_15_46,999
2025-01-25_46_09,2511
2025-01-26_43_47,2271
2025-01-20_27_36,1215
2025-01-06_44_45,1096
2025-01-14_36_37,248
2025-01-08_33_46,758
2025-01-02_39_45,1808
2025-01-05_46_47,1754
2025-01-04_34_45,3376
2025-02-02_47_46,2010
2025-01-14_47_10,1210
2025-01-16_41_36,2590
2025-01-20_47_02,681
2025-01-29_02_24,509
2025-01-29_08_47,556
2025-01-09_01_02,547
2025-02-13_36_37,3902
2025-01-07_28_45,1346
2025-01-04_36_11,1608
2025-02-21_47_45,3457
2025-02-24_33_46,711
2025-02-05_36_07,638
2025-02-23_45_44,1251
2025-02-25_46_33,991
2025-01-06_46_48,3265
2025-01-13_47_03,606
2025-02-24_14_30,1360
2025-02-24_06_47,595
2025-02-01_45_46,3706
2025-02-28_46_09,2448
2025-01-01_09_46,2393
2025-02-20_36_11,2376
2025-02-06_46_26,1247
2025-02-17_02_21,601
2025-02-20_06_47,573
2025-02-25_46_48,5648
2025-01-06_32_19,1841
2025-01-27_18_46,1281
2025-02-25_47_45,2961
2025-02-06_28_45,1440
2025-01-12_39_45,2123
2025-01-26_47_10,910
2025-02-11_45_28,1661
2025-02-13_40_02,928
2025-02-24_46_35,1508
2025-02-19_46_18,1439
2025-02-09_45_48,1660
2025-01-01_02_40,917
2025-02-23_46_18,1475
2025-01-16_46_15,1186
2025-02-16_46_20,1303
2025-02-22_40_02,1205
2025-02-02_02_21,761
2025-01-23_45_39,1771
2025-02-26_19_30,1314
2025-01-18_46_09,2511
2025-02-13_46_44,1831
2025-01-16_23_13,1269
2025-02-15_28_47,1492
2025-02-02_48_46,6003
2025-01-07_47_45,2901
2025-01-02_11_36,1349
2025-02-01_45_28,2169
2025-01-26_15_46,1794
2025-02-22_20_46,1173
2025-01-03_27_36,1131
2025-01-18_40_02,1205
2025-01-23_47_28,2064
2025-01-01_45_28,2103
2025-01-22_45_46,3007
2025-01-06_35_46,1899
2025-02-03_30_02,1182
2025-01-18_47_10,1089
2025-01-29_45_48,1540
2025-02-15_02_01,683
2025-01-23_45_03,573
2025-02-09_03_47,757
2025-02-15_34_45,1793
2025-02-25_44_46,1381
2025-02-07_45_46,4162
2025-02-15_47_03,721
2025-02-09_47_10,900
2025-02-15_46_47,1459
2025-01-02_02_31,681
2025-02-03_45_34,1146
2025-01-17_02_16,711
2025-02-03_33_46,1273
2025-01-06_33_46,721
2025-01-10_13_23,1474
2025-01-29_23_25,1167
2025-01-03_45_47,2995
2025-02-03_04_29,415
2025-02-23_46_15,1163
2025-02-19_36_12,1424
2025-02-13_02_24,524
2025-02-20_07_36,635
2025-02-16_42_45,2170
2025-01-03_45_39,2098
2025-01-11_46_45,3207
2025-01-22_46_26,1235
2025-01-09_09_46,2400
2025-02-05_26_46,1209
2025-02-05_02_40,918
2025-01-22_47_28,1545
2025-01-06_45_05,662
2025-02-12_36_11,2078
2025-01-19_46_20,1588
2025-02-26_45_09,1296
2025-02-26_08_47,556
2025-01-18_02_21,703
2025-01-17_45_05,717
2025-02-14_47_03,703
2025-01-19_45_46,4609
2025-01-16_47_10,1088
2025-01-14_19_02,670
2025-01-30_02_19,681
2025-01-26_03_45,758
2025-01-07_28_47,1289
2025-01-05_46_33,1096
2025-01-11_25_23,1873
2025-01-29_31_02,675
2025-01-07_26_46,1083
2025-01-24_46_15,1431
2025-02-04_02_31,661
2025-02-21_46_18,1766
2025-01-24_19_02,708
2025-01-17_44_46,3158
2025-01-03_07_36,708
2025-01-17_47_06,661
2025-02-18_06_47,523
2025-02-22_27_36,1244
2025-01-30_46_33,1339
2025-01-22_46_35,1525
2025-02-14_02_14,669
2025-01-19_25_23,1731
2025-01-12_02_47,860
2025-01-17_47_08,613
2025-02-25_34_45,1495
2025-01-20_46_09,2407
2025-01-19_23_25,1574
2025-01-15_30_14,1104
2025-02-05_45_46,2992
2025-02-20_45_48,1920
2025-01-22_45_42,1349
2025-01-28_36_22,922
2025-02-03_12_36,1707
2025-01-27_45_48,1132
2025-01-02_20_46,1793
2025-02-11_16_02,562
2025-01-29_11_36,1366
2025-02-14_45_48,2049
2025-01-21_19_32,1657
2025-02-20_19_02,677
2025-01-07_02_16,572
2025-01-20_44_46,3181
2025-01-16_37_36,88
2025-02-13_41_36,2343
2025-02-08_47_06,678
2025-01-28_12_36,1735
2025-02-23_30_02,1093
2025-02-18_45_03,541
2025-02-03_23_13,1193
2025-02-02_27_36,1532
2025-01-17_02_30,1127
2025-01-05_02_19,889
2025-01-04_45_03,697
2025-01-29_47_03,597
2025-01-18_46_35,2067
2025-01-29_14_30,1241
2025-02-28_46_44,3223
2025-02-21_13_23,1770
2025-02-23_46_48,3616
2025-01-15_26_46,1520
2025-01-02_46_45,3393
2025-02-08_22_36,1414
2025-01-17_13_23,1557
2025-01-14_47_28,1712
2025-02-03_45_42,1174
2025-02-09_23_13,1440
2025-01-30_09_46,2400
2025-01-18_45_05,775
2025-02-15_25_23,1691
2025-02-16_26_46,1752
2025-01-26_28_47,2558
2025-02-21_45_42,2194
2025-01-24_48_46,3143
2025-01-15_30_02,873
2025-02-14_41_36,2071
2025-01-30_47_43,1448
2025-01-12_34_45,2332
2025-02-17_47_30,1303
2025-01-22_46_48,2757
2025-02-23_32_19,2229
2025-01-05_48_45,2096
2025-01-30_44_46,1462
2025-01-12_19_02,869
2025-02-08_33_46,990
2025-01-16_05_47,1205
2025-02-09_42_45,2331
2025-01-14_47_08,465
2025-01-29_36_37,976
2025-02-21_42_45,1417
2025-01-11_02_47,804
2025-02-06_39_45,1050
2025-02-17_03_45,606
2025-01-31_43_47,1674
2025-01-13_47_02,681
2025-02-14_06_47,659
2025-01-19_45_28,1852
2025-01-14_47_43,2224
2025-02-14_02_16,712
2025-01-08_45_28,2710
2025-02-14_28_45,1348
2025-02-27_32_19,1361
2025-02-07_19_02,708
2025-02-07_26_46,1466
2025-02-28_02_16,712
2025-01-01_12_36,2499
2025-02-24_19_02,700
2025-02-15_46_45,2926
2025-01-30_36_41,2880
2025-01-10_46_47,2242
2025-01-15_02_14,579
2025-01-24_48_45,1261
2025-02-09_02_21,761
2025-01-18_30_14,1558
2025-02-11_44_46,2160
2025-01-20_26_46,1503
2025-01-16_30_14,1105
2025-02-14_48_46,3337
2025-01-29_05_47,1186
2025-02-24_39_45,1482
2025-01-13_45_34,1339
2025-02-21_36_12,2102
2025-01-27_30_14,923
2025-02-11_47_03,567
2025-02-28_01_02,597
2025-01-10_48_46,3625
2025-02-28_26_46,1456
2025-02-04_16_02,562
2025-02-26_02_14,578
2025-01-06_45_46,2603
2025-02-12_03_45,595
2025-02-08_02_24,615
2025-01-18_02_01,683
2025-01-16_27_36,1115
2025-01-26_33_46,2481
2025-01-15_47_43,1579
2025-02-18_47_45,2821
2025-01-08_36_41,4155
2025-01-31_21_02,612
2025-01-07_47_28,1673
2025-02-06_43_47,1940
2025-02-03_46_20,1073
2025-01-18_02_16,728
2025-01-15_46_35,2039
2025-01-31_16_02,696
2025-02-13_45_28,2365
2025-02-09_30_14,1150
2025-01-06_47_03,606
2025-01-16_11_36,1266
2025-02-03_28_47,1510
2025-01-06_26_46,1192
2025-02-11_47_05,1288
2025-02-02_46_18,1915
2025-01-15_28_45,2455
2025-01-04_36_37,248
2025-01-28_02_47,661
2025-01-22_45_28,1756
2025-02-08_46_09,2511
2025-01-13_47_28,2223
2025-01-01_05_47,1186
2025-01-11_02_19,814
2025-01-28_04_29,465
2025-02-21_06_47,659
2025-02-05_45_39,1100
2025-01-28_36_41,3312
2025-01-11_45_42,1756
2025-02-10_02_21,601
2025-02-01_03_45,723
2025-02-07_47_46,1844
2025-01-21_20_46,1179
2025-02-04_45_03,541
2025-01-22_02_40,917
2025-01-26_02_40,1123
2025-01-14_15_46,1695
2025-01-22_02_14,579
2025-02-03_46_35,1410
2025-02-25_28_47,1304
2025-01-16_45_39,1528
2025-02-18_13_23,1392
2025-01-15_36_37,279
2025-01-16_34_45,1408
2025-01-23_45_09,1322
2025-02-24_15_46,948
2025-02-26_02_01,577
2025-02-28_47_28,2215
2025-02-15_45_03,697
2025-02-14_47_10,1172
2025-02-26_28_45,1552
2025-01-17_03_47,672
2025-02-03_17_23,1217
2025-02-15_45_42,1637
2025-01-27_47_10,561
2025-01-28_46_48,2569
2025-02-06_48_46,2583
2025-01-28_40_02,909
2025-02-22_32_19,1860
2025-02-01_15_46,1386
2025-02-09_46_15,1526
2025-02-09_40_02,1071
2025-02-13_45_48,1692
2025-02-13_13_23,1410
2025-01-12_09_46,2558
2025-02-14_36_41,2819
2025-02-08_16_02,712
2025-02-25_45_42,1317
2025-02-15_19_02,817
2025-01-23_30_14,1183
2025-02-07_46_48,4577
2025-01-28_02_31,661
2025-01-18_01_02,622
2025-02-08_45_48,1976
2025-02-02_45_03,758
2025-02-23_47_28,1687
2025-01-12_36_41,3331
2025-02-15_02_40,1220
2025-01-10_36_22,968
2025-02-07_02_40,1151
2025-01-23_28_47,1329
2025-02-15_47_46,1504
2025-01-12_07_36,794
2025-01-10_36_37,422
2025-01-31_34_45,1642
2025-01-04_45_28,1952
2025-02-05_45_05,718
2025-01-12_45_44,1560
2025-01-30_01_02,547
2025-02-16_37_36,3824
2025-02-22_47_43,2039
2025-01-31_46_44,3269
2025-02-16_01_02,569
2025-01-04_28_47,1399
2025-01-14_46_09,2404
2025-02-28_08_47,653
2025-01-12_46_35,3497
2025-01-05_05_47,1791
2025-02-15_02_21,703
2025-02-10_44_45,1504
2025-02-06_45_46,3468
2025-02-22_45_39,1681
2025-01-29_32_19,1365
2025-02-14_45_47,4187
2025-02-21_30_02,1151
2025-02-24_36_37,3876
2025-02-21_28_45,1277
2025-01-10_31_02,704
2025-02-20_09_46,2400
2025-02-01_28_47,1468
2025-01-20_46_26,1200
2025-01-18_27_36,1387
2025-02-15_36_22,1205
2025-02-12_46_44,1474
2025-02-24_09_46,2394
2025-01-20_38_36,888
2025-01-28_46_47,1033
2025-01-19_47_28,1508
2025-01-06_13_23,1766
2025-01-31_32_19,1483
2025-01-01_47_08,514
2025-02-24_47_30,1303
2025-02-16_45_47,3665
2025-01-16_45_05,693
2025-01-05_30_02,1091
2025-01-17_08_47,653
2025-01-16_36_07,641
2025-01-19_09_46,2558
2025-01-15_42_45,1150
2025-02-03_47_30,1300
2025-02-14_26_46,1358
2025-01-17_46_48,4481
2025-02-11_17_23,908
2025-01-09_17_23,739
2025-01-04_05_45,774
2025-02-08_45_39,1785
2025-01-09_02_21,579
2025-02-11_31_02,655
2025-02-24_38_36,1104
2025-01-18_46_44,2437
2025-02-02_36_12,1556
2025-01-05_23_25,1730
2025-01-21_02_31,661
2025-01-24_25_23,1431
2025-02-06_12_36,1247
2025-01-21_13_23,1332
2025-02-28_45_28,3278
2025-01-02_42_45,1731
2025-02-13_02_47,669
2025-01-21_45_34,1245
2025-01-31_38_36,890
2025-01-27_23_25,1305
2025-02-01_18_46,1885
2025-01-04_04_29,601
2025-02-24_34_45,1834
2025-02-12_34_45,1279
2025-02-22_30_02,1246
2025-02-12_36_22,983
2025-01-28_46_26,1117
2025-01-07_12_36,1333
2025-01-25_36_27,1363
2025-01-30_45_28,2234
2025-01-25_45_05,775
2025-02-01_27_36,1155
2025-01-13_47_08,450
2025-02-20_46_45,2818
2025-01-13_08_47,592
2025-02-21_03_47,672
2025-02-28_45_09,1624
2025-02-08_46_26,1672
2025-02-17_44_46,2121
2025-02-11_46_48,3101
2025-01-11_40_02,1205
2025-02-12_44_45,1045
2025-02-20_14_30,1286
2025-02-11_15_46,1474
2025-01-08_15_46,927
2025-01-19_48_45,2680
2025-01-11_08_47,666
2025-01-28_47_30,1169
2025-01-13_40_02,996
2025-02-24_22_36,1198
2025-02-08_06_47,680
2025-01-31_47_45,3097
2025-01-13_12_36,1496
2025-01-29_09_46,2393
2025-01-16_02_19,681
2025-01-07_46_33,942
2025-01-18_19_32,2096
2025-02-25_46_20,2128
2025-02-28_47_02,729
2025-01-09_47_45,3305
2025-02-26_13_23,1522
2025-02-25_36_12,1279
2025-02-19_35_46,1440
2025-02-25_40_02,907
2025-02-04_40_02,907
2025-01-27_20_46,1082
2025-02-19_30_02,876
2025-02-10_13_23,1771
2025-01-28_31_02,654
2025-02-19_45_34,1467
2025-02-15_05_47,1219
2025-01-18_11_36,1666
2025-02-15_33_46,907
2025-02-26_06_47,574
2025-01-30_47_30,1589
2025-01-23_47_46,1499
2025-01-23_17_23,880
2025-01-25_33_46,872
2025-01-06_48_45,1853
2025-02-08_23_25,1532
2025-02-25_05_45,708
2025-01-20_03_47,595
2025-01-19_13_23,2482
2025-02-07_46_45,3729
2025-02-10_06_47,595
2025-01-23_25_23,1519
2025-01-19_34_45,2784
2025-01-25_46_15,1373
2025-02-23_47_05,1788
2025-02-20_20_46,1135
2025-01-11_02_31,809
2025-01-10_27_36,1219
2025-01-09_45_47,3581
2025-01-18_47_28,1800
2025-02-16_36_11,2392
2025-01-25_47_03,721
2025-01-15_02_24,509
2025-01-09_41_36,2184
2025-02-19_47_30,1321
2025-02-10_02_31,681
2025-02-10_40_02,997
2025-02-10_11_36,1548
2025-01-23_36_07,641
2025-01-22_40_02,909
2025-02-15_48_46,2747
2025-01-13_48_46,3359
2025-01-09_36_27,864
2025-02-16_46_35,1967
2025-02-17_03_47,597
2025-01-20_48_46,4213
2025-01-04_45_47,3252
2025-02-22_03_47,698
2025-02-19_30_14,1225
2025-01-16_09_45,1349
2025-01-16_22_36,898
2025-01-19_02_47,860
2025-01-14_46_48,4355
2025-02-03_43_47,1839
2025-01-22_23_25,3432
2025-01-26_46_18,1449
2025-02-13_39_45,1435
2025-02-01_33_46,1254
2025-01-23_02_16,600
2025-01-28_44_46,1393
2025-01-12_46_18,3004
2025-01-25_02_21,703
2025-01-08_47_28,2134
2025-02-02_02_31,891
2025-01-15_47_10,1010
2025-02-04_44_45,942
2025-02-15_36_07,733
2025-02-15_16_02,712
2025-02-13_12_36,1264
2025-01-13_19_32,2380
2025-01-15_48_45,2433
2025-02-18_02_40,923
2025-01-21_27_36,1015
2025-01-31_47_28,2278
2025-02-07_23_25,1947
2025-01-20_14_30,1324
2025-01-24_02_31,710
2025-01-12_02_19,889
2025-02-14_46_35,3101
2025-01-29_47_05,1288
2025-01-14_14_30,1108
2025-01-18_48_46,5607
2025-02-07_19_32,2039
2025-01-19_19_30,1929
2025-01-11_19_02,813
2025-02-14_48_45,1193
2025-01-17_47_05,1618
2025-01-25_41_36,2550
2025-01-22_07_36,631
2025-01-06_46_26,1109
2025-02-10_19_32,1717
2025-02-11_36_11,2158
2025-02-22_23_25,1787
2025-01-02_09_45,1349
2025-02-13_30_14,1339
2025-01-15_02_31,680
2025-02-02_46_26,1750
2025-02-05_17_23,828
2025-02-05_34_45,1218
2025-02-02_36_11,2147
2025-02-03_05_45,661
2025-01-21_36_37,198
2025-01-29_41_36,2423
2025-02-05_27_36,1198
2025-01-09_02_30,1118
2025-02-08_36_11,2121
2025-02-16_38_36,2093
2025-01-14_46_35,3009
2025-01-01_45_09,1296
2025-01-24_36_27,1242
2025-01-09_40_02,929
2025-01-01_30_14,1146
2025-02-01_36_22,1441
2025-02-19_02_40,918
2025-01-02_03_47,578
2025-02-27_47_05,1314
2025-02-15_02_47,808
2025-01-22_36_27,1012
2025-02-20_37_36,1907
2025-02-18_02_01,524
2025-02-14_46_15,1636
2025-01-16_02_14,570
2025-02-19_02_01,577
2025-02-21_07_36,709
2025-01-16_46_33,1151
2025-01-12_30_14,1206
2025-01-31_47_46,1767
2025-01-27_46_44,1412
2025-02-21_26_46,1324
2025-02-22_48_46,3049
2025-02-16_36_12,1539
2025-02-23_21_02,606
2025-02-26_48_45,1601
2025-01-04_17_23,1200
2025-02-28_21_02,599
2025-01-21_36_12,1082
2025-01-27_34_45,1829
2025-01-02_46_20,1150
2025-01-21_47_08,465
2025-01-30_47_28,1780
2025-01-26_46_33,1092
2025-02-08_02_47,808
2025-02-12_47_05,1289
2025-02-15_45_46,3320
2025-01-28_30_14,997
2025-01-06_09_45,1331
2025-01-03_47_03,702
2025-02-24_31_02,692
2025-02-15_15_46,1125
2025-02-19_47_46,1495
2025-01-25_04_29,601
2025-02-01_46_33,1494
2025-01-08_46_33,1335
2025-01-24_33_46,985
2025-01-12_12_36,2296
2025-01-03_02_14,669
2025-01-19_02_01,750
2025-01-16_47_45,2980
2025-01-01_45_47,4077
2025-02-13_22_36,1212
2025-01-01_28_45,2297
2025-01-08_19_30,1368
2025-01-27_33_46,911
2025-01-02_02_40,941
2025-02-22_21_02,620
2025-02-19_06_47,574
2025-01-02_47_10,867
2025-02-24_46_48,3875
2025-01-31_02_21,685
2025-02-23_47_43,1941
2025-02-22_02_31,813
2025-01-14_45_28,2222
2025-02-18_46_09,2404
2025-01-18_02_40,1220
2025-02-22_46_33,1068
2025-01-01_30_02,873
2025-02-15_26_46,1554
2025-02-03_36_37,1517
2025-02-08_46_15,1858
2025-01-17_45_46,3741
2025-01-11_05_45,774
2025-01-29_07_36,631
2025-01-10_06_47,659
2025-02-25_45_28,2061
2025-01-19_47_10,1088
2025-01-20_46_33,802
2025-01-23_05_45,695
2025-02-12_02_16,603
2025-01-14_12_36,1434
2025-02-23_26_46,1806
2025-02-05_46_48,3406
2025-01-28_17_23,913
2025-02-24_02_16,611
2025-01-09_45_34,1838
2025-01-17_02_24,610
2025-01-24_02_14,669
2025-02-11_04_29,438
2025-02-28_45_48,2155
2025-02-06_36_07,643
2025-02-25_11_36,1693
2025-01-01_32_19,1408
2025-02-14_46_47,1751
2025-01-04_21_02,630
2025-02-18_36_41,2431
2025-02-28_02_40,1151
2025-01-18_36_27,1291
2025-01-13_14_30,1220
2025-01-08_17_23,751
2025-02-21_25_23,1500
2025-01-27_02_30,1077
2025-01-22_47_06,570
2025-01-21_45_42,1154
2025-02-26_23_13,1111
2025-02-13_02_16,601
2025-02-09_25_23,1667
2025-01-10_44_45,1173
2025-02-02_47_03,756
2025-02-02_47_08,721
2025-01-24_47_03,702
2025-01-03_20_46,1485
2025-02-20_04_29,495
2025-01-14_02_01,524
2025-01-11_47_05,1649
2025-02-07_46_15,1858
2025-02-13_47_06,561
2025-01-16_36_11,1912
2025-01-01_46_09,2411
2025-02-26_46_26,1179
2025-01-03_21_02,612
2025-01-15_18_46,2866
2025-02-19_47_45,2867
2025-01-03_37_36,107
2025-02-05_46_45,2845
2025-01-23_16_02,585
2025-01-29_46_33,987
2025-01-04_08_47,666
2025-01-13_37_36,8
2025-02-01_16_02,712
2025-01-02_36_37,103
2025-02-02_46_47,2023
2025-02-09_47_43,2073
2025-02-22_02_24,615
2025-01-27_03_47,595
2025-02-05_47_08,489
2025-01-11_47_45,3843
2025-01-23_02_01,576
2025-02-16_47_30,1786
2025-01-14_47_30,1225
2025-01-14_45_09,1295
2025-01-20_47_30,1255
2025-01-26_42_45,2065
2025-01-09_02_31,681
2025-02-26_38_36,1368
2025-01-04_46_48,3273
2025-01-10_03_45,703
2025-01-28_07_36,605
2025-02-07_36_37,5321
2025-01-14_45_47,3265
2025-01-15_02_21,580
2025-02-14_32_19,1593
2025-01-15_45_28,2084
2025-01-08_46_20,1685
2025-01-15_47_03,597
2025-02-07_30_14,1816
2025-02-10_02_30,1077
2025-01-12_36_27,1075
2025-01-10_46_09,2448
2025-01-25_46_35,2126
2025-02-05_46_44,1667
2025-01-23_12_36,1339
2025-01-01_02_01,576
2025-01-16_45_03,573
2025-01-15_46_20,1309
2025-01-21_02_47,661
2025-02-23_45_34,1783
2025-02-24_02_31,681
2025-01-27_47_45,3014
2025-02-22_45_03,697
2025-01-18_02_31,809
2025-02-12_45_28,1896
2025-02-15_17_23,1053
2025-02-01_19_32,2163
2025-01-22_47_02,706
2025-01-10_47_43,7668
2025-02-27_45_05,694
2025-02-01_45_34,1553
2025-01-18_46_33,1375
2025-02-11_47_45,2855
2025-01-05_02_40,1123
2025-01-09_02_16,600
2025-01-11_42_45,1320
2025-02-23_02_40,1123
2025-01-28_32_19,1319
2025-01-09_36_41,3936
2025-02-04_20_46,1125
2025-01-03_46_33,976
2025-02-06_06_47,573
2025-01-25_44_45,1095
2025-02-09_45_05,816
2025-01-03_03_45,703
2025-02-17_23_25,1584
2025-01-06_46_44,1426
2025-01-21_28_45,1810
2025-01-20_45_34,1103
2025-01-06_20_46,1263
2025-01-03_36_41,3144
2025-01-23_41_36,2517
2025-01-06_05_47,1203
2025-02-03_47_45,3850
2025-01-28_36_12,1105
2025-02-10_19_02,700
2025-02-06_11_36,1785
2025-01-26_46_20,1268
2025-02-20_47_10,938
2025-01-06_19_32,1958
2025-01-15_41_36,2667
2025-01-04_16_02,712
2025-01-03_33_46,974
2025-02-17_02_30,1077
2025-01-17_12_36,1447
2025-01-10_19_30,1211
2025-02-01_02_40,1220
2025-01-22_36_11,1314
2025-01-18_04_29,601
2025-01-01_45_34,1924
2025-01-04_47_03,721
2025-01-14_30_14,1056
2025-02-26_02_30,1083
2025-02-07_33_46,803
2025-01-07_48_45,1220
2025-01-31_25_23,1522
2025-01-08_34_45,1678
2025-02-14_39_45,1178
2025-01-21_47_43,1422
2025-02-20_23_13,1129
2025-02-08_32_19,1464
2025-01-23_23_25,2225
2025-02-09_46_35,2086
2025-02-08_45_44,1692
2025-02-11_45_44,1031
2025-01-03_17_23,1011
2025-01-11_23_13,1619
2025-01-19_40_02,1071
2025-02-02_28_47,2183
2025-02-12_46_47,1331
2025-01-11_47_43,7261
2025-02-06_45_09,1322
2025-02-04_03_47,479
2025-02-17_45_42,1178
2025-02-10_47_02,682
2025-01-20_48_45,2088
2025-01-28_45_46,2806
2025-02-05_32_19,1373
2025-01-10_43_47,2392
2025-01-09_47_08,550
2025-01-02_47_05,1314
2025-01-10_33_46,1080
2025-01-11_36_37,385
2025-02-02_47_28,1435
2025-02-05_47_30,1479
2025-01-02_45_44,986
2025-02-27_35_46,1449
2025-01-16_47_03,589
2025-02-15_02_30,1267
2025-01-29_21_02,507
2025-01-23_36_41,2967
2025-01-03_45_42,1653
2025-01-19_45_47,3580
2025-02-12_02_40,918
2025-02-14_33_46,846
2025-02-18_02_16,573
2025-02-15_09_45,1681
2025-01-08_05_45,718
2025-01-25_02_31,809
2025-02-14_45_34,2477
2025-01-02_46_15,1201
2025-01-17_48_46,4690
2025-01-14_41_36,3265
2025-02-08_47_28,1976
2025-01-09_45_44,1720
2025-01-21_07_36,605
2025-02-17_46_15,1037
2025-01-10_18_46,1392
2025-01-23_38_36,791
2025-02-18_02_31,661
2025-01-29_36_07,637
2025-02-05_12_36,1392
2025-01-08_46_15,1542
2025-01-21_36_22,795
2025-01-30_02_47,669
2025-01-10_46_26,2014
2025-02-13_03_45,592
2025-01-27_30_02,1143
2025-01-05_46_09,2592
2025-01-11_45_34,2155
2025-02-01_47_45,3528
2025-02-08_19_02,817
2025-01-08_46_48,4257
2025-01-15_47_06,570
2025-01-14_17_23,915
2025-02-07_30_02,1151
2025-02-03_44_45,1680
2025-01-14_16_02,560
2025-01-06_44_46,1690
2025-02-02_46_33,1253
2025-01-23_45_34,1750
2025-02-04_02_01,524
2025-02-19_12_36,1559
2025-02-08_31_02,810
2025-01-31_01_02,608
2025-02-20_23_25,1607
2025-02-06_02_01,576
2025-02-15_45_44,1188
2025-02-14_07_36,709
2025-02-09_47_08,721
2025-02-25_45_05,711
2025-02-02_03_45,759
2025-01-19_22_36,1503
2025-01-09_02_19,681
2025-02-28_46_33,1665
2025-02-28_28_47,1391
2025-02-21_36_22,1113
2025-02-25_02_16,573
2025-01-13_45_05,662
2025-02-28_25_23,1518
2025-02-26_26_46,1289
2025-01-05_37_36,234
2025-01-27_45_39,1021
2025-01-05_06_47,747
2025-02-20_30_14,1562
2025-01-22_45_44,860
2025-01-27_14_30,1309
2025-01-21_08_47,516
2025-02-28_14_30,1415
2025-02-24_45_34,1431
2025-02-05_08_47,556
2025-01-20_45_05,662
2025-01-26_30_14,1225
2025-01-30_02_01,576
2025-02-19_47_06,570
2025-01-07_05_45,706
2025-02-21_33_46,881
2025-01-10_36_41,4450
2025-01-01_46_44,1836
2025-01-11_45_09,1661
2025-01-10_38_36,972
2025-01-26_23_13,1729
2025-01-28_18_46,1080
2025-02-15_22_36,1719
2025-01-19_15_46,2775
2025-01-29_42_45,1159
2025-02-10_35_46,2150
2025-01-13_45_09,1304
2025-01-17_38_36,663
2025-02-11_36_07,615
2025-02-10_45_28,1791
2025-01-19_47_05,1783
2025-02-02_15_46,1886
2025-02-10_36_37,3574
2025-02-07_40_02,1128
2025-02-23_02_24,569
2025-01-29_02_40,917
2025-02-13_45_44,1065
2025-01-09_23_13,1243
2025-02-18_46_35,1419
2025-01-01_31_02,675
2025-01-16_02_47,669
2025-01-06_02_16,611
2025-02-19_44_46,1228
2025-02-23_20_46,1850
2025-02-21_12_36,1543
2025-02-19_48_46,2825
2025-02-13_36_11,2262
2025-01-14_01_02,473
2025-01-06_02_21,599
2025-01-05_28_47,2393
2025-02-08_47_03,721
2025-01-16_48_46,5574
2025-01-31_36_11,2089
2025-01-09_27_36,1073
2025-02-07_32_19,1568
2025-02-09_31_02,880
2025-02-07_46_20,1728
2025-02-07_44_45,1113
2025-01-19_07_36,794
2025-01-10_05_47,1170
2025-01-08_23_13,977
2025-01-02_02_30,1118
2025-02-26_36_27,1121
2025-01-29_46_26,1163
2025-01-07_47_03,565
2025-02-12_43_47,1207
2025-01-17_46_15,1602
2025-02-14_09_45,1645
2025-01-12_43_47,2047
2025-02-25_47_28,1875
2025-01-01_44_46,3373
2025-02-23_36_41,2360
2025-01-27_45_46,2525
2025-01-27_02_16,611
2025-01-08_42_45,1212
2025-02-23_46_09,2592
2025-01-10_02_40,1150
2025-01-29_45_34,1267
2025-02-28_16_02,697
2025-01-09_19_32,1705
2025-02-18_45_42,1202
2025-01-26_45_46,4105
2025-02-19_46_48,2850
2025-02-01_44_45,1140
2025-02-15_45_39,1756
2025-01-09_45_42,1392
2025-02-01_09_45,1681
2025-02-13_47_45,3399
2025-02-28_46_15,1809
2025-02-09_47_45,4245
2025-01-11_48_45,1645
2025-01-03_47_43,2268
2025-02-09_36_12,1542
2025-02-16_48_46,4354
2025-02-07_35_46,1691
2025-01-21_46_48,2838
2025-02-20_47_06,561
2025-02-21_46_47,1601
2025-01-04_47_46,1966
2025-01-09_36_37,149
2025-02-22_34_45,1440
2025-02-10_46_15,1072
2025-01-21_46_26,1137
2025-01-01_08_47,556
2025-02-27_05_47,1206
2025-02-12_19_30,1105
2025-01-08_05_47,1186
2025-01-13_36_22,1007
2025-01-02_47_43,1452
2025-02-10_48_45,1917
2025-01-03_02_16,711
2025-01-03_47_10,959
2025-01-14_32_19,1455
2025-01-30_41_36,1945
2025-01-22_42_45,1338
2025-02-06_02_31,681
2025-02-18_47_05,1288
2025-02-28_36_11,2364
2025-02-01_05_47,1219
2025-02-21_19_30,1447
2025-02-14_04_29,573
2025-01-17_19_02,708
2025-02-12_20_46,1091
2025-02-08_21_02,620
2025-01-01_02_19,680
2025-01-02_45_48,1405
2025-01-05_03_47,751
2025-01-24_36_07,714
2025-01-20_47_06,592
2025-01-15_19_30,1516
2025-01-20_28_45,2266
2025-01-26_46_45,4753
2025-01-01_13_23,1632
2025-02-22_46_20,1568
2025-01-23_47_10,1091
2025-02-21_48_46,2685
2025-02-03_46_33,854
2025-01-10_45_05,717
2025-02-18_40_02,907
2025-02-24_28_47,1677
2025-01-21_45_47,2821
2025-01-05_09_46,2558
2025-01-10_40_02,1127
2025-01-07_02_14,538
2025-01-18_47_08,642
2025-02-18_36_12,1188
2025-01-09_19_02,677
2025-01-26_44_45,1853
2025-02-03_16_02,607
2025-02-12_11_36,1617
2025-02-25_45_44,1014
2025-01-06_02_24,450
2025-02-12_14_30,1285
2025-02-01_45_48,1918
2025-02-08_47_43,2013
2025-02-05_01_02,483
2025-01-26_18_46,2201
2025-02-04_28_47,1461
2025-01-16_46_09,2431
2025-01-06_46_35,1702
2025-02-27_36_27,1334
2025-02-21_36_27,1265
2025-02-08_46_45,3020
2025-02-01_25_23,1598
2025-02-06_45_05,694
2025-01-29_45_47,3001
2025-01-13_16_02,607
2025-01-07_47_46,1387
2025-02-18_08_47,516
2025-02-14_44_46,1672
2025-01-15_46_47,1360
2025-01-05_36_37,148
2025-02-05_42_45,1350
2025-01-24_13_23,1644
2025-01-13_05_47,1203
2025-01-22_19_02,686
2025-01-17_46_09,2448
2025-02-01_36_12,1952
2025-01-09_42_45,1091
2025-01-06_02_01,595
2025-02-03_19_32,1739
2025-02-06_05_45,696
2025-02-11_14_30,1262
2025-01-21_48_46,3301
2025-02-24_45_28,1595
2025-02-02_45_09,1809
2025-02-22_19_02,817
2025-02-17_20_46,1073
2025-01-23_03_47,578
2025-01-19_01_02,570
2025-01-12_47_06,741
2025-01-14_45_05,709
2025-02-21_45_44,1526
2025-01-08_36_22,1020
2025-01-24_02_24,610
2025-01-13_47_30,1434
2025-02-01_19_30,1580
2025-02-26_47_02,708
2025-02-09_46_48,4087
2025-02-16_47_45,4601
2025-02-11_32_19,1573
2025-01-30_46_26,1463
2025-02-07_47_30,1809
2025-02-27_21_02,514
2025-01-03_06_47,659
2025-02-15_02_19,818
2025-02-16_02_16,761
2025-02-16_45_05,816
2025-01-05_47_28,1496
2025-01-05_45_44,1081
2025-01-17_36_12,1934
2025-01-24_38_36,1074
2025-01-29_47_30,1281
2025-01-18_36_37,442
2025-02-21_45_46,4074
2025-01-10_47_45,4270
2025-02-19_42_45,1216
2025-01-02_16_02,585
2025-02-20_08_47,544
2025-01-19_41_36,2894
2025-01-24_11_36,1646
2025-02-13_47_02,692
2025-01-24_36_41,3999
2025-01-09_46_48,5230
2025-01-04_47_45,3857
2025-01-31_02_14,669
2025-02-15_19_30,1475
2025-01-29_02_01,576
2025-01-23_06_47,573
2025-01-07_15_46,1024
2025-02-11_02_21,549
2025-02-09_36_41,2616
2025-01-24_46_26,1604
2025-02-22_02_47,808
2025-01-04_46_20,1245
2025-01-29_40_02,909
2025-02-27_19_32,1798
2025-01-22_28_47,1306
2025-02-26_46_35,2027
2025-02-02_47_10,913
2025-02-05_19_02,686
2025-02-12_46_48,3056
2025-02-26_43_47,1226
2025-01-22_47_30,1452
2025-01-02_36_07,641
2025-02-24_36_12,1497
2025-01-23_28_45,1506
2025-01-08_11_36,1215
2025-01-25_02_47,804
2025-02-02_21_02,606
2025-01-05_19_30,2018
2025-02-11_45_05,711
2025-01-25_47_05,1649
2025-02-20_45_47,3711
2025-01-12_02_21,760
2025-01-14_42_45,1544
2025-01-16_46_26,1490
2025-02-22_01_02,614
2025-01-11_36_12,1815
2025-02-19_03_47,575
2025-02-08_42_45,1518
2025-01-16_36_41,3219
2025-02-23_48_45,2176
2025-02-27_45_09,1322
2025-01-04_40_02,1205
2025-02-28_39_45,1342
2025-02-10_02_19,691
2025-01-17_45_42,1926
2025-02-19_19_30,1398
2025-01-20_45_44,1039
2025-01-09_46_15,1922
2025-01-15_02_47,677
2025-01-04_36_22,1120
2025-01-26_45_09,1804
2025-02-28_34_45,1414
2025-02-10_36_12,1351
2025-02-07_38_36,1067
2025-01-20_35_46,3005
2025-02-24_46_15,1024
2025-02-07_46_47,1709
2025-02-16_02_30,1910
2025-01-14_38_36,927
2025-01-05_02_30,1799
2025-02-28_03_45,704
2025-02-17_45_48,1053
2025-01-14_19_30,1209
2025-02-03_02_30,1077
2025-02-23_02_01,757
2025-01-27_01_02,450
2025-02-17_13_23,1551
2025-01-20_19_30,1371
2025-01-29_47_10,904
2025-02-24_02_40,1014
2025-02-03_30_14,961
2025-01-31_45_47,4141
2025-02-08_02_19,818
2025-01-13_02_01,595
2025-01-15_05_47,1186
2025-02-19_02_14,578
2025-02-27_42_45,1152
2025-01-26_14_30,2228
2025-01-15_45_34,1304
2025-02-06_47_06,561
2025-02-15_14_30,1493
2025-01-17_14_30,1520
2025-01-27_47_03,606
2025-01-19_17_23,1164
2025-02-22_45_09,1660
2025-01-25_17_23,817
2025-02-17_45_34,1529
2025-02-13_45_39,2319
2025-02-22_19_32,2224
2025-02-04_47_06,530
2025-01-30_33_46,794
2025-02-02_45_47,3432
2025-01-13_45_39,1424
2025-01-17_46_26,1369
2025-01-13_35_46,1930
2025-01-03_46_15,1288
2025-01-16_46_45,2923
2025-02-14_02_19,710
2025-01-31_47_06,661
2025-02-01_45_03,697
2025-01-24_41_36,2602
2025-01-02_23_25,1687
2025-01-24_46_35,2092
2025-02-09_33_46,1973
2025-01-23_40_02,929
2025-01-31_19_32,2361
2025-02-14_02_30,1129
2025-01-04_27_36,1232
2025-02-09_47_46,2010
2025-02-08_45_46,3241
2025-01-21_35_46,2586
2025-01-23_32_19,1262
2025-02-17_28_47,1862
2025-02-22_09_46,2482
2025-02-23_47_02,957
2025-02-16_17_23,1354
2025-01-31_46_33,1657
2025-01-08_47_08,514
2025-02-08_02_30,1267
2025-01-19_32_19,1778
2025-02-02_32_19,2116
2025-02-10_45_48,1206
2025-02-15_07_36,723
2025-01-20_02_30,1077
2025-01-18_47_06,678
2025-01-14_31_02,654
2025-01-19_02_21,760
2025-01-19_06_47,747
2025-01-30_02_24,547
2025-01-09_14_30,1214
2025-02-05_15_46,1173
2025-01-10_47_06,661
2025-01-30_06_47,573
2025-01-09_07_36,635
2025-02-26_17_23,870
2025-02-01_06_47,680
2025-01-16_45_47,3397
2025-02-10_02_01,597
2025-02-04_27_36,1105
2025-01-11_07_36,723
2025-02-01_47_46,1677
2025-02-18_02_14,540
2025-01-25_36_41,4092
2025-01-10_46_15,2975
2025-01-04_28_45,1511
2025-01-04_19_32,1693
2025-01-24_36_37,1235
2025-01-29_37_36,1696
2025-01-23_05_47,1205
2025-02-27_03_45,592
2025-02-08_36_22,1103
2025-02-10_21_02,431
2025-01-03_47_45,3126
2025-01-13_04_29,437
2025-02-25_06_47,523
2025-01-04_09_45,1681
2025-02-25_46_47,1283
2025-01-09_19_30,1199
2025-01-07_43_47,1240
2025-02-15_35_46,1845
2025-02-20_15_46,919
2025-02-12_06_47,574
2025-01-27_05_45,660
2025-02-20_34_45,1338
2025-02-13_45_34,2000
2025-01-06_23_13,1330
2025-02-11_47_43,1387
2025-01-16_47_02,690
2025-01-04_20_46,1863
2025-01-09_39_45,1016
2025-01-13_44_45,1031
2025-02-26_35_46,1497
2025-01-29_38_36,642
2025-01-17_36_37,689
2025-01-17_45_47,3272
2025-01-30_46_47,1260
2025-01-25_12_36,1487
2025-02-26_02_24,483
2025-02-16_21_02,606
2025-01-26_45_28,1923
2025-02-08_13_23,1703
2025-01-06_41_36,2557
2025-01-22_09_45,1328
2025-02-15_48_45,1386
2025-01-10_41_36,2817
2025-01-12_41_36,3338
2025-02-14_47_02,729
2025-01-18_45_48,1725
2025-02-17_45_44,816
2025-01-15_28_47,2022
2025-02-13_47_10,789
2025-01-21_05_47,1162
2025-01-14_19_32,1622
2025-02-06_45_34,1759
2025-02-04_47_03,567
2025-02-10_34_45,1660
2025-01-01_06_47,574
2025-02-16_19_02,873
2025-02-06_45_48,1709
2025-02-01_44_46,2232
2025-01-12_19_32,2073
2025-02-26_18_46,1181
2025-02-11_36_27,1173
2025-01-07_38_36,538
2025-01-17_36_41,3379
2025-01-29_48_46,2923
2025-01-02_36_41,3734
2025-02-19_33_46,750
2025-01-04_47_10,1076
2025-01-17_47_43,1914
2025-01-13_47_43,2918
2025-01-28_34_45,1526
2025-01-19_46_26,1648
2025-02-16_36_27,1273
2025-01-15_17_23,965
2025-02-18_12_36,1484
2025-01-16_47_05,1314
2025-01-26_12_36,2152
2025-02-24_48_45,1362
2025-01-11_05_47,1217
2025-01-28_45_34,1226
2025-02-26_30_02,876
2025-01-02_46_26,1423
2025-01-23_45_28,2161
2025-01-28_42_45,1221
2025-01-17_19_32,2049
2025-01-25_38_36,997
2025-02-20_44_46,1586
2025-01-13_47_10,1688
2025-02-10_47_28,1744
2025-01-30_14_30,1472
2025-02-16_44_45,1954
2025-02-20_09_45,1349
2025-01-27_02_24,450
2025-01-31_23_13,1820
2025-02-05_23_25,1649
2025-01-06_36_37,14
2025-01-05_01_02,570
2025-01-28_47_05,1288
2025-01-20_45_42,1175
2025-01-19_36_27,1059
2025-02-26_41_36,1986
2025-02-16_45_34,1504
2025-02-16_18_46,2229
2025-01-10_47_10,3016
2025-01-31_27_36,1106
2025-02-28_45_44,1432
2025-02-03_36_27,1053
2025-02-07_06_47,659
2025-02-07_31_02,704
2025-01-27_07_36,625
2025-02-20_02_19,681
2025-02-05_45_42,1249
2025-02-26_15_46,881
2025-02-02_45_44,1176
2025-01-02_45_39,1456
2025-01-07_46_48,2827
2025-02-22_47_10,997
2025-02-20_36_22,906
2025-01-01_41_36,5749
2025-02-07_36_12,1887
2025-02-02_39_45,2941
2025-02-11_19_30,1290
2025-02-23_19_02,873
2025-02-17_19_02,700
2025-02-16_02_47,864
2025-02-18_30_02,872
2025-02-04_15_46,1117
2025-01-24_05_45,719
2025-02-01_11_36,1928
2025-01-08_09_45,1328
2025-01-25_36_37,1469
2025-02-05_45_34,1453
2025-01-28_02_24,473
2025-02-19_18_46,1121
2025-01-06_15_46,1320
2025-01-07_45_34,1322
2025-01-12_02_31,884
2025-02-14_36_37,5770
2025-02-15_05_45,779
2025-02-14_46_48,4337
2025-01-10_48_45,1714
2025-02-27_38_36,1014
2025-01-16_46_20,1425
2025-01-14_08_47,516
2025-02-19_13_23,1268
2025-02-05_30_14,1153
2025-02-27_36_37,662
2025-01-01_36_27,948
2025-02-02_17_23,1141
2025-02-04_46_09,2404
2025-02-14_02_31,710
2025-02-12_47_45,2889
2025-01-23_30_02,888
2025-01-19_14_30,1808
2025-01-15_36_11,1442
2025-02-21_02_31,710
2025-01-20_45_39,982
2025-02-28_02_01,661
2025-02-28_47_46,1930
2025-02-22_36_41,3160
2025-01-03_02_21,685
2025-02-27_45_28,2048
2025-01-19_19_32,2078
2025-01-24_23_25,1898
2025-02-19_19_32,1909
2025-02-27_45_47,3485
2025-01-12_47_10,2214
2025-01-22_48_45,1196
2025-02-12_30_02,876
2025-01-29_46_20,1121
2025-01-10_22_36,1659
2025-02-21_46_35,3023
2025-01-30_47_03,589
2025-02-24_41_36,2044
2025-02-01_38_36,1027
2025-01-19_47_03,755
2025-02-11_36_12,1135
2025-01-23_44_46,1512
2025-02-24_36_41,2373
2025-01-14_23_13,1090
2025-01-18_47_30,1803
2025-02-20_01_02,524
2025-02-26_46_44,2020
2025-01-13_45_48,2045
2025-01-08_26_46,1154
2025-02-03_07_36,625
2025-02-25_26_46,1136
2025-02-08_05_47,1219
2025-02-19_36_22,1022
2025-01-10_47_08,613
2025-02-22_30_14,1713
2025-01-21_36_11,1405
2025-02-11_33_46,960
2025-01-12_46_09,2592
2025-02-03_45_03,599
2025-01-30_02_30,1118
2025-02-08_11_36,1857
2025-01-01_34_45,4306
2025-01-07_02_21,547
2025-02-28_47_05,1618
2025-02-11_46_33,605
2025-02-01_46_35,2507
2025-02-25_20_46,989
2025-01-07_45_44,1005
2025-01-05_47_02,936
2025-01-29_46_15,1288
2025-01-29_45_28,1921
2025-01-03_48_46,3564
2025-02-10_32_19,1676
2025-02-19_46_33,813
2025-02-04_45_09,1296
2025-02-11_47_02,705
2025-01-30_47_02,690
2025-02-05_28_47,1440
2025-01-30_03_45,591
2025-02-16_06_47,753
2025-02-13_02_31,681
2025-01-31_36_27,1563
2025-01-20_19_02,700
2025-02-19_36_07,638
2025-02-05_45_28,2066
2025-01-16_45_44,1182
2025-01-17_34_45,1686
2025-01-02_02_24,547
2025-02-09_48_45,2149
2025-01-07_02_24,473
2025-02-24_46_47,1424
2025-01-13_11_36,1477
2025-01-31_45_48,2301
2025-02-25_04_29,438
2025-02-26_28_47,1330
2025-02-27_02_19,681
2025-02-28_45_05,719
2025-01-01_46_18,1530
2025-01-01_19_32,1648
2025-01-22_47_46,1451
2025-02-07_21_02,599
2025-02-15_46_44,2488
2025-02-27_23_25,1567
2025-02-24_47_06,595
2025-02-15_47_02,787
2025-01-31_47_30,1754
2025-01-18_22_36,1261
2025-01-04_47_05,1649
2025-02-10_46_44,1602
2025-01-22_23_13,1672
2025-02-25_02_24,453
2025-01-28_45_39,867
2025-02-17_45_39,1068
2025-02-01_47_05,1649
2025-01-20_40_02,996
2025-01-11_36_41,4268
2025-01-09_08_47,543
2025-01-08_02_30,1082
2025-01-09_02_47,669
2025-01-22_47_45,2969
2025-02-19_19_02,686
2025-02-19_45_39,1483
2025-02-27_46_35,2117
2025-01-10_02_19,710
2025-01-25_47_02,782
2025-01-09_36_11,1325
2025-01-13_47_45,3293
2025-02-01_46_26,1705
2025-01-26_04_29,531
2025-02-03_06_47,595
2025-02-23_05_47,1938
2025-02-18_46_48,2701
2025-01-11_45_05,775
2025-01-23_46_48,3523
2025-02-21_46_09,2448
2025-01-17_32_19,1547
2025-01-24_45_03,679
2025-01-27_32_19,1653
