route_key,final_seatcount
2025-02-11_46_45,3359.4778
2025-01-20_17_23,1836.4945
2025-01-08_02_14,523.02124
2025-01-08_08_47,523.02124
2025-01-08_09_46,523.02124
2025-01-21_45_05,523.02124
2025-02-26_47_08,523.02124
2025-01-03_02_19,523.02124
2025-02-11_02_30,523.02124
2025-01-25_05_45,523.02124
2025-02-04_36_07,523.02124
2025-01-28_02_14,523.02124
2025-01-14_47_46,1860.1996
2025-02-04_02_16,523.02124
2025-02-20_47_43,2535.6436
2025-01-03_19_30,2242.979
2025-02-27_22_36,1562.7349
2025-02-10_47_08,523.02124
2025-01-27_47_02,523.02124
2025-01-27_22_36,1529.2567
2025-01-10_36_27,1954.4208
2025-02-11_46_15,2167.4846
2025-02-28_42_45,2262.6804
2025-01-22_30_02,523.02124
2025-01-17_09_46,523.02124
2025-01-29_46_48,2917.3186
2025-02-27_11_36,2217.9062
2025-02-19_48_45,1988.4275
2025-01-27_23_13,1560.5499
2025-01-14_28_45,3270.2778
2025-01-27_46_18,1785.5272
2025-02-14_47_05,523.02124
2025-02-20_17_23,1306.0084
2025-02-07_23_13,1771.0481
2025-01-27_36_12,1729.797
2025-01-11_16_02,523.02124
2025-02-04_46_33,1374.3966
2025-01-11_48_46,3082.531
2025-01-24_16_02,523.02124
2025-01-12_23_13,1561.3375
2025-02-07_46_18,3413.507
2025-02-26_09_46,523.02124
2025-02-07_47_05,523.02124
2025-01-18_36_22,1782.89
2025-02-07_02_01,523.02124
2025-01-01_46_26,2299.93
2025-02-08_26_46,1878.6077
2025-01-09_46_44,3647.3083
2025-01-04_02_21,523.02124
2025-02-08_27_36,1741.2281
2025-01-03_05_47,523.02124
2025-01-09_26_46,1992.1614
2025-01-14_20_46,3051.4836
2025-02-25_13_23,1274.2828
2025-02-04_45_34,1974.8898
2025-01-20_05_45,523.02124
2025-02-15_46_15,2522.4333
2025-01-16_19_02,523.02124
2025-01-07_22_36,1540.218
2025-01-21_32_19,1557.155
2025-02-13_32_19,1277.3265
2025-02-27_02_40,523.02124
2025-02-22_45_42,2277.2588
2025-01-05_35_46,3132.3645
2025-01-16_26_46,3175.4905
2025-02-09_13_23,1940.2721
2025-01-24_39_45,2275.2063
2025-01-13_36_27,1586.338
2025-02-09_45_47,2906.979
2025-01-21_26_46,2290.127
2025-02-08_45_05,523.02124
2025-02-03_35_46,2815.021
2025-01-03_19_02,523.02124
2025-02-06_36_12,2217.246
2025-02-04_37_36,3153.9185
2025-01-28_45_44,1550.6825
2025-02-18_46_15,1635.7926
2025-02-10_45_46,2672.4429
2025-01-13_02_21,523.02124
2025-02-23_02_30,523.02124
2025-02-22_09_45,523.02124
2025-02-12_30_14,1968.998
2025-02-27_41_36,2476.41
2025-01-05_45_47,3363.3835
2025-02-18_46_26,1413.2365
2025-01-11_36_22,1804.3491
2025-02-12_02_01,523.02124
2025-02-13_17_23,701.4092
2025-02-08_09_45,523.02124
2025-02-17_45_05,523.02124
2025-01-03_36_27,1826.14
2025-02-14_37_36,3318.6406
2025-01-15_12_36,2250.4236
2025-01-26_02_01,523.02124
2025-01-26_02_14,523.02124
2025-02-05_36_12,1880.1332
2025-01-24_02_21,523.02124
2025-01-18_44_45,2871.0293
2025-02-27_47_10,1560.5499
2025-01-14_03_47,523.02124
2025-02-22_06_47,523.02124
2025-01-10_44_46,3015.8416
2025-01-30_03_47,523.02124
2025-02-25_15_46,1706.6758
2025-02-13_19_32,1669.2188
2025-02-04_47_46,1740.5903
2025-01-04_47_06,523.02124
2025-02-06_01_02,523.02124
2025-01-25_28_45,2022.3763
2025-02-22_47_03,523.02124
2025-02-05_36_22,1466.3687
2025-02-11_02_14,523.02124
2025-01-05_43_47,1901.7079
2025-02-04_25_23,2072.171
2025-01-07_41_36,2965.046
2025-02-12_46_18,2310.6492
2025-02-20_47_05,523.02124
2025-02-14_35_46,2064.7766
2025-01-03_45_46,3088.9385
2025-01-17_47_03,523.02124
2025-02-23_03_47,523.02124
2025-01-20_09_46,523.02124
2025-01-13_46_44,4189.0996
2025-02-13_28_45,1890.6018
2025-02-05_47_46,1527.6196
2025-01-18_45_09,523.02124
2025-02-24_36_27,1734.5739
2025-01-28_13_23,1821.4393
2025-02-01_23_13,2257.078
2025-01-03_28_45,1528.2909
2025-02-06_46_18,2486.8608
2025-01-05_45_28,2418.7747
2025-01-31_46_26,2917.8757
2025-01-18_46_15,2858.559
2025-02-18_28_47,2252.4768
2025-02-12_12_36,1877.237
2025-01-30_38_36,1413.2365
2025-01-20_46_48,3123.6672
2025-02-07_39_45,1798.8547
2025-02-20_46_26,1563.3937
2025-01-15_02_19,523.02124
2025-02-06_42_45,1666.9126
2025-01-02_48_45,3057.8906
2025-01-19_03_47,523.02124
2025-01-21_47_30,1531.0421
2025-01-17_30_02,523.02124
2025-02-19_21_02,523.02124
2025-01-08_45_47,3633.8914
2025-01-11_47_46,3658.5833
2025-01-22_46_47,1744.5677
2025-01-22_18_46,2187.462
2025-02-28_18_46,2201.912
2025-01-17_17_23,1211.6078
2025-02-11_26_46,1613.814
2025-02-02_02_40,523.02124
2025-01-11_47_30,2876.9827
2025-02-12_47_06,523.02124
2025-01-03_35_46,2330.963
2025-02-10_15_46,2774.082
2025-02-07_36_27,1985.4902
2025-02-01_46_20,2882.9536
2025-01-12_46_20,5478.1655
2025-02-21_21_02,523.02124
2025-02-18_47_06,523.02124
2025-02-13_45_05,523.02124
2025-02-17_46_45,2677.1616
2025-01-03_13_23,1506.1044
2025-02-05_48_45,1811.6292
2025-01-07_47_05,523.02124
2025-02-05_02_21,523.02124
2025-01-07_44_46,1792.5557
2025-02-26_14_30,1817.8047
2025-02-10_45_42,1845.9084
2025-02-02_46_44,3158.7156
2025-02-17_38_36,1955.9657
2025-02-16_46_09,523.02124
2025-02-21_32_19,1447.8815
2025-02-15_47_43,2423.6533
2025-02-26_34_45,2130.346
2025-01-28_47_28,1685.508
2025-01-21_45_46,2330.8845
2025-02-16_30_14,1943.7946
2025-02-24_03_45,523.02124
2025-02-04_12_36,1904.7743
2025-01-20_43_47,4616.866
2025-02-04_48_45,2286.8845
2025-01-22_27_36,1482.0178
2025-02-03_47_06,523.02124
2025-01-23_46_09,523.02124
2025-02-14_03_45,523.02124
2025-02-15_36_12,2187.462
2025-02-03_41_36,2742.4075
2025-01-12_13_23,2152.435
2025-02-05_02_16,523.02124
2025-02-07_05_45,523.02124
2025-02-17_36_11,2300.9292
2025-01-15_46_15,2514.8286
2025-02-02_33_46,3141.5134
2025-02-07_47_02,523.02124
2025-02-04_48_46,2490.1067
2025-01-06_47_02,523.02124
2025-01-01_07_36,523.02124
2025-01-20_36_41,5079.473
2025-02-15_03_47,523.02124
2025-01-22_03_47,523.02124
2025-01-13_36_37,3286.1023
2025-02-18_32_19,1006.61694
2025-01-23_02_19,523.02124
2025-01-15_47_46,1913.4069
2025-02-26_05_45,523.02124
2025-01-18_45_34,2210.1897
2025-01-21_21_02,523.02124
2025-01-14_21_02,523.02124
2025-02-04_46_47,1478.303
2025-02-22_41_36,3005.8213
2025-02-25_46_44,3136.7104
2025-01-03_41_36,4049.5554
2025-01-13_07_36,523.02124
2025-01-25_47_08,523.02124
2025-02-23_47_08,523.02124
2025-02-07_47_08,523.02124
2025-02-09_46_09,523.02124
2025-01-25_47_06,523.02124
2025-01-28_46_33,1220.9276
2025-01-19_46_47,2842.6973
2025-02-18_19_02,523.02124
2025-02-14_46_45,2898.5286
2025-01-13_15_46,2330.963
2025-02-01_48_46,3605.8105
2025-02-19_47_28,2852.3418
2025-01-10_09_45,523.02124
2025-02-11_46_26,1681.8965
2025-01-18_02_14,523.02124
2025-01-31_22_36,2250.4236
2025-01-07_45_46,3027.2144
2025-01-02_46_48,3164.4727
2025-01-15_21_02,523.02124
2025-02-28_02_14,523.02124
2025-01-11_47_03,523.02124
2025-02-28_02_21,523.02124
2025-02-01_34_45,2182.3232
2025-01-07_09_45,523.02124
2025-02-19_03_45,523.02124
2025-01-13_05_45,523.02124
2025-02-10_02_24,523.02124
2025-01-21_45_03,523.02124
2025-01-08_46_44,3036.4966
2025-02-20_03_47,523.02124
2025-02-16_34_45,3552.9092
2025-02-14_20_46,1719.9924
2025-02-02_45_34,1704.6154
2025-02-13_47_46,2084.7407
2025-01-14_45_03,523.02124
2025-01-23_09_46,523.02124
2025-02-14_02_24,523.02124
2025-02-10_02_47,523.02124
2025-02-04_46_35,1531.0421
2025-02-24_01_02,523.02124
2025-02-17_17_23,1991.3923
2025-02-15_09_46,523.02124
2025-02-16_23_13,1513.4062
2025-01-28_37_36,1361.9069
2025-02-19_15_46,1641.6062
2025-01-05_39_45,2671.74
2025-01-01_02_31,523.02124
2025-02-04_47_05,523.02124
2025-01-22_45_05,523.02124
2025-02-16_19_30,2189.312
2025-02-11_46_47,1476.7288
2025-01-16_28_47,3175.4905
2025-01-25_19_30,2340.0046
2025-02-21_19_32,1645.9015
2025-01-26_46_47,2290.127
2025-01-05_30_14,1826.7549
2025-01-30_26_46,2158.618
2025-02-13_45_47,3577.2568
2025-01-21_43_47,3380.2395
2025-02-12_47_02,523.02124
2025-01-21_47_45,2555.0706
2025-01-11_45_44,3814.346
2025-01-17_30_14,2291.4194
2025-01-02_46_33,2662.0376
2025-01-08_47_02,523.02124
2025-01-14_36_11,1502.2842
2025-02-22_46_09,523.02124
2025-02-05_36_27,2038.737
2025-01-17_01_02,523.02124
2025-02-27_17_23,1347.3662
2025-02-26_45_03,523.02124
2025-02-27_26_46,1717.6995
2025-02-18_04_29,523.02124
2025-02-11_36_37,7223.4844
2025-01-06_12_36,1908.4515
2025-01-20_01_02,523.02124
2025-02-16_46_48,2810.514
2025-01-23_45_47,3016.1282
2025-01-27_02_01,523.02124
2025-02-12_08_47,523.02124
2025-01-11_02_01,523.02124
2025-01-14_45_46,3634.7861
2025-01-09_16_02,523.02124
2025-01-21_02_01,523.02124
2025-01-16_33_46,3402.8008
2025-02-05_44_46,1772.3914
2025-01-12_23_25,2966.0671
2025-02-09_09_45,523.02124
2025-01-02_13_23,1850.3358
2025-01-03_46_18,2567.287
2025-02-14_36_27,2522.5479
2025-01-09_46_35,4091.5352
2025-01-08_25_23,2490.8708
2025-01-30_16_02,523.02124
2025-01-07_02_47,523.02124
2025-01-04_45_05,523.02124
2025-01-03_47_30,2071.3696
2025-01-17_40_02,523.02124
2025-02-23_36_27,1875.4519
2025-02-02_02_01,523.02124
2025-02-10_48_46,4042.5928
2025-01-10_46_18,5490.025
2025-02-26_16_02,523.02124
2025-01-19_46_15,2503.261
2025-02-24_35_46,2332.9363
2025-02-19_45_28,2588.8909
2025-02-05_02_47,523.02124
2025-01-31_08_47,523.02124
2025-02-04_05_45,523.02124
2025-01-02_47_46,2236.1353
2025-02-17_30_14,2250.4236
2025-01-12_28_45,2330.963
2025-01-11_11_36,1531.0421
2025-01-25_45_48,2658.7742
2025-02-21_45_47,3466.9353
2025-01-19_08_47,523.02124
2025-02-16_28_45,2855.0972
2025-01-30_30_14,1991.0278
2025-01-19_44_46,5504.8267
2025-02-14_36_12,2544.6763
2025-02-11_39_45,1585.6077
2025-02-15_45_28,2089.3972
2025-01-08_04_29,523.02124
2025-01-10_45_39,3706.7083
2025-01-22_02_21,523.02124
2025-02-07_36_11,2510.8672
2025-02-09_20_46,2486.1553
2025-02-07_45_47,4227.591
2025-01-12_47_03,523.02124
2025-02-23_02_14,523.02124
2025-01-15_33_46,3329.998
2025-02-25_02_47,523.02124
2025-01-08_06_47,523.02124
2025-01-17_45_48,3514.2363
2025-01-10_46_48,7223.4844
2025-02-12_23_25,3511.6426
2025-02-03_36_22,1594.3851
2025-01-20_13_23,1645.9015
2025-02-19_02_24,523.02124
2025-01-12_03_45,523.02124
2025-01-04_46_15,2486.8608
2025-02-09_46_26,1938.7574
2025-02-20_46_48,3030.9011
2025-01-05_48_46,4070.6416
2025-02-08_05_45,523.02124
2025-02-21_37_36,3340.0042
2025-01-13_46_20,3586.5215
2025-01-02_31_02,523.02124
2025-02-04_19_32,1506.1044
2025-01-31_46_35,2458.6426
2025-02-14_43_47,1836.4945
2025-02-28_45_34,3444.5789
2025-01-03_25_23,3227.2434
2025-02-02_45_42,1921.5052
2025-01-26_48_45,3083.3506
2025-02-26_31_02,523.02124
2025-02-13_21_02,523.02124
2025-01-24_21_02,523.02124
2025-02-17_39_45,2156.315
2025-01-12_32_19,1467.134
2025-01-07_27_36,1369.7848
2025-02-14_02_01,523.02124
2025-02-06_31_02,523.02124
2025-02-23_36_12,1991.0278
2025-02-25_23_25,2972.193
2025-02-05_46_20,1771.0481
2025-01-30_36_27,1772.3914
2025-02-27_27_36,1847.285
2025-01-15_36_27,1837.296
2025-02-22_38_36,1974.1726
2025-02-26_25_23,2809.7903
2025-02-10_01_02,523.02124
2025-01-09_47_05,523.02124
2025-02-10_47_06,523.02124
2025-01-26_25_23,4453.091
2025-01-15_46_26,2572.4226
2025-02-09_11_36,3206.3237
2025-01-16_04_29,523.02124
2025-01-07_36_27,1450.8258
2025-02-04_02_24,523.02124
2025-02-03_45_44,1392.3011
2025-01-07_19_30,1761.6356
2025-01-30_12_36,2256.1938
2025-02-20_46_35,2436.8594
2025-01-19_02_16,523.02124
2025-02-17_32_19,1636.4695
2025-01-08_46_47,1753.1038
2025-01-31_41_36,3450.2502
2025-02-02_46_15,2626.3828
2025-01-12_02_16,523.02124
2025-02-05_04_29,523.02124
2025-01-12_44_46,2858.7454
2025-01-17_03_45,523.02124
2025-02-23_37_36,4453.091
2025-01-21_25_23,2501.8433
2025-01-09_15_46,1792.5557
2025-01-01_47_43,2291.4194
2025-01-14_36_12,1762.0159
2025-02-13_08_47,523.02124
2025-01-12_30_02,523.02124
2025-02-02_31_02,523.02124
2025-01-21_47_05,523.02124
2025-01-09_48_46,2594.624
2025-01-03_36_07,523.02124
2025-02-07_47_45,3359.9692
2025-01-27_46_35,1754.5895
2025-02-22_26_46,1740.5903
2025-01-23_19_32,1682.7859
2025-02-18_16_02,523.02124
2025-02-09_37_36,4656.4062
2025-01-24_28_47,1563.3937
2025-01-05_47_08,523.02124
2025-02-02_19_32,2038.3706
2025-01-28_45_48,1756.376
2025-01-30_45_44,2065.9565
2025-02-12_09_45,523.02124
2025-01-24_20_46,1986.5195
2025-01-16_42_45,1653.9746
2025-01-12_36_07,523.02124
2025-02-09_08_47,523.02124
2025-01-17_47_46,1841.1106
2025-01-22_36_37,1653.1035
2025-01-07_47_43,4070.6416
2025-02-05_14_30,2060.13
2025-01-20_36_11,1744.5677
2025-02-16_41_36,3706.7083
2025-01-22_02_31,523.02124
2025-01-23_48_45,1815.9615
2025-01-23_02_14,523.02124
2025-01-21_09_45,523.02124
2025-02-28_43_47,1980.3759
2025-02-19_02_19,523.02124
2025-02-22_44_45,1665.6779
2025-01-04_38_36,1508.6184
2025-02-17_45_46,3146.268
2025-01-16_39_45,2362.5857
2025-01-04_02_47,523.02124
2025-01-14_02_30,523.02124
2025-02-03_09_45,523.02124
2025-01-02_17_23,1529.3105
2025-02-21_36_07,523.02124
2025-01-02_02_16,523.02124
2025-01-07_40_02,523.02124
2025-02-06_46_48,3896.903
2025-02-05_45_03,523.02124
2025-02-10_02_14,523.02124
2025-02-16_14_30,2228.9514
2025-01-16_19_30,2179.0217
2025-01-28_03_47,523.02124
2025-02-12_19_02,523.02124
2025-02-11_27_36,1671.0914
2025-02-09_46_20,2760.766
2025-02-10_02_40,523.02124
2025-02-13_06_47,523.02124
2025-01-23_42_45,1911.521
2025-02-24_47_46,2100.884
2025-01-18_28_45,3339.446
2025-02-04_01_02,523.02124
2025-02-10_18_46,3297.273
2025-02-04_09_46,523.02124
2025-02-20_05_45,523.02124
2025-01-11_02_16,523.02124
2025-01-14_47_03,523.02124
2025-01-25_47_43,2228.9514
2025-02-24_21_02,523.02124
2025-02-25_09_45,523.02124
2025-01-21_28_47,1560.6466
2025-01-12_46_44,4593.7686
2025-02-14_42_45,2333.9922
2025-01-29_44_45,1413.2365
2025-02-26_05_47,523.02124
2025-01-19_26_46,3904.58
2025-01-20_06_47,523.02124
2025-01-15_47_30,1719.9924
2025-02-08_36_37,5382.4272
2025-01-12_36_11,1469.8889
2025-01-13_46_45,2490.1067
2025-01-16_48_45,4005.0144
2025-02-21_47_43,2741.3364
2025-01-14_04_29,523.02124
2025-02-24_47_03,523.02124
2025-01-20_39_45,2267.6377
2025-02-01_45_39,2631.2886
2025-02-15_46_18,3530.8186
2025-01-26_47_30,1678.7648
2025-01-22_17_23,1413.2365
2025-02-26_44_46,1434.1453
2025-02-28_48_46,4023.545
2025-01-10_02_14,523.02124
2025-02-16_47_06,523.02124
2025-01-18_46_18,3151.3564
2025-01-31_06_47,523.02124
2025-01-14_44_45,2568.7126
2025-01-22_46_20,1697.1493
2025-02-10_05_47,523.02124
2025-02-24_30_14,1566.842
2025-01-07_36_07,523.02124
2025-02-14_13_23,1760.8978
2025-01-23_45_44,1682.8118
2025-02-08_35_46,1701.5204
2025-02-21_19_02,523.02124
2025-02-28_45_39,3657.3765
2025-01-12_15_46,2426.2854
2025-02-26_47_05,523.02124
2025-02-10_23_13,1508.6184
2025-02-01_20_46,2173.38
2025-01-04_01_02,523.02124
2025-02-13_37_36,3842.688
2025-01-23_45_42,2677.1616
2025-01-24_02_19,523.02124
2025-01-11_46_20,5593.3716
2025-02-18_05_47,523.02124
2025-01-05_46_20,2005.4595
2025-02-03_40_02,523.02124
2025-01-07_02_31,523.02124
2025-01-14_27_36,1377.0201
2025-02-02_40_02,523.02124
2025-02-28_03_47,523.02124
2025-01-06_03_47,523.02124
2025-01-30_45_09,523.02124
2025-01-25_40_02,523.02124
2025-01-15_23_13,1277.3265
2025-01-19_48_46,5382.4272
2025-01-15_01_02,523.02124
2025-01-24_02_47,523.02124
2025-02-09_03_45,523.02124
2025-02-07_19_30,1624.6072
2025-02-12_41_36,3301.4321
2025-01-29_46_45,1989.3641
2025-02-17_47_08,523.02124
2025-02-10_47_10,1412.3988
2025-01-31_36_22,1552.6476
2025-02-04_26_46,1432.7837
2025-01-22_46_15,2473.3652
2025-01-19_05_45,523.02124
2025-02-24_45_03,523.02124
2025-02-27_45_39,2809.241
2025-01-06_02_40,523.02124
2025-01-26_02_16,523.02124
2025-01-19_36_41,3882.2144
2025-02-16_02_40,523.02124
2025-01-01_45_05,523.02124
2025-01-08_41_36,3525.6199
2025-01-14_47_45,3399.2703
2025-01-17_11_36,1508.6184
2025-01-07_46_18,2586.4146
2025-02-14_45_28,3958.3447
2025-01-22_39_45,1859.444
2025-02-12_46_45,3677.0088
2025-01-22_14_30,1623.4066
2025-01-22_08_47,523.02124
2025-02-28_05_47,523.02124
2025-02-27_19_02,523.02124
2025-01-12_36_22,1913.2913
2025-01-18_05_47,523.02124
2025-01-03_30_02,523.02124
2025-02-21_45_34,4211.9287
2025-01-03_05_45,523.02124
2025-01-05_36_22,2285.3435
2025-02-21_02_19,523.02124
2025-01-14_46_20,3525.1567
2025-01-05_13_23,2026.0948
2025-01-22_35_46,2392.8672
2025-02-10_38_36,1771.0481
2025-02-19_45_05,523.02124
2025-01-27_46_09,523.02124
2025-01-18_09_45,523.02124
2025-02-11_45_42,1849.9628
2025-01-07_46_44,2109.2932
2025-01-16_02_21,523.02124
2025-01-22_46_18,2300.9292
2025-01-20_47_28,2421.7603
2025-01-07_45_03,523.02124
2025-01-15_32_19,1600.1849
2025-01-18_16_02,523.02124
2025-01-13_19_30,1763.3115
2025-02-06_45_44,1891.6123
2025-01-26_36_41,4286.208
2025-02-17_46_33,1303.1469
2025-01-23_08_47,523.02124
2025-01-04_36_41,5316.885
2025-01-14_09_45,523.02124
2025-01-20_46_20,1815.9702
2025-01-05_34_45,5074.8394
2025-01-21_02_30,523.02124
2025-02-07_02_30,523.02124
2025-01-09_05_45,523.02124
2025-01-27_46_45,3427.5212
2025-02-11_36_22,1613.814
2025-01-30_44_45,1760.8978
2025-01-10_19_32,1957.8851
2025-02-23_23_25,3468.2263
2025-02-25_25_23,2618.4153
2025-02-25_47_46,1974.8898
2025-02-09_47_06,523.02124
2025-01-21_46_20,1724.1156
2025-01-17_02_14,523.02124
2025-01-22_45_34,2204.758
2025-01-08_30_02,523.02124
2025-02-18_46_18,1828.5579
2025-01-29_46_47,1488.7008
2025-01-09_02_40,523.02124
2025-01-06_47_30,1685.4257
2025-01-16_02_40,523.02124
2025-01-04_46_26,1853.9109
2025-01-19_46_44,3007.1035
2025-02-06_46_47,1880.279
2025-01-26_21_02,523.02124
2025-01-19_16_02,523.02124
2025-01-13_09_45,523.02124
2025-01-04_02_24,523.02124
2025-02-24_45_48,2462.8071
2025-01-22_02_16,523.02124
2025-02-16_02_14,523.02124
2025-02-15_46_09,523.02124
2025-02-17_02_19,523.02124
2025-01-13_46_33,4616.866
2025-01-13_27_36,1305.0999
2025-02-25_03_47,523.02124
2025-02-27_06_47,523.02124
2025-02-14_09_46,523.02124
2025-02-15_36_41,4545.6704
2025-01-24_36_12,2925.4304
2025-02-11_20_46,3063.759
2025-01-18_47_43,3048.5513
2025-01-18_48_45,3303.8613
2025-01-05_36_27,1508.6184
2025-01-17_06_47,523.02124
2025-02-22_05_45,523.02124
2025-01-30_45_46,3458.703
2025-02-16_46_33,1668.4249
2025-01-18_02_24,523.02124
2025-02-11_45_48,1698.7878
2025-01-01_45_03,523.02124
2025-01-28_36_11,1637.3634
2025-02-18_19_30,2328.273
2025-02-06_09_45,523.02124
2025-02-09_26_46,2866.1533
2025-02-27_47_43,2379.3123
2025-01-22_02_24,523.02124
2025-01-21_30_02,523.02124
2025-02-24_25_23,2840.3923
2025-01-05_36_11,1508.6184
2025-01-27_04_29,523.02124
2025-02-27_46_18,2525.5305
2025-01-09_45_28,3946.2952
2025-01-03_36_37,1277.3265
2025-01-23_45_48,2639.23
2025-01-31_47_05,523.02124
2025-02-09_06_47,523.02124
2025-01-25_47_46,1761.9476
2025-02-02_02_14,523.02124
2025-01-01_48_46,5316.885
2025-02-04_11_36,1968.998
2025-01-21_36_27,1756.1575
2025-02-13_02_40,523.02124
2025-01-21_46_45,2326.065
2025-02-24_43_47,1653.1035
2025-01-25_02_01,523.02124
2025-02-25_48_45,1602.6401
2025-01-26_47_46,1847.285
2025-01-14_02_16,523.02124
2025-01-20_19_32,1557.155
2025-02-13_23_25,3550.5977
2025-01-20_12_36,1957.8851
2025-01-29_47_43,1980.3759
2025-02-21_47_46,2842.6973
2025-02-03_37_36,4226.346
2025-02-02_47_43,1776.4325
2025-01-04_47_28,2993.7239
2025-02-18_36_37,5779.414
2025-02-14_47_45,3547.9062
2025-01-08_02_21,523.02124
2025-02-22_45_46,2216.8052
2025-02-06_30_14,2082.702
2025-02-16_47_43,1980.3759
2025-01-16_23_25,3627.7893
2025-01-27_44_46,2009.445
2025-01-07_05_47,523.02124
2025-02-14_45_03,523.02124
2025-01-07_46_20,2250.4236
2025-02-25_27_36,1685.508
2025-01-31_47_43,2574.692
2025-01-23_34_45,1992.1614
2025-02-15_44_45,1892.7955
2025-01-28_02_16,523.02124
2025-01-30_36_12,2321.178
2025-02-28_46_18,3916.1248
2025-01-21_02_14,523.02124
2025-01-15_02_01,523.02124
2025-02-14_08_47,523.02124
2025-01-25_36_12,2572.4226
2025-01-03_15_46,3209.0083
2025-01-06_22_36,1508.6184
2025-01-29_19_32,1413.2365
2025-02-02_35_46,3294.4866
2025-02-17_02_40,523.02124
2025-01-17_28_47,1963.353
2025-01-22_20_46,1878.6077
2025-01-29_02_31,523.02124
2025-01-11_45_46,3518.0623
2025-01-15_03_47,523.02124
2025-01-29_45_03,523.02124
2025-02-26_47_46,1620.9817
2025-01-31_44_46,2575.003
2025-01-16_02_16,523.02124
2025-02-22_14_30,1939.0316
2025-02-09_41_36,3215.4646
2025-01-03_04_29,523.02124
2025-01-11_19_32,1479.4778
2025-02-04_22_36,1550.8871
2025-01-22_32_19,1556.8707
2025-01-16_06_47,523.02124
2025-02-16_36_41,4211.9287
2025-01-17_25_23,3160.7405
2025-02-19_44_45,1537.2064
2025-01-21_31_02,523.02124
2025-02-17_47_10,1220.9276
2025-01-27_36_37,3814.346
2025-02-04_47_30,1633.7256
2025-02-25_46_26,1591.8112
2025-02-13_20_46,1624.6072
2025-01-16_17_23,1295.0702
2025-01-18_05_45,523.02124
2025-02-21_46_45,3412.1648
2025-01-18_02_30,523.02124
2025-01-05_02_24,523.02124
2025-02-19_05_47,523.02124
2025-02-12_45_48,1919.9323
2025-01-06_46_18,2045.3221
2025-02-22_25_23,2963.263
2025-01-04_45_09,523.02124
2025-01-30_47_10,1508.6184
2025-01-06_23_25,3932.9956
2025-01-02_34_45,4205.1855
2025-02-17_30_02,523.02124
2025-02-05_30_02,523.02124
2025-02-18_27_36,1685.508
2025-01-21_01_02,523.02124
2025-01-25_16_02,523.02124
2025-01-07_36_11,1776.4325
2025-01-02_47_28,2066.8916
2025-01-20_30_14,1777.3628
2025-01-10_26_46,3076.4253
2025-01-02_45_05,523.02124
2025-01-06_30_02,523.02124
2025-02-05_47_02,523.02124
2025-02-17_31_02,523.02124
2025-02-08_02_16,523.02124
2025-01-07_17_23,2031.0958
2025-01-26_47_08,523.02124
2025-02-15_23_13,2024.1176
2025-01-12_02_01,523.02124
2025-02-28_44_45,2134.6116
2025-02-13_48_46,2667.745
2025-01-06_46_47,1563.3937
2025-01-28_45_03,523.02124
2025-01-04_45_42,2253.3135
2025-02-20_45_28,3705.425
2025-02-06_07_36,523.02124
2025-01-16_36_22,1653.8353
2025-02-20_45_05,523.02124
2025-01-13_45_42,2199.7405
2025-02-19_46_35,1614.114
2025-02-13_46_47,2162.4084
2025-02-01_45_47,3370.2996
2025-02-20_47_03,523.02124
2025-01-27_41_36,3523.0095
2025-01-23_02_47,523.02124
2025-02-01_46_47,2193.8691
2025-01-28_45_09,523.02124
2025-01-10_02_16,523.02124
2025-02-14_11_36,2546.1772
2025-01-17_22_36,1566.842
2025-01-06_36_41,5079.473
2025-02-06_02_14,523.02124
2025-02-21_45_48,3526.7427
2025-02-28_31_02,523.02124
2025-02-05_16_02,523.02124
2025-01-25_46_18,2464.8196
2025-02-22_03_45,523.02124
2025-01-17_36_07,523.02124
2025-02-04_05_47,523.02124
2025-01-03_46_44,2187.462
2025-02-11_02_01,523.02124
2025-01-15_31_02,523.02124
2025-02-26_02_47,523.02124
2025-01-21_06_47,523.02124
2025-02-04_02_14,523.02124
2025-01-07_45_48,2084.5955
2025-02-21_45_09,523.02124
2025-02-03_34_45,2447.128
2025-01-29_35_46,1602.5042
2025-01-14_46_15,3153.5457
2025-01-14_36_07,523.02124
2025-02-15_47_10,1586.338
2025-01-09_30_02,523.02124
2025-01-20_45_28,2170.401
2025-01-01_45_39,2560.9424
2025-02-15_43_47,1901.7079
2025-01-17_44_45,2269.738
2025-01-01_33_46,3098.1055
2025-01-12_44_45,2130.346
2025-02-14_47_28,3928.1917
2025-01-29_45_46,2179.0217
2025-01-30_19_32,1660.8026
2025-01-08_46_45,3243.383
2025-02-17_47_46,1630.7788
2025-01-05_12_36,2199.7405
2025-01-10_14_30,2024.1176
2025-01-10_15_46,3004.7336
2025-01-17_47_30,2953.2068
2025-01-09_06_47,523.02124
2025-02-16_04_29,523.02124
2025-01-09_44_46,1838.366
2025-02-06_02_19,523.02124
2025-02-22_36_07,523.02124
2025-01-22_09_46,523.02124
2025-01-31_45_05,523.02124
2025-01-21_46_44,1776.4325
2025-01-25_02_24,523.02124
2025-01-15_39_45,1978.7794
2025-01-18_06_47,523.02124
2025-02-09_45_09,523.02124
2025-02-09_17_23,1295.0702
2025-01-14_46_18,3541.0151
2025-02-20_47_30,1749.0707
2025-01-10_47_03,523.02124
2025-02-10_14_30,1773.0243
2025-01-21_46_15,1854.6305
2025-01-03_45_28,2597.8389
2025-01-15_46_44,2542.4673
2025-02-22_37_36,4453.091
2025-01-02_47_03,523.02124
2025-01-03_46_45,3638.0474
2025-02-23_39_45,2639.346
2025-02-14_27_36,1836.4945
2025-02-06_02_21,523.02124
2025-02-11_02_16,523.02124
2025-01-08_40_02,523.02124
2025-01-21_42_45,1760.8978
2025-02-09_35_46,2858.1904
2025-02-23_35_46,3349.8235
2025-01-22_38_36,1247.2864
2025-01-01_36_37,1181.8966
2025-02-20_28_47,1762.8837
2025-02-20_45_39,2685.6377
2025-01-23_46_18,2578.215
2025-01-26_36_37,3448.8662
2025-02-01_14_30,1633.9772
2025-02-23_05_45,523.02124
2025-02-19_46_15,1838.366
2025-01-18_46_20,3193.7988
2025-01-17_02_47,523.02124
2025-01-21_03_45,523.02124
2025-01-04_45_48,2473.3652
2025-02-10_27_36,1857.1406
2025-01-16_46_35,2912.997
2025-01-23_31_02,523.02124
2025-02-22_46_47,1981.4906
2025-01-17_43_47,3858.7297
2025-02-11_41_36,3290.5227
2025-02-06_45_42,2675.581
2025-02-01_45_09,523.02124
2025-01-09_34_45,1798.0078
2025-02-03_27_36,1901.0653
2025-01-09_32_19,1556.8707
2025-02-17_46_18,1645.9015
2025-02-16_35_46,4132.41
2025-02-12_22_36,1804.3491
2025-01-05_46_44,2810.4617
2025-01-03_23_13,1485.6223
2025-02-06_13_23,1853.8663
2025-02-07_02_19,523.02124
2025-02-04_36_22,1776.4325
2025-02-22_36_22,1755.01
2025-01-25_20_46,1946.4236
2025-01-12_14_30,2837.4158
2025-01-27_26_46,1773.1167
2025-02-17_47_06,523.02124
2025-01-14_37_36,1612.9235
2025-01-23_13_23,2011.9088
2025-01-25_46_44,2846.6821
2025-01-09_12_36,1668.4249
2025-01-06_37_36,964.21783
2025-01-13_46_35,3902.0544
2025-02-07_12_36,2239.6023
2025-02-14_45_39,3783.2654
2025-01-09_13_23,1689.5918
2025-02-26_44_45,1428.2853
2025-01-29_36_11,1673.1394
2025-02-11_46_18,2060.13
2025-02-02_42_45,3057.8906
2025-02-15_21_02,523.02124
2025-02-16_27_36,2285.3435
2025-02-27_47_03,523.02124
2025-01-19_31_02,523.02124
2025-01-13_36_12,2089.9512
2025-01-03_02_47,523.02124
2025-01-16_19_32,1693.8429
2025-01-17_05_47,523.02124
2025-02-07_45_48,3562.175
2025-02-12_36_12,2009.5712
2025-01-02_27_36,1879.482
2025-02-12_46_35,1744.0665
2025-02-10_44_46,3015.1487
2025-01-25_06_47,523.02124
2025-01-25_48_45,2317.73
2025-01-24_15_46,2025.4265
2025-02-03_45_39,1704.0638
2025-02-24_18_46,2199.7405
2025-01-11_36_27,1775.3746
2025-02-06_36_37,5620.213
2025-01-27_09_45,523.02124
2025-02-25_02_30,523.02124
2025-02-12_19_32,1615.4812
2025-02-19_45_09,523.02124
2025-01-21_05_45,523.02124
2025-02-18_02_47,523.02124
2025-02-25_47_10,1792.6577
2025-01-06_47_28,1763.509
2025-01-29_46_35,2192.3586
2025-01-09_46_20,3532.8293
2025-02-06_23_13,1537.2064
2025-01-11_20_46,2212.6133
2025-01-04_31_02,523.02124
2025-01-09_28_47,2145.7979
2025-02-25_19_30,2134.6116
2025-01-25_45_46,2800.3054
2025-02-11_34_45,2077.917
2025-02-02_36_22,1749.0707
2025-01-19_44_45,3891.4163
2025-02-10_09_46,523.02124
2025-02-03_47_28,1697.1493
2025-02-20_45_34,2950.6587
2025-02-07_09_45,523.02124
2025-02-28_02_24,523.02124
2025-02-01_46_18,3978.645
2025-02-07_47_03,523.02124
2025-02-16_05_45,523.02124
2025-02-19_45_48,2009.5712
2025-02-04_34_45,1669.5674
2025-02-20_35_46,2035.7417
2025-02-28_46_48,4667.8975
2025-02-02_02_30,523.02124
2025-01-31_48_45,3098.1938
2025-01-19_02_40,523.02124
2025-02-10_26_46,1874.9496
2025-01-30_02_40,523.02124
2025-02-03_36_41,4205.1855
2025-01-12_47_05,523.02124
2025-01-23_22_36,1482.7905
2025-02-11_45_34,1655.3789
2025-02-20_47_28,3233.2024
2025-01-14_39_45,2520.316
2025-01-15_47_05,523.02124
2025-02-06_26_46,1364.2681
2025-01-16_44_46,4793.8423
2025-02-08_39_45,1986.058
2025-02-28_48_45,2359.4438
2025-02-05_19_30,2242.979
2025-02-13_46_45,2830.3203
2025-01-26_08_47,523.02124
2025-01-02_15_46,4050.9656
2025-01-04_44_46,2267.9292
2025-01-02_07_36,523.02124
2025-02-23_46_35,1702.329
2025-02-20_46_33,1302.758
2025-02-19_45_44,1564.0625
2025-01-07_19_02,523.02124
2025-01-26_45_48,2464.8857
2025-02-26_23_25,3325.2773
2025-02-16_46_45,3514.2363
2025-01-17_46_47,1776.4325
2025-01-21_03_47,523.02124
2025-01-20_47_03,523.02124
2025-01-16_08_47,523.02124
2025-02-26_01_02,523.02124
2025-01-16_03_47,523.02124
2025-02-01_46_15,3600.6865
2025-02-15_46_35,2588.8909
2025-01-10_45_48,4700.0947
2025-02-24_03_47,523.02124
2025-02-07_36_07,523.02124
2025-02-14_46_26,2290.127
2025-02-12_38_36,1792.6577
2025-01-31_39_45,1924.1362
2025-01-18_23_13,1729.797
2025-01-05_46_15,2291.2266
2025-01-18_47_46,2968.2024
2025-01-11_02_21,523.02124
2025-01-07_19_32,1689.5918
2025-02-21_48_45,1886.3391
2025-01-27_28_45,2247.4583
2025-02-17_23_13,1577.2373
2025-01-16_09_46,523.02124
2025-02-24_46_18,2635.1904
2025-01-14_48_45,3230.9978
2025-02-26_36_11,1720.2858
2025-02-15_47_05,523.02124
2025-02-12_05_45,523.02124
2025-01-24_18_46,2385.8066
2025-02-21_47_06,523.02124
2025-02-17_12_36,1892.5483
2025-01-30_25_23,2491.429
2025-02-22_39_45,2017.2445
2025-01-25_43_47,2239.0103
2025-02-18_45_05,523.02124
2025-02-25_38_36,2047.9039
2025-01-30_47_45,2903.953
2025-01-30_07_36,523.02124
2025-02-03_13_23,1556.8707
2025-01-27_09_46,523.02124
2025-01-20_47_46,1721.1448
2025-02-13_02_01,523.02124
2025-02-20_47_45,2835.224
2025-02-01_07_36,523.02124
2025-01-19_02_24,523.02124
2025-02-14_47_43,4383.7573
2025-01-20_47_05,523.02124
2025-01-16_45_48,2919.9055
2025-01-26_48_46,4171.564
2025-02-09_36_11,2078.8767
2025-01-12_48_45,2967.2434
2025-01-24_45_28,3411.736
2025-02-05_47_45,2297.6208
2025-01-05_45_34,2671.74
2025-02-23_46_45,3094.8013
2025-02-28_02_19,523.02124
2025-02-19_37_36,2611.0762
2025-01-09_45_05,523.02124
2025-01-01_46_20,1697.734
2025-01-06_21_02,523.02124
2025-01-12_02_40,523.02124
2025-01-24_26_46,2330.8845
2025-02-14_45_05,523.02124
2025-02-13_42_45,1740.5903
2025-01-02_44_46,2536.892
2025-02-10_05_45,523.02124
2025-02-23_17_23,1512.5978
2025-02-15_45_34,2722.144
2025-01-09_45_48,4103.784
2025-01-02_46_47,1756.0504
2025-01-22_45_03,523.02124
2025-01-25_45_34,2866.1533
2025-01-15_45_48,2749.6199
2025-01-02_23_13,2009.5712
2025-01-25_09_45,523.02124
2025-02-09_23_25,2981.5562
2025-02-27_08_47,523.02124
2025-02-14_12_36,2239.6023
2025-02-06_36_41,3887.3782
2025-02-14_05_45,523.02124
2025-01-29_47_08,523.02124
2025-01-21_47_46,1549.9434
2025-02-25_28_45,1744.5508
2025-02-08_45_34,2919.5244
2025-01-26_45_47,2631.3396
2025-01-26_01_02,523.02124
2025-02-24_11_36,2406.4185
2025-01-28_19_30,1621.7485
2025-02-15_39_45,2094.784
2025-01-13_18_46,2239.0103
2025-02-16_32_19,1665.6216
2025-01-07_34_45,3130.871
2025-02-24_46_09,523.02124
2025-02-01_02_21,523.02124
2025-02-19_36_41,3882.2144
2025-01-23_47_43,1980.3759
2025-01-31_26_46,3026.8977
2025-02-27_47_46,1880.279
2025-01-07_47_08,523.02124
2025-01-15_44_45,3321.6018
2025-02-27_12_36,1745.0696
2025-01-21_18_46,3033.296
2025-02-13_03_47,523.02124
2025-01-13_46_09,523.02124
2025-01-06_30_14,1482.7905
2025-01-28_39_45,1986.1624
2025-02-10_45_05,523.02124
2025-01-25_46_48,3503.1716
2025-02-24_16_02,523.02124
2025-01-20_46_47,1729.0106
2025-01-30_02_31,523.02124
2025-01-30_48_45,2009.5712
2025-01-24_45_47,3349.5967
2025-01-03_16_02,523.02124
2025-02-26_21_02,523.02124
2025-01-06_36_27,1361.9069
2025-02-11_38_36,1653.1035
2025-01-30_20_46,1901.0653
2025-01-18_20_46,4700.3486
2025-01-21_40_02,523.02124
2025-01-21_09_46,523.02124
2025-02-10_02_16,523.02124
2025-02-08_45_28,2641.398
2025-02-25_47_05,523.02124
2025-02-24_47_08,523.02124
2025-01-19_27_36,1653.1035
2025-02-20_46_47,1878.6077
2025-02-26_07_36,523.02124
2025-01-22_02_30,523.02124
2025-02-09_28_47,3002.279
2025-02-09_21_02,523.02124
2025-01-07_42_45,2301.3132
2025-01-17_23_13,1482.7905
2025-01-04_35_46,2390.2014
2025-01-03_47_46,2736.4202
2025-01-26_46_44,2745.6353
2025-02-06_08_47,523.02124
2025-02-13_01_02,523.02124
2025-02-20_02_14,523.02124
2025-02-20_02_40,523.02124
2025-02-06_46_15,2943.1992
2025-01-25_02_14,523.02124
2025-02-28_33_46,1563.3937
2025-01-11_21_02,523.02124
2025-02-16_47_02,523.02124
2025-02-07_02_14,523.02124
2025-02-08_07_36,523.02124
2025-01-13_21_02,523.02124
2025-02-25_47_08,523.02124
2025-02-08_01_02,523.02124
2025-01-16_46_47,1913.2913
2025-01-20_33_46,2756.887
2025-01-16_47_08,523.02124
2025-02-12_07_36,523.02124
2025-01-07_37_36,883.259
2025-01-22_48_46,4262.2026
2025-02-26_46_18,2799.8953
2025-02-01_46_45,2621.9463
2025-01-19_47_45,4938.636
2025-02-05_39_45,2183.9167
2025-02-12_16_02,523.02124
2025-01-18_12_36,2248.127
2025-01-02_21_02,523.02124
2025-02-10_47_45,3076.3372
2025-02-13_34_45,1978.275
2025-02-21_45_03,523.02124
2025-01-19_47_02,523.02124
2025-02-17_47_43,1501.1403
2025-02-23_46_20,1953.6115
2025-01-06_46_15,2185.4521
2025-02-01_30_14,2045.3221
2025-01-03_26_46,1697.1493
2025-01-24_45_39,3779.1892
2025-02-23_36_07,523.02124
2025-01-10_37_36,1181.8966
2025-02-21_39_45,2176.6433
2025-01-20_36_27,1772.3914
2025-02-02_47_05,523.02124
2025-02-24_47_10,1447.8815
2025-01-19_46_18,2616.3564
2025-01-08_19_02,523.02124
2025-02-23_47_30,2024.1176
2025-01-11_02_40,523.02124
2025-01-06_36_07,523.02124
2025-02-20_45_03,523.02124
2025-01-14_40_02,523.02124
2025-02-01_02_31,523.02124
2025-02-12_02_24,523.02124
2025-01-02_40_02,523.02124
2025-01-30_23_25,2989.1355
2025-01-07_02_40,523.02124
2025-02-20_03_45,523.02124
2025-01-03_47_08,523.02124
2025-01-30_45_47,3614.012
2025-01-08_32_19,1668.4249
2025-01-08_45_48,2888.3738
2025-01-28_33_46,1305.0999
2025-02-28_47_45,3026.6482
2025-02-16_45_46,3424.957
2025-01-15_38_36,1305.0999
2025-02-02_23_13,1533.6232
2025-01-03_44_45,1572.187
2025-01-13_36_41,5620.213
2025-02-13_48_45,1668.4249
2025-01-18_45_42,2268.2244
2025-02-10_46_45,2820.469
2025-01-30_45_48,3392.2856
2025-01-12_48_46,3407.6975
2025-02-24_47_43,1568.9562
2025-02-12_32_19,1506.1044
2025-02-19_02_47,523.02124
2025-02-11_45_09,523.02124
2025-01-01_47_05,523.02124
2025-02-12_04_29,523.02124
2025-01-16_03_45,523.02124
2025-01-24_45_34,3821.9338
2025-02-28_30_02,523.02124
2025-01-05_40_02,523.02124
2025-01-23_07_36,523.02124
2025-02-13_14_30,1519.9492
2025-02-06_32_19,1561.5114
2025-02-13_25_23,2281.034
2025-02-19_25_23,2863.2546
2025-01-20_25_23,2745.6353
2025-02-18_28_45,2350.077
2025-01-31_17_23,1271.447
2025-02-10_47_30,1533.6232
2025-01-24_08_47,523.02124
2025-02-01_46_44,4050.9656
2025-02-18_46_33,1377.3143
2025-02-05_47_03,523.02124
2025-01-05_47_45,4050.9656
2025-01-03_09_46,523.02124
2025-02-15_01_02,523.02124
2025-01-30_15_46,2120.4736
2025-01-10_09_46,523.02124
2025-02-24_47_02,523.02124
2025-01-10_46_45,2576.594
2025-02-25_02_31,523.02124
2025-01-20_05_47,523.02124
2025-01-04_03_47,523.02124
2025-02-02_04_29,523.02124
2025-01-25_28_47,1634.7427
2025-02-04_36_37,4158.7734
2025-02-08_18_46,2149.93
2025-01-07_46_15,2209.4548
2025-01-02_45_03,523.02124
2025-02-14_14_30,1729.0106
2025-02-21_20_46,2212.6133
2025-01-22_21_02,523.02124
2025-01-22_19_32,1413.2365
2025-01-23_36_37,2038.8553
2025-02-11_48_46,3412.1648
2025-02-02_45_05,523.02124
2025-01-08_22_36,1562.063
2025-02-07_25_23,2732.745
2025-02-23_01_02,523.02124
2025-01-07_47_30,1753.1038
2025-02-02_25_23,2317.1716
2025-02-09_05_47,523.02124
2025-02-15_47_28,3698.0452
2025-02-22_42_45,1987.5839
2025-02-10_37_36,3359.1277
2025-01-14_35_46,3300.9705
2025-02-14_30_02,523.02124
2025-02-09_48_46,4059.6294
2025-01-23_39_45,1605.4816
2025-01-27_05_47,523.02124
2025-01-06_05_45,523.02124
2025-02-21_14_30,2286.8845
2025-02-19_41_36,2649.0403
2025-02-23_12_36,2073.1836
2025-01-29_43_47,1450.8258
2025-02-09_36_07,523.02124
2025-02-04_19_30,2360.806
2025-02-16_40_02,523.02124
2025-02-24_09_45,523.02124
2025-01-11_03_45,523.02124
2025-01-09_47_06,523.02124
2025-01-28_47_08,523.02124
2025-02-23_38_36,2858.7454
2025-02-28_22_36,1729.6238
2025-02-04_41_36,2780.7852
2025-02-17_18_46,1772.3914
2025-02-09_45_03,523.02124
2025-01-02_47_30,2072.171
2025-01-06_04_29,523.02124
2025-01-17_26_46,2134.6116
2025-01-15_36_41,5779.414
2025-02-13_02_21,523.02124
2025-02-10_31_02,523.02124
2025-02-22_46_35,2614.8123
2025-01-07_23_13,1251.6619
2025-02-25_02_21,523.02124
2025-02-22_07_36,523.02124
2025-01-01_47_02,523.02124
2025-01-14_45_34,1901.0653
2025-02-15_45_05,523.02124
2025-01-02_47_06,523.02124
2025-02-08_14_30,2340.0046
2025-01-02_46_18,2066.2646
2025-02-09_14_30,2699.7314
2025-02-08_28_45,1984.8732
2025-01-26_47_03,523.02124
2025-02-04_44_46,1947.4457
2025-01-17_47_02,523.02124
2025-02-03_11_36,2178.193
2025-01-12_18_46,2228.9514
2025-01-31_45_09,523.02124
2025-02-01_32_19,1518.7885
2025-01-26_40_02,523.02124
2025-02-24_02_14,523.02124
2025-01-11_13_23,1638.3324
2025-02-15_45_09,523.02124
2025-01-04_48_45,2888.5403
2025-01-01_23_13,1562.063
2025-01-23_36_27,1772.3914
2025-01-27_37_36,1361.6445
2025-01-03_36_22,1772.3914
2025-02-21_44_45,1601.6996
2025-02-23_46_33,2056.9746
2025-01-30_28_45,1966.5156
2025-01-19_45_48,2409.0635
2025-01-03_18_46,2535.6436
2025-01-31_36_12,2513.4636
2025-01-18_35_46,4794.079
2025-02-18_45_34,1607.4036
2025-01-17_31_02,523.02124
2025-02-11_36_41,3958.403
2025-02-23_41_36,3318.6406
2025-01-17_02_40,523.02124
2025-01-24_45_05,523.02124
2025-02-17_15_46,2152.435
2025-02-20_11_36,2086.6748
2025-01-11_09_45,523.02124
2025-02-27_45_46,2651.4348
2025-01-21_46_35,1645.9015
2025-02-09_47_30,1749.0707
2025-01-18_46_48,3750.8389
2025-01-22_13_23,1687.1052
2025-01-23_11_36,1586.338
2025-02-28_46_35,3587.3838
2025-01-11_45_48,5074.8394
2025-01-30_36_07,523.02124
2025-02-08_41_36,3340.0042
2025-02-27_09_46,523.02124
2025-02-09_02_16,523.02124
2025-01-19_36_07,523.02124
2025-02-28_12_36,2569.0693
2025-01-28_47_43,1772.3914
2025-02-23_28_45,2403.4048
2025-02-27_45_48,3228.8657
2025-02-16_02_19,523.02124
2025-02-18_02_24,523.02124
2025-02-26_45_48,2820.469
2025-01-07_02_30,523.02124
2025-02-14_46_44,2721.5737
2025-01-09_45_09,523.02124
2025-01-28_48_46,3160.6414
2025-02-20_02_30,523.02124
2025-02-12_31_02,523.02124
2025-02-18_36_07,523.02124
2025-02-05_36_37,3696.9639
2025-01-13_45_46,2928.5725
2025-02-14_23_25,3846.7866
2025-01-12_05_47,523.02124
2025-01-06_28_45,1869.3398
2025-01-28_27_36,1519.9492
2025-02-06_37_36,2445.914
2025-01-15_45_05,523.02124
2025-01-27_38_36,1413.2365
2025-02-20_36_12,2291.4194
2025-01-03_46_26,1666.9126
2025-01-25_39_45,2263.385
2025-01-06_02_47,523.02124
2025-02-10_45_03,523.02124
2025-02-28_46_20,3819.004
2025-01-27_02_21,523.02124
2025-02-07_45_05,523.02124
2025-01-16_05_45,523.02124
2025-01-07_47_02,523.02124
2025-01-04_23_13,1824.9661
2025-02-17_26_46,1627.9625
2025-01-24_43_47,1724.1156
2025-01-21_17_23,1243.8278
2025-01-08_46_35,3566.597
2025-02-25_32_19,1220.9276
2025-02-28_15_46,1741.2281
2025-02-17_07_36,523.02124
2025-02-05_46_18,1817.3864
2025-01-12_38_36,1291.4929
2025-01-09_22_36,1513.4062
2025-01-21_30_14,1923.4521
2025-02-14_47_06,523.02124
2025-02-19_28_47,1529.3105
2025-01-27_13_23,2296.134
2025-02-10_20_46,2913.545
2025-01-27_11_36,1645.9015
2025-02-19_46_26,1302.758
2025-02-03_36_11,1724.1156
2025-01-28_46_44,1706.9274
2025-01-10_36_07,523.02124
2025-01-18_42_45,1805.9047
2025-02-10_46_18,2386.3984
2025-01-24_17_23,1302.758
2025-02-07_03_45,523.02124
2025-01-04_25_23,3721.9094
2025-02-07_45_39,3552.9092
2025-01-21_37_36,1099.3915
2025-02-22_02_21,523.02124
2025-02-28_27_36,1787.1421
2025-01-03_47_28,2273.7734
2025-01-23_02_21,523.02124
2025-02-04_04_29,523.02124
2025-02-01_47_28,2900.2605
2025-01-26_47_28,2749.305
2025-01-21_45_44,1351.8541
2025-01-05_45_39,1820.2632
2025-01-06_38_36,1271.9669
2025-02-27_30_02,523.02124
2025-01-13_43_47,1895.9061
2025-02-28_02_31,523.02124
2025-02-02_23_25,2646.7083
2025-01-11_12_36,2084.087
2025-01-02_09_46,523.02124
2025-01-10_02_21,523.02124
2025-02-07_45_28,3907.3064
2025-01-14_02_24,523.02124
2025-02-24_46_45,2552.1584
2025-02-08_08_47,523.02124
2025-02-24_19_30,2322.5608
2025-01-26_39_45,2716.8845
2025-01-20_23_13,1451.0724
2025-02-08_46_33,2832.4844
2025-02-08_47_10,1508.6184
2025-01-11_47_28,5433.7017
2025-02-08_36_41,5079.473
2025-02-10_23_25,3253.28
2025-01-09_05_47,523.02124
2025-02-28_35_46,1991.0278
2025-02-19_40_02,523.02124
2025-01-11_46_35,5490.025
2025-01-13_02_31,523.02124
2025-02-24_46_44,1688.6041
2025-01-13_47_05,523.02124
2025-02-11_47_08,523.02124
2025-01-25_18_46,2895.016
2025-01-07_02_19,523.02124
2025-01-22_05_45,523.02124
2025-01-06_36_11,1707.5967
2025-01-23_48_46,4156.96
2025-01-05_45_48,1901.7079
2025-01-03_03_47,523.02124
2025-02-05_03_47,523.02124
2025-02-27_40_02,523.02124
2025-01-21_14_30,1614.8744
2025-01-25_46_26,1878.6077
2025-01-03_46_09,523.02124
2025-02-16_02_01,523.02124
2025-02-24_19_32,1466.3284
2025-02-25_47_43,1914.7482
2025-01-24_27_36,1501.1403
2025-01-10_02_01,523.02124
2025-02-15_31_02,523.02124
2025-01-15_02_40,523.02124
2025-01-10_47_05,523.02124
2025-01-04_02_16,523.02124
2025-02-05_40_02,523.02124
2025-02-14_47_08,523.02124
2025-02-27_47_28,3116.3635
2025-01-20_47_45,2908.715
2025-01-22_05_47,523.02124
2025-01-20_02_01,523.02124
2025-01-04_14_30,1845.9084
2025-02-03_20_46,2894.9172
2025-01-12_36_37,3772.2454
2025-02-25_19_02,523.02124
2025-02-04_45_44,1482.254
2025-01-15_45_46,2492.9048
2025-01-31_03_45,523.02124
2025-02-27_48_45,2608.1
2025-01-02_36_11,1672.2839
2025-01-12_11_36,1450.8258
2025-02-15_37_36,4656.4062
2025-02-10_45_47,3946.937
2025-01-12_19_30,1938.7574
2025-02-09_36_37,5593.3716
2025-02-25_44_45,1450.8258
2025-01-28_47_46,1804.1079
2025-01-29_02_16,523.02124
2025-01-11_35_46,2552.9106
2025-01-09_03_45,523.02124
2025-01-28_02_40,523.02124
2025-02-09_02_47,523.02124
2025-01-16_38_36,1202.2361
2025-01-11_44_45,1605.4977
2025-02-01_36_37,5382.4272
2025-01-24_02_16,523.02124
2025-01-30_46_35,2879.0413
2025-02-19_45_03,523.02124
2025-02-27_46_09,523.02124
2025-01-09_47_10,4230.335
2025-01-30_11_36,1653.1035
2025-02-24_48_46,2858.7454
2025-01-12_01_02,523.02124
2025-01-25_23_25,3896.903
2025-01-30_46_45,2370.419
2025-01-14_05_47,523.02124
2025-02-22_19_30,2054.5596
2025-01-17_35_46,3801.0017
2025-02-21_09_45,523.02124
2025-02-01_02_16,523.02124
2025-02-28_41_36,3213.9011
2025-02-13_30_02,523.02124
2025-02-12_28_47,2031.4684
2025-01-08_47_43,5620.213
2025-01-06_47_05,523.02124
2025-01-01_45_46,3398.6843
2025-01-05_41_36,3779.1892
2025-01-05_46_48,4419.817
2025-02-15_30_02,523.02124
2025-01-22_26_46,1605.0533
2025-01-13_19_02,523.02124
2025-01-05_47_10,1991.5167
2025-02-12_45_05,523.02124
2025-02-06_47_28,3380.2395
2025-02-28_47_43,2604.387
2025-01-22_02_19,523.02124
2025-01-13_45_03,523.02124
2025-02-21_03_45,523.02124
2025-02-04_08_47,523.02124
2025-01-01_47_46,2568.741
2025-02-02_45_46,3426.4546
2025-02-27_47_45,2858.7454
2025-01-26_17_23,1271.9669
2025-02-23_04_29,523.02124
2025-01-18_45_44,2228.9514
2025-01-15_45_09,523.02124
2025-01-18_36_07,523.02124
2025-01-15_46_18,2386.5845
2025-01-19_47_06,523.02124
2025-02-11_47_30,1501.1403
2025-02-01_28_45,2036.7656
2025-01-24_31_02,523.02124
2025-02-14_30_14,2906.979
2025-01-30_36_11,1980.3759
2025-01-07_02_01,523.02124
2025-02-09_30_02,523.02124
2025-02-02_11_36,1826.14
2025-01-04_47_43,2579.668
2025-01-05_16_02,523.02124
2025-01-01_11_36,2212.6133
2025-01-11_26_46,3108.3784
2025-01-24_01_02,523.02124
2025-02-22_28_45,2275.2063
2025-01-09_31_02,523.02124
2025-02-03_38_36,1901.0653
2025-01-29_47_28,3049.3604
2025-01-27_02_14,523.02124
2025-02-23_06_47,523.02124
2025-02-04_07_36,523.02124
2025-02-13_33_46,1305.0999
2025-02-18_23_13,1413.2365
2025-02-20_41_36,2721.185
2025-01-17_45_34,3714.143
2025-02-04_46_45,2380.8345
2025-02-26_02_21,523.02124
2025-02-05_02_14,523.02124
2025-02-26_47_45,2667.745
2025-01-14_05_45,523.02124
2025-01-19_33_46,3934.449
2025-01-31_47_03,523.02124
2025-02-22_46_18,2198.5989
2025-01-03_30_14,2066.1963
2025-02-11_43_47,1447.8815
2025-02-17_36_37,5382.4272
2025-01-10_21_02,523.02124
2025-01-25_02_30,523.02124
2025-01-22_30_14,1251.6619
2025-01-16_18_46,4826.4805
2025-01-15_47_45,2958.5688
2025-02-28_45_42,3468.2263
2025-01-26_45_34,2057.0813
2025-02-24_28_45,2264.0989
2025-01-16_36_37,1653.1035
2025-02-25_18_46,1653.1035
2025-01-31_12_36,2701.6316
2025-02-14_38_36,1789.7627
2025-02-25_36_22,1841.1708
2025-02-15_46_26,1938.7574
2025-02-02_13_23,1633.2808
2025-02-03_48_46,4060.5918
2025-02-03_18_46,3226.818
2025-01-24_40_02,523.02124
2025-01-19_02_31,523.02124
2025-01-29_47_06,523.02124
2025-01-25_42_45,1937.5175
2025-02-22_36_27,2439.516
2025-02-18_42_45,1738.8035
2025-01-26_02_24,523.02124
2025-01-12_46_47,1697.1493
2025-01-24_47_02,523.02124
2025-02-13_46_35,2760.766
2025-02-03_09_46,523.02124
2025-01-26_36_27,1841.1708
2025-02-20_32_19,1361.9069
2025-02-26_48_46,3331.7593
2025-02-12_23_13,1552.1945
2025-02-09_15_46,2858.1904
2025-02-19_31_02,523.02124
2025-01-18_41_36,3503.9822
2025-02-02_46_20,3167.5713
2025-01-20_45_03,523.02124
2025-02-22_22_36,1815.9702
2025-01-30_35_46,1926.8041
2025-02-01_30_02,523.02124
2025-01-05_31_02,523.02124
2025-01-21_47_02,523.02124
2025-02-22_08_47,523.02124
2025-01-13_44_46,2137.477
2025-01-28_36_27,1841.8788
2025-02-25_22_36,1564.095
2025-01-26_45_03,523.02124
2025-02-22_45_34,2820.469
2025-02-14_36_11,3215.6746
2025-02-09_19_02,523.02124
2025-01-11_46_09,523.02124
2025-01-29_47_02,523.02124
2025-02-02_45_39,2031.4684
2025-01-13_17_23,1567.6802
2025-02-21_47_02,523.02124
2025-01-12_36_12,1707.5967
2025-02-07_17_23,1361.9069
2025-02-10_19_30,1908.2153
2025-02-09_22_36,1904.7743
2025-01-05_07_36,523.02124
2025-02-20_43_47,1672.2839
2025-01-13_30_02,523.02124
2025-02-26_45_05,523.02124
2025-01-19_45_05,523.02124
2025-02-12_36_27,2512.3489
2025-02-01_45_05,523.02124
2025-02-06_44_45,1744.8157
2025-02-07_05_47,523.02124
2025-02-22_36_11,3065.4414
2025-01-13_46_18,5333.807
2025-01-27_25_23,3008.8728
2025-02-25_12_36,1753.0771
2025-02-18_37_36,3308.0579
2025-02-01_02_47,523.02124
2025-02-13_26_46,1576.2354
2025-01-09_46_45,2330.963
2025-01-07_09_46,523.02124
2025-01-26_36_12,2042.2823
2025-01-30_45_39,2900.8796
2025-01-23_02_30,523.02124
2025-02-04_45_05,523.02124
2025-01-06_25_23,2830.7244
2025-02-07_45_09,523.02124
2025-01-23_47_03,523.02124
2025-01-01_04_29,523.02124
2025-01-17_46_33,1634.7427
2025-01-08_28_45,1704.8496
2025-02-24_47_45,2376.912
2025-01-30_46_09,523.02124
2025-02-03_46_48,3769.4019
2025-01-14_46_47,2072.171
2025-01-29_30_14,1760.4603
2025-01-25_02_16,523.02124
2025-01-04_22_36,1527.6196
2025-01-28_23_25,2907.1755
2025-02-12_46_26,1412.3988
2025-02-19_09_45,523.02124
2025-02-04_47_43,1968.998
2025-01-30_47_05,523.02124
2025-02-03_47_46,1761.6356
2025-01-31_36_07,523.02124
2025-01-23_23_13,2350.077
2025-01-10_28_47,3051.4836
2025-02-13_46_26,1295.0702
2025-01-30_34_45,2134.6116
2025-01-12_46_45,2616.8486
2025-02-12_42_45,1714.3823
2025-01-23_46_15,2729.3188
2025-02-09_19_32,1482.7905
2025-01-19_36_12,2067.3784
2025-02-11_25_23,2425.7559
2025-01-28_47_45,3158.494
2025-02-18_45_48,2067.3784
2025-01-19_46_48,4034.1501
2025-02-06_40_02,523.02124
2025-02-06_05_47,523.02124
2025-02-05_09_45,523.02124
2025-01-24_47_46,2302.0537
2025-01-21_47_28,1734.5739
2025-01-22_37_36,1183.9716
2025-02-06_47_05,523.02124
2025-02-27_46_33,1222.1887
2025-01-01_19_02,523.02124
2025-02-12_46_15,1531.0421
2025-01-27_45_34,1729.6238
2025-02-04_47_08,523.02124
2025-02-17_19_30,2063.1929
2025-02-12_01_02,523.02124
2025-02-11_37_36,3359.5742
2025-01-12_02_30,523.02124
2025-01-05_47_06,523.02124
2025-01-04_05_47,523.02124
2025-01-15_45_47,2661.872
2025-01-04_46_33,1598.187
2025-02-15_08_47,523.02124
2025-02-28_36_27,3010.8445
2025-02-08_03_45,523.02124
2025-02-05_47_43,2253.6128
2025-01-05_32_19,1520.7894
2025-02-17_40_02,523.02124
2025-02-21_09_46,523.02124
2025-01-29_17_23,1240.0989
2025-02-10_45_44,1477.105
2025-01-07_16_02,523.02124
2025-02-25_46_15,2121.5408
2025-02-26_02_31,523.02124
2025-01-12_03_47,523.02124
2025-02-26_02_16,523.02124
2025-01-15_46_45,2836.8691
2025-02-13_44_46,1926.8041
2025-01-30_46_15,3436.016
2025-02-01_47_43,1837.296
2025-02-24_07_36,523.02124
2025-02-22_05_47,523.02124
2025-02-08_02_21,523.02124
2025-01-01_03_45,523.02124
2025-02-12_02_47,523.02124
2025-01-09_30_14,2310.6492
2025-01-15_36_22,1549.9434
2025-02-28_36_12,2210.1897
2025-01-20_45_46,3623.7646
2025-01-18_47_03,523.02124
2025-01-25_01_02,523.02124
2025-01-28_01_02,523.02124
2025-01-08_45_46,2247.4583
2025-02-17_46_48,2616.944
2025-01-08_47_06,523.02124
2025-01-30_05_47,523.02124
2025-02-12_45_03,523.02124
2025-02-03_36_07,523.02124
2025-02-22_46_26,1876.814
2025-01-22_11_36,1531.0421
2025-01-16_36_27,1838.366
2025-02-01_22_36,1671.0914
2025-02-18_33_46,1512.5978
2025-01-29_46_18,2269.738
2025-01-19_09_45,523.02124
2025-01-29_02_47,523.02124
2025-01-06_47_08,523.02124
2025-02-19_02_16,523.02124
2025-02-21_46_20,2371.6948
2025-01-11_31_02,523.02124
2025-02-10_28_45,2379.3123
2025-02-25_31_02,523.02124
2025-02-17_35_46,2532.2437
2025-02-27_43_47,1468.5376
2025-02-23_23_13,1904.7743
2025-01-03_31_02,523.02124
2025-01-14_47_02,523.02124
2025-01-21_12_36,1714.3823
2025-01-01_40_02,523.02124
2025-02-23_28_47,2350.6155
2025-01-02_46_09,523.02124
2025-01-05_36_07,523.02124
2025-02-10_46_33,1668.4249
2025-01-01_36_41,4286.208
2025-02-04_38_36,1913.2913
2025-02-21_47_03,523.02124
2025-01-18_45_28,3010.0479
2025-01-18_25_23,3408.6482
2025-02-02_28_45,2815.4514
2025-02-23_02_21,523.02124
2025-02-17_25_23,2631.3396
2025-02-25_45_48,3936.8357
2025-02-03_21_02,523.02124
2025-01-02_19_02,523.02124
2025-01-25_35_46,2330.8845
2025-02-13_18_46,1736.4803
2025-01-07_45_39,1761.5215
2025-02-09_47_02,523.02124
2025-01-28_41_36,3810.4111
2025-02-21_02_16,523.02124
2025-02-11_46_09,523.02124
2025-02-28_07_36,523.02124
2025-02-19_45_42,2091.9429
2025-01-25_19_02,523.02124
2025-01-26_46_26,1781.125
2025-01-01_47_45,4135.186
2025-02-11_02_47,523.02124
2025-02-17_43_47,1995.2831
2025-01-24_47_45,4235.681
2025-01-24_47_08,523.02124
2025-01-24_28_45,1707.5967
2025-02-26_46_48,4060.59
2025-01-12_47_45,2637.2488
2025-01-11_46_26,3739.4663
2025-02-21_11_36,2060.279
2025-01-05_47_05,523.02124
2025-01-18_02_19,523.02124
2025-01-24_45_09,523.02124
2025-01-05_02_47,523.02124
2025-01-25_48_46,3612.064
2025-02-24_08_47,523.02124
2025-02-05_06_47,523.02124
2025-02-18_44_46,1947.4457
2025-01-19_30_14,1689.5918
2025-01-29_44_46,1768.061
2025-02-26_47_28,2847.0928
2025-01-12_02_24,523.02124
2025-02-02_02_16,523.02124
2025-02-26_46_45,2326.9604
2025-02-02_19_30,2453.404
2025-01-17_46_44,3015.1487
2025-02-13_09_46,523.02124
2025-02-25_45_09,523.02124
2025-01-24_02_01,523.02124
2025-02-28_09_46,523.02124
2025-02-22_17_23,1220.9276
2025-02-13_47_03,523.02124
2025-02-02_38_36,1776.4325
2025-02-27_44_45,1512.8595
2025-01-28_47_03,523.02124
2025-01-22_47_43,2424.161
2025-01-24_02_30,523.02124
2025-02-02_03_47,523.02124
2025-02-07_11_36,2152.7139
2025-02-15_19_32,1874.1132
2025-02-05_35_46,1785.5272
2025-02-02_30_02,523.02124
2025-02-21_30_14,3043.1973
2025-01-12_45_42,2333.9922
2025-01-27_27_36,1673.3044
2025-01-17_02_31,523.02124
2025-02-18_17_23,1207.3812
2025-02-22_48_45,2009.5712
2025-01-24_12_36,2330.963
2025-01-02_45_47,3015.1487
2025-01-02_38_36,1499.7937
2025-01-26_02_21,523.02124
2025-01-07_07_36,523.02124
2025-02-27_14_30,1632.2452
2025-02-12_37_36,4468.3877
2025-01-28_08_47,523.02124
2025-02-17_47_28,2145.6672
2025-02-13_45_42,2766.1697
2025-02-04_23_13,1412.3988
2025-01-02_05_47,523.02124
2025-02-12_02_14,523.02124
2025-01-28_11_36,1666.2804
2025-01-20_23_25,3022.5518
2025-02-09_18_46,2729.9353
2025-01-31_46_45,3383.6538
2025-02-16_36_22,1844.0754
2025-02-24_42_45,1847.1431
2025-02-15_02_24,523.02124
2025-02-15_45_47,3863.8164
2025-01-29_45_09,523.02124
2025-02-04_47_10,1364.8246
2025-02-01_02_19,523.02124
2025-02-23_30_14,1633.9772
2025-01-21_23_25,3618.5647
2025-01-08_47_03,523.02124
2025-01-01_02_30,523.02124
2025-02-04_02_21,523.02124
2025-02-08_37_36,4916.0615
2025-01-31_28_45,1745.0696
2025-01-10_45_34,3936.8357
2025-02-05_46_26,1303.1469
2025-01-07_45_28,3359.9692
2025-02-20_18_46,1751.6991
2025-01-06_14_30,1627.5157
2025-02-22_45_47,2906.979
2025-02-01_41_36,3345.2595
2025-01-09_47_46,2865.976
2025-02-17_14_30,1681.6394
2025-01-30_02_21,523.02124
2025-01-02_01_02,523.02124
2025-01-03_08_47,523.02124
2025-01-02_46_44,2009.5712
2025-02-05_02_24,523.02124
2025-02-01_13_23,1957.8851
2025-02-19_16_02,523.02124
2025-02-23_31_02,523.02124
2025-01-27_45_09,523.02124
2025-02-01_43_47,2125.4858
2025-02-18_48_46,2274.2615
2025-01-16_43_47,4735.817
2025-02-07_28_47,2024.1176
2025-01-10_25_23,2972.5127
2025-01-03_45_03,523.02124
2025-02-22_11_36,2269.738
2025-02-16_47_08,523.02124
2025-02-16_03_47,523.02124
2025-02-26_42_45,1884.4786
2025-02-19_23_13,1303.1469
2025-01-01_02_47,523.02124
2025-01-27_36_27,1447.8815
2025-01-16_25_23,2588.8909
2025-01-04_02_01,523.02124
2025-02-24_02_24,523.02124
2025-02-04_02_30,523.02124
2025-02-14_36_07,523.02124
2025-01-08_45_42,1653.1035
2025-02-17_48_45,2136.454
2025-02-23_45_42,2031.4684
2025-01-20_11_36,1653.1035
2025-02-04_43_47,1501.1403
2025-02-07_45_34,3603.9248
2025-01-10_46_33,5079.473
2025-02-04_46_44,1707.5967
2025-02-27_25_23,2651.313
2025-02-28_06_47,523.02124
2025-02-08_36_12,2059.6104
2025-01-01_39_45,3540.533
2025-01-21_02_40,523.02124
2025-01-22_19_30,1704.6154
2025-01-31_45_34,3908.1455
2025-01-26_11_36,1980.3759
2025-02-10_47_05,523.02124
2025-02-21_43_47,2089.9512
2025-01-04_12_36,1761.0074
2025-01-08_30_14,1613.6484
2025-02-22_45_05,523.02124
2025-02-28_46_47,2420.7122
2025-01-20_36_37,1823.4128
2025-01-13_02_16,523.02124
2025-01-23_15_46,2332.9363
2025-01-15_47_28,2572.1973
2025-02-03_32_19,1374.3966
2025-01-22_02_47,523.02124
2025-02-06_28_47,1897.988
2025-02-07_07_36,523.02124
2025-01-02_45_09,523.02124
2025-01-15_03_45,523.02124
2025-02-06_47_08,523.02124
2025-02-12_45_09,523.02124
2025-01-14_02_31,523.02124
2025-02-28_23_13,2250.4236
2025-01-09_25_23,3076.3372
2025-02-27_44_46,2277.061
2025-01-07_46_45,2330.963
2025-02-23_09_45,523.02124
2025-02-18_36_22,1665.8779
2025-01-12_35_46,2330.8845
2025-02-13_38_36,1724.1156
2025-02-28_20_46,3246.1626
2025-01-20_46_44,2221.9077
2025-02-17_09_45,523.02124
2025-01-03_28_47,1366.8671
2025-02-06_30_02,523.02124
2025-01-14_11_36,1450.8258
2025-01-31_30_02,523.02124
2025-02-10_03_45,523.02124
2025-02-04_45_42,1686.6323
2025-01-20_18_46,4421.6685
2025-02-24_13_23,1956.7721
2025-01-29_15_46,1804.0378
2025-01-06_47_10,2370.419
2025-01-25_07_36,523.02124
2025-01-20_04_29,523.02124
2025-01-27_46_33,1361.9069
2025-02-23_19_32,1701.5204
2025-02-13_11_36,2959.3208
2025-01-01_28_47,2042.2823
2025-01-30_09_45,523.02124
2025-01-13_03_45,523.02124
2025-02-22_31_02,523.02124
2025-01-22_01_02,523.02124
2025-01-04_13_23,1645.9015
2025-02-19_08_47,523.02124
2025-02-14_44_45,1633.7256
2025-02-18_45_39,1873.7258
2025-02-15_23_25,3511.6426
2025-01-19_04_29,523.02124
2025-01-05_25_23,3261.647
2025-02-13_19_30,2102.6929
2025-01-02_28_47,1519.9492
2025-02-03_47_05,523.02124
2025-02-25_02_01,523.02124
2025-01-25_05_47,523.02124
2025-02-14_02_21,523.02124
2025-02-11_47_46,1526.9608
2025-02-04_02_47,523.02124
2025-01-29_46_09,523.02124
2025-01-08_27_36,1566.842
2025-02-13_43_47,1823.4128
2025-01-05_14_30,2173.38
2025-02-18_18_46,1669.7263
2025-01-07_46_09,523.02124
2025-02-04_39_45,1705.3389
2025-02-14_02_40,523.02124
2025-02-12_45_42,2820.4607
2025-01-27_47_05,523.02124
2025-01-12_04_29,523.02124
2025-01-08_35_46,1674.1576
2025-02-05_46_15,2192.4753
2025-02-26_03_45,523.02124
2025-01-17_45_09,523.02124
2025-02-10_45_34,2010.1534
2025-01-29_02_30,523.02124
2025-01-26_22_36,1481.7175
2025-01-15_09_45,523.02124
2025-01-30_30_02,523.02124
2025-02-02_47_45,3589.8599
2025-01-04_46_35,2300.9292
2025-02-26_19_02,523.02124
2025-02-20_22_36,1840.3666
2025-01-26_31_02,523.02124
2025-01-02_48_46,4060.5918
2025-02-26_36_41,3788.142
2025-01-25_30_14,2036.7656
2025-02-05_22_36,1534.4786
2025-01-07_14_30,1385.9392
2025-01-29_34_45,2212.6133
2025-02-15_20_46,1843.6602
2025-02-01_23_25,3156.9526
2025-02-23_34_45,3683.9954
2025-02-03_15_46,2555.9775
2025-01-03_02_40,523.02124
2025-02-16_45_39,1815.3126
2025-02-22_33_46,1482.254
2025-02-07_47_06,523.02124
2025-01-31_46_48,4787.7104
2025-01-08_02_31,523.02124
2025-02-27_02_24,523.02124
2025-01-05_21_02,523.02124
2025-02-05_33_46,1227.7604
2025-01-21_47_06,523.02124
2025-02-20_33_46,2194.536
2025-01-09_36_22,1697.1493
2025-02-18_36_27,2191.2114
2025-01-05_02_01,523.02124
2025-01-04_03_45,523.02124
2025-01-01_09_45,523.02124
2025-02-14_22_36,2134.6116
2025-02-09_45_28,3155.7458
2025-02-01_36_27,2967.216
2025-02-04_13_23,1501.1403
2025-02-24_45_09,523.02124
2025-01-20_36_07,523.02124
2025-02-06_14_30,1271.9669
2025-02-11_18_46,3123.627
2025-02-11_19_32,1638.4545
2025-01-30_13_23,1669.7911
2025-02-18_35_46,1821.4393
2025-02-06_45_28,3206.3237
2025-02-05_05_45,523.02124
2025-01-18_23_25,3689.5706
2025-02-03_42_45,2322.5608
2025-02-11_23_25,2579.668
2025-01-08_39_45,1589.8225
2025-02-12_33_46,1407.0145
2025-02-12_48_46,2736.4202
2025-02-18_25_23,2383.4214
2025-02-26_46_47,1762.8837
2025-01-12_17_23,1512.5978
2025-01-28_46_35,1787.6978
2025-01-08_14_30,1584.5383
2025-02-27_46_47,1533.6232
2025-01-30_45_42,2646.8743
2025-01-01_03_47,523.02124
2025-02-21_46_44,3129.6084
2025-01-26_20_46,2458.0764
2025-01-04_19_30,2746.4846
2025-01-09_37_36,546.92084
2025-02-01_17_23,1305.0999
2025-01-05_02_14,523.02124
2025-02-01_47_30,2071.3696
2025-02-05_31_02,523.02124
2025-02-08_43_47,2191.2114
2025-01-21_02_19,523.02124
2025-01-10_39_45,1744.9989
2025-02-02_18_46,3562.175
2025-02-18_31_02,523.02124
2025-02-21_17_23,1295.0702
2025-01-06_47_43,2970.0955
2025-02-04_21_02,523.02124
2025-01-05_47_30,1854.6305
2025-02-23_46_26,1974.8898
2025-02-12_15_46,1901.7079
2025-01-20_02_19,523.02124
2025-02-27_46_44,2199.7405
2025-01-12_47_28,3915.303
2025-02-18_45_44,1591.1365
2025-02-08_17_23,1369.6759
2025-01-13_28_47,1967.024
2025-01-13_26_46,2005.4595
2025-01-18_39_45,2426.5396
2025-01-13_42_45,1923.4521
2025-02-09_36_22,1653.1035
2025-01-08_43_47,1851.76
2025-01-04_07_36,523.02124
2025-01-11_39_45,2736.5588
2025-01-22_28_45,1854.6305
2025-01-05_02_16,523.02124
2025-01-08_45_09,523.02124
2025-02-13_46_33,1591.1365
2025-01-28_05_47,523.02124
2025-02-08_19_32,1989.3641
2025-01-01_48_45,3779.1892
2025-02-04_32_19,1526.4269
2025-02-20_19_32,2212.6133
2025-01-26_26_46,2964.3875
2025-02-17_05_47,523.02124
2025-02-08_02_14,523.02124
2025-01-28_46_45,1689.5918
2025-02-20_45_46,2917.8757
2025-01-08_02_19,523.02124
2025-01-23_46_44,1849.9628
2025-01-10_03_47,523.02124
2025-02-06_09_46,523.02124
2025-01-06_42_45,2988.135
2025-02-20_45_44,2072.171
2025-02-16_30_02,523.02124
2025-02-08_44_45,1611.0352
2025-02-10_16_02,523.02124
2025-02-20_45_42,2348.7185
2025-01-17_15_46,3576.4905
2025-01-18_03_45,523.02124
2025-02-09_47_28,2299.93
2025-01-15_16_02,523.02124
2025-02-25_41_36,2999.988
2025-02-27_02_30,523.02124
2025-02-16_05_47,523.02124
2025-01-24_37_36,1434.1453
2025-02-28_19_30,1792.1024
2025-02-11_46_44,1785.5272
2025-02-14_18_46,1943.7946
2025-01-16_02_31,523.02124
2025-01-01_42_45,3405.4338
2025-02-17_02_16,523.02124
2025-02-21_27_36,1532.0712
2025-02-19_39_45,1653.9746
2025-02-27_07_36,523.02124
2025-01-19_18_46,4851.3335
2025-02-12_45_34,2001.9176
2025-02-27_47_06,523.02124
2025-02-23_11_36,2486.8608
2025-01-10_47_02,523.02124
2025-01-03_48_45,2618.2307
2025-01-06_45_34,1836.6831
2025-02-26_20_46,2134.6116
2025-01-06_43_47,1976.374
2025-01-11_36_07,523.02124
2025-01-20_47_08,523.02124
2025-02-06_45_47,3359.5742
2025-02-27_45_03,523.02124
2025-01-21_44_46,2731.5686
2025-01-04_42_45,2810.5999
2025-01-08_44_46,1673.1394
2025-02-09_02_19,523.02124
2025-01-24_02_40,523.02124
2025-02-02_19_02,523.02124
2025-02-25_21_02,523.02124
2025-02-15_46_33,1592.2773
2025-02-07_20_46,1594.3851
2025-01-11_01_02,523.02124
2025-02-13_02_30,523.02124
2025-02-13_36_12,3035.9084
2025-01-26_19_32,1645.9015
2025-01-04_45_34,3572.584
2025-01-02_32_19,1543.9752
2025-02-22_12_36,2484.369
2025-01-27_02_31,523.02124
2025-01-23_37_36,1195.4718
2025-02-25_23_13,1765.7911
2025-01-28_45_47,3594.5486
2025-01-17_47_28,2741.3364
2025-01-17_46_20,2269.738
2025-01-17_18_46,3911.0923
2025-01-14_45_44,2620.2974
2025-02-26_46_20,2783.5793
2025-02-24_32_19,1462.3927
2025-02-08_38_36,2071.3696
2025-01-08_48_46,3623.8857
2025-01-31_47_10,1637.3634
2025-01-06_28_47,1792.6577
2025-01-14_47_05,523.02124
2025-01-05_23_13,1605.4977
2025-02-03_02_16,523.02124
2025-02-12_47_30,1488.7008
2025-01-02_02_47,523.02124
2025-01-08_48_45,1854.6305
2025-02-18_11_36,2330.963
2025-01-31_33_46,2296.134
2025-01-01_02_24,523.02124
2025-01-16_32_19,1220.9276
2025-02-19_46_45,2192.3586
2025-02-15_28_45,2804.1912
2025-01-21_02_21,523.02124
2025-02-24_45_05,523.02124
2025-01-21_45_48,1957.8851
2025-01-03_36_12,2855.0972
2025-01-15_40_02,523.02124
2025-01-04_46_44,2667.745
2025-01-19_46_45,3688.9338
2025-01-13_46_15,4256.4526
2025-01-27_36_41,4135.186
2025-01-02_45_46,4095.3923
2025-02-19_43_47,1526.4269
2025-02-08_02_40,523.02124
2025-02-02_20_46,3313.593
2025-02-09_45_46,3338.5042
2025-02-23_47_06,523.02124
2025-02-12_47_03,523.02124
2025-02-17_47_02,523.02124
2025-02-26_40_02,523.02124
2025-02-09_12_36,2009.5712
2025-01-18_45_39,2774.082
2025-02-09_02_31,523.02124
2025-02-15_32_19,1826.378
2025-02-05_45_47,2975.1086
2025-01-10_34_45,2668.786
2025-02-23_47_46,2173.8376
2025-01-19_36_22,1734.5739
2025-02-14_17_23,1495.511
2025-01-28_36_37,3277.974
2025-01-24_47_28,3904.6987
2025-02-07_27_36,1697.734
2025-02-08_30_14,2071.3696
2025-02-05_46_35,2206.006
2025-02-14_40_02,523.02124
2025-01-21_45_09,523.02124
2025-02-22_02_14,523.02124
2025-01-23_47_08,523.02124
2025-02-20_44_45,1590.4944
2025-01-31_02_01,523.02124
2025-02-13_36_41,4616.866
2025-01-20_46_18,1985.4902
2025-02-03_01_02,523.02124
2025-01-17_02_01,523.02124
2025-02-21_38_36,1627.5157
2025-01-14_02_47,523.02124
2025-02-28_36_22,1922.3774
2025-02-05_05_47,523.02124
2025-02-28_47_08,523.02124
2025-01-27_16_02,523.02124
2025-01-09_47_30,1871.7621
2025-01-05_26_46,3108.3784
2025-02-06_46_09,523.02124
2025-01-02_25_23,4226.346
2025-02-11_48_45,2359.4438
2025-02-22_47_45,3909.7014
2025-01-27_45_44,1614.8755
2025-01-09_36_07,523.02124
2025-02-12_46_09,523.02124
2025-02-03_02_01,523.02124
2025-02-02_47_06,523.02124
2025-01-20_36_12,1653.1035
2025-02-27_02_47,523.02124
2025-01-31_04_29,523.02124
2025-02-28_37_36,2611.281
2025-01-20_46_45,3132.0967
2025-02-26_04_29,523.02124
2025-01-22_41_36,2805.895
2025-02-10_46_20,2285.3435
2025-02-26_27_36,1776.2357
2025-01-04_44_45,1960.6101
2025-01-11_02_24,523.02124
2025-01-24_05_47,523.02124
2025-02-07_41_36,3308.0579
2025-01-16_47_28,2517.0967
2025-02-01_47_10,1841.8788
2025-02-06_02_24,523.02124
2025-01-21_22_36,1374.3966
2025-02-17_46_35,1614.114
2025-02-24_17_23,2243.9038
2025-02-02_45_28,2210.1897
2025-02-14_21_02,523.02124
2025-02-16_47_03,523.02124
2025-02-22_46_44,2156.7185
2025-01-26_47_05,523.02124
2025-01-19_45_44,1623.7838
2025-01-04_19_02,523.02124
2025-02-05_02_01,523.02124
2025-01-16_01_02,523.02124
2025-02-08_34_45,2319.2905
2025-02-27_19_30,1570.8684
2025-01-28_02_21,523.02124
2025-02-03_45_48,1608.5055
2025-02-10_36_41,4205.1855
2025-01-03_46_48,3137.8086
2025-02-11_45_46,3146.268
2025-02-21_41_36,3148.2517
2025-01-24_46_48,3727.902
2025-02-28_47_03,523.02124
2025-02-24_02_19,523.02124
2025-01-20_31_02,523.02124
2025-01-25_36_07,523.02124
2025-01-06_11_36,1674.8959
2025-01-05_47_46,2899.606
2025-01-13_03_47,523.02124
2025-02-05_44_45,1576.2354
2025-02-21_36_11,3330.432
2025-01-01_02_16,523.02124
2025-01-05_18_46,3036.4966
2025-01-18_15_46,3756.141
2025-02-23_44_46,3473.8694
2025-01-09_35_46,1943.9801
2025-01-29_12_36,1530.9066
2025-02-20_39_45,1467.2279
2025-01-09_47_28,3934.5378
2025-02-20_47_08,523.02124
2025-01-31_14_30,1857.1406
2025-01-14_03_45,523.02124
2025-01-09_45_39,2766.1697
2025-02-21_01_02,523.02124
2025-02-08_30_02,523.02124
2025-01-18_31_02,523.02124
2025-01-11_45_28,5433.7017
2025-02-12_36_37,5433.7017
2025-01-17_19_30,2448.1096
2025-02-18_38_36,1469.0728
2025-02-23_45_46,4198.562
2025-01-24_23_13,2731.2156
2025-02-14_23_13,1447.8815
2025-01-21_47_10,1183.9716
2025-01-03_46_20,1972.5424
2025-02-05_25_23,2260.918
2025-01-11_47_08,523.02124
2025-01-23_46_20,2335.098
2025-01-13_02_19,523.02124
2025-02-09_16_02,523.02124
2025-02-17_02_47,523.02124
2025-01-19_47_30,2059.8044
2025-02-08_09_46,523.02124
2025-01-22_45_39,2347.5662
2025-01-29_19_02,523.02124
2025-02-04_46_48,2101.6536
2025-01-11_15_46,2887.504
2025-02-02_36_07,523.02124
2025-01-01_15_46,5179.7544
2025-01-26_37_36,1787.6978
2025-01-02_30_02,523.02124
2025-01-30_18_46,1740.5903
2025-02-01_46_48,4545.6704
2025-01-03_45_44,2760.766
2025-01-21_38_36,1478.303
2025-02-08_12_36,2047.9039
2025-02-10_46_35,2009.5712
2025-02-06_02_16,523.02124
2025-02-25_02_40,523.02124
2025-02-20_16_02,523.02124
2025-01-07_36_37,1208.8367
2025-02-27_46_20,2588.8909
2025-01-10_45_47,3696.9639
2025-01-02_37_36,974.5176
2025-02-28_40_02,523.02124
2025-02-27_04_29,523.02124
2025-02-05_37_36,2651.6406
2025-01-15_46_09,523.02124
2025-02-03_19_30,2304.8098
2025-02-13_46_09,523.02124
2025-02-20_46_44,2217.246
2025-01-12_46_48,5702.464
2025-02-27_36_11,2322.704
2025-02-06_19_30,2010.1534
2025-01-09_23_25,3899.9385
2025-02-27_18_46,3400.4185
2025-01-04_36_27,1566.842
2025-02-15_13_23,1529.0504
2025-02-03_02_19,523.02124
2025-02-18_47_28,2084.7407
2025-01-26_45_42,2406.4185
2025-01-13_02_40,523.02124
2025-01-17_28_45,2464.8196
2025-01-28_15_46,1714.3823
2025-02-15_47_30,1983.5393
2025-02-23_47_45,3195.7087
2025-01-12_05_45,523.02124
2025-02-22_47_06,523.02124
2025-02-07_28_45,2104.9937
2025-02-27_37_36,3297.8093
2025-01-29_36_12,2192.3586
2025-01-19_45_03,523.02124
2025-02-21_28_47,1681.6394
2025-02-02_02_24,523.02124
2025-02-02_48_45,3505.753
2025-01-29_02_21,523.02124
2025-01-27_47_06,523.02124
2025-02-24_44_45,1659.371
2025-01-05_45_09,523.02124
2025-01-16_46_18,2959.906
2025-01-05_38_36,1476.7288
2025-01-27_43_47,1564.095
2025-02-21_47_08,523.02124
2025-02-26_47_10,1510.842
2025-02-10_47_43,2060.5837
2025-01-19_46_09,523.02124
2025-01-19_36_37,2268.0303
2025-02-05_28_45,2310.6492
2025-02-22_46_15,2084.5955
2025-01-16_45_46,3177.1406
2025-01-20_07_36,523.02124
2025-02-09_39_45,2619.671
2025-01-06_47_46,1563.3937
2025-01-08_12_36,1852.6294
2025-02-06_48_45,2310.6492
2025-02-20_26_46,1301.238
2025-02-18_22_36,1354.115
2025-02-26_32_19,1669.7263
2025-02-07_47_10,1552.6476
2025-01-08_02_01,523.02124
2025-01-11_37_36,1366.2961
2025-02-05_03_45,523.02124
2025-02-20_28_45,1826.7549
2025-02-12_17_23,1269.1616
2025-02-05_18_46,2084.5955
2025-01-26_03_47,523.02124
2025-02-19_36_27,2322.704
2025-01-19_45_42,1851.76
2025-01-28_45_42,1754.5895
2025-02-21_23_13,1532.0712
2025-01-02_44_45,3116.8584
2025-02-24_20_46,1576.474
2025-01-01_46_15,2552.9106
2025-01-10_46_35,5490.025
2025-02-04_45_28,2367.4648
2025-01-07_04_29,523.02124
2025-01-02_02_14,523.02124
2025-02-01_02_14,523.02124
2025-01-18_08_47,523.02124
2025-02-24_47_05,523.02124
2025-01-31_20_46,2224.3574
2025-02-16_03_45,523.02124
2025-02-15_41_36,3473.6777
2025-02-08_46_18,4061.256
2025-02-23_18_46,2898.5623
2025-02-21_02_01,523.02124
2025-02-25_17_23,1302.758
2025-02-04_02_40,523.02124
2025-02-23_45_09,523.02124
2025-01-30_32_19,1419.9274
2025-02-18_01_02,523.02124
2025-02-16_45_42,2056.054
2025-01-27_35_46,2301.3132
2025-01-08_45_39,1993.3099
2025-02-04_09_45,523.02124
2025-01-28_30_02,523.02124
2025-01-22_46_09,523.02124
2025-01-26_02_47,523.02124
2025-02-10_41_36,3359.1277
2025-02-28_46_45,3654.8926
2025-01-12_31_02,523.02124
2025-01-07_46_47,1739.4363
2025-01-20_22_36,1534.4786
2025-02-09_45_39,1997.1488
2025-02-23_40_02,523.02124
2025-01-14_23_25,3109.7131
2025-01-04_41_36,3436.7388
2025-02-17_28_45,2533.8967
2025-01-06_48_46,4100.0596
2025-01-12_47_08,523.02124
2025-01-27_02_19,523.02124
2025-01-22_22_36,1508.6184
2025-01-08_23_25,3260.595
2025-01-27_46_47,1450.8258
2025-02-06_04_29,523.02124
2025-02-28_36_37,3028.2195
2025-02-06_46_44,2250.4236
2025-01-15_02_30,523.02124
2025-01-09_02_14,523.02124
2025-01-26_07_36,523.02124
2025-02-26_33_46,1452.9496
2025-02-22_23_13,1889.1646
2025-01-13_46_26,2177.0127
2025-01-04_11_36,1666.2804
2025-01-05_45_03,523.02124
2025-01-03_32_19,1754.5895
2025-01-14_33_46,2179.0217
2025-02-22_47_30,2769.5212
2025-02-19_09_46,523.02124
2025-01-30_37_36,2831.2637
2025-02-13_36_07,523.02124
2025-01-17_45_28,3769.9631
2025-01-09_45_46,2529.8638
2025-02-13_46_15,2359.4438
2025-02-19_27_36,1749.3336
2025-02-21_46_48,4060.59
2025-01-23_36_12,1841.8788
2025-01-28_02_30,523.02124
2025-01-03_36_11,1897.9359
2025-02-13_19_02,523.02124
2025-02-17_47_45,2575.003
2025-01-25_19_32,1702.329
2025-01-28_47_02,523.02124
2025-01-08_31_02,523.02124
2025-02-02_26_46,2302.0537
2025-02-12_02_21,523.02124
2025-01-25_44_46,2009.5712
2025-02-08_45_03,523.02124
2025-01-18_45_47,4293.735
2025-01-01_45_44,2325.731
2025-01-17_21_02,523.02124
2025-02-21_44_46,2066.2646
2025-02-21_02_24,523.02124
2025-01-24_04_29,523.02124
2025-02-18_46_45,2084.087
2025-02-12_21_02,523.02124
2025-02-14_02_47,523.02124
2025-01-13_13_23,1639.3369
2025-01-23_02_31,523.02124
2025-01-20_21_02,523.02124
2025-01-08_47_30,1737.8691
2025-01-01_16_02,523.02124
2025-02-01_39_45,2361.9949
2025-02-25_46_09,523.02124
2025-02-02_02_47,523.02124
2025-01-13_38_36,1412.3988
2025-02-19_36_37,5593.3716
2025-02-08_46_35,3066.0225
2025-01-24_47_43,2652.0178
2025-01-13_06_47,523.02124
2025-01-10_02_31,523.02124
2025-01-07_46_35,1947.4457
2025-01-03_02_01,523.02124
2025-01-23_46_33,1618.559
2025-02-25_36_11,2322.704
2025-02-19_04_29,523.02124
2025-02-19_20_46,1508.6184
2025-01-06_45_09,523.02124
2025-01-19_02_30,523.02124
2025-02-03_02_40,523.02124
2025-02-17_46_26,1374.3966
2025-02-07_13_23,1482.7905
2025-02-12_28_45,1785.5272
2025-01-28_14_30,1591.1365
2025-02-26_11_36,1921.2823
2025-01-01_05_45,523.02124
2025-02-09_07_36,523.02124
2025-02-17_08_47,523.02124
2025-01-10_45_28,5382.4272
2025-01-11_02_14,523.02124
2025-01-17_48_45,2916.7693
2025-02-19_07_36,523.02124
2025-01-15_13_23,1556.8707
2025-01-25_46_45,2850.7996
2025-01-29_47_46,1762.8837
2025-02-23_45_48,2296.134
2025-01-27_12_36,1919.9323
2025-01-14_46_45,3057.54
2025-01-01_36_22,1795.1351
2025-01-04_46_18,2291.4194
2025-01-04_33_46,1494.0453
2025-01-25_15_46,2217.246
2025-02-08_47_46,2639.246
2025-01-20_02_31,523.02124
2025-01-01_19_30,2868.7449
2025-02-10_30_14,1668.5258
2025-01-07_45_47,2731.5686
2025-02-09_32_19,1748.4093
2025-02-25_30_02,523.02124
2025-02-08_45_09,523.02124
2025-01-12_06_47,523.02124
2025-02-14_15_46,2004.7427
2025-01-17_46_35,2373.4705
2025-02-10_22_36,1623.4066
2025-01-20_30_02,523.02124
2025-01-19_47_46,3025.2969
2025-02-22_18_46,2038.8553
2025-02-03_03_45,523.02124
2025-02-25_03_45,523.02124
2025-02-18_46_20,1765.7911
2025-01-02_36_12,1817.3864
2025-01-19_23_13,1709.3754
2025-01-28_19_32,1361.9069
2025-02-04_31_02,523.02124
2025-01-22_36_41,5074.8394
2025-01-09_46_18,3675.0188
2025-01-21_46_33,1377.3143
2025-02-16_47_46,2694.2554
2025-02-24_26_46,1740.5903
2025-01-01_47_28,1771.7515
2025-02-04_46_18,2018.7822
2025-02-20_02_24,523.02124
2025-02-06_38_36,1740.5903
2025-01-25_36_22,1792.6577
2025-02-07_02_16,523.02124
2025-01-23_18_46,2250.4236
2025-02-17_21_02,523.02124
2025-01-18_26_46,1981.3217
2025-02-18_02_21,523.02124
2025-02-20_47_02,523.02124
2025-01-05_02_21,523.02124
2025-02-23_45_03,523.02124
2025-01-05_47_03,523.02124
2025-01-15_23_25,3668.4553
2025-02-24_30_02,523.02124
2025-02-27_45_44,1763.134
2025-01-26_45_39,2394.6987
2025-01-11_36_11,1854.6305
2025-02-19_05_45,523.02124
2025-02-23_45_39,1824.9661
2025-01-13_36_07,523.02124
2025-01-24_22_36,1653.1035
2025-01-18_33_46,3529.2063
2025-01-21_23_13,1566.842
2025-02-04_17_23,1508.6184
2025-01-18_03_47,523.02124
2025-01-01_46_48,4458.9043
2025-02-08_47_05,523.02124
2025-01-05_20_46,3354.9985
2025-02-03_47_02,523.02124
2025-01-04_47_08,523.02124
2025-02-12_13_23,1450.8258
2025-01-19_28_45,3794.67
2025-02-04_35_46,1637.7883
2025-02-07_47_28,3337.9834
2025-01-23_46_26,1804.1079
2025-02-23_47_10,1451.0724
2025-02-17_02_01,523.02124
2025-02-28_38_36,1761.9476
2025-01-14_02_40,523.02124
2025-01-07_08_47,523.02124
2025-02-11_12_36,1815.9615
2025-01-14_09_46,523.02124
2025-01-16_02_30,523.02124
2025-01-25_46_20,2269.738
2025-02-17_42_45,1990.1711
2025-02-17_11_36,2541.978
2025-02-11_28_45,1869.3398
2025-02-13_36_27,2441.8955
2025-02-19_47_10,1195.4718
2025-02-16_31_02,523.02124
2025-01-30_28_47,1637.3235
2025-01-11_03_47,523.02124
2025-02-25_36_07,523.02124
2025-02-07_46_33,2936.1904
2025-01-19_05_47,523.02124
2025-02-12_45_44,1444.6503
2025-02-25_16_02,523.02124
2025-02-17_34_45,2505.398
2025-01-07_31_02,523.02124
2025-01-20_20_46,3529.2063
2025-02-16_47_05,523.02124
2025-01-04_45_46,3706.873
2025-02-11_22_36,1618.559
2025-02-26_46_33,1447.8815
2025-02-25_33_46,1412.3988
2025-01-13_36_11,1620.6786
2025-02-07_09_46,523.02124
2025-01-21_46_47,1633.7256
2025-02-07_16_02,523.02124
2025-01-13_30_14,1862.1888
2025-01-27_46_26,1681.8965
2025-02-27_28_47,1647.0674
2025-02-20_02_16,523.02124
2025-02-13_02_14,523.02124
2025-01-20_47_43,2187.462
2025-02-01_05_45,523.02124
2025-02-09_02_30,523.02124
2025-02-02_45_48,2560.3198
2025-01-11_44_46,3035.9084
2025-01-20_37_36,1277.3265
2025-02-06_45_03,523.02124
2025-01-20_46_15,1914.7482
2025-01-29_47_45,2201.589
2025-01-05_03_45,523.02124
2025-02-24_45_39,1754.5895
2025-02-24_12_36,2018.4485
2025-02-09_43_47,2137.477
2025-02-17_41_36,2865.4343
2025-02-09_46_33,1857.1406
2025-01-19_30_02,523.02124
2025-02-01_31_02,523.02124
2025-02-17_02_14,523.02124
2025-01-17_09_45,523.02124
2025-01-16_35_46,4703.115
2025-02-01_36_07,523.02124
2025-01-17_02_19,523.02124
2025-01-29_39_45,1606.2579
2025-01-24_36_11,2542.4673
2025-01-05_09_45,523.02124
2025-01-02_30_14,2010.1504
2025-01-10_02_24,523.02124
2025-01-19_21_02,523.02124
2025-01-24_47_06,523.02124
2025-01-07_06_47,523.02124
2025-02-16_47_28,2429.8625
2025-01-26_41_36,3540.533
2025-02-12_45_47,3339.446
2025-02-27_46_45,2495.6772
2025-02-16_11_36,3453.9536
2025-01-11_46_44,5490.025
2025-02-10_46_26,1560.6466
2025-01-05_45_42,1842.7555
2025-02-12_45_39,2099.7812
2025-02-03_45_46,2753.7598
2025-01-14_22_36,1724.1156
2025-01-23_47_05,523.02124
2025-01-20_02_16,523.02124
2025-01-28_05_45,523.02124
2025-02-07_03_47,523.02124
2025-02-12_09_46,523.02124
2025-01-04_30_02,523.02124
2025-01-26_28_45,2646.2842
2025-01-28_46_09,523.02124
2025-02-10_33_46,2016.4908
2025-02-25_01_02,523.02124
2025-02-07_01_02,523.02124
2025-02-25_07_36,523.02124
2025-02-11_42_45,1860.7979
2025-02-06_44_46,1586.338
2025-01-20_09_45,523.02124
2025-02-26_36_22,1749.0707
2025-02-13_15_46,1874.1132
2025-01-12_46_26,2459.648
2025-02-24_04_29,523.02124
2025-02-18_20_46,1351.8541
2025-02-20_02_21,523.02124
2025-01-06_36_12,1826.14
2025-02-25_45_47,2900.2605
2025-02-06_19_32,1513.4062
2025-02-23_14_30,2663.2898
2025-01-17_33_46,3325.2773
2025-02-26_02_19,523.02124
2025-01-13_09_46,523.02124
2025-01-03_01_02,523.02124
2025-01-06_16_02,523.02124
2025-02-20_05_47,523.02124
2025-02-18_03_45,523.02124
2025-02-04_28_45,2123.6392
2025-01-26_45_05,523.02124
2025-01-02_02_19,523.02124
2025-02-07_43_47,1837.296
2025-02-14_45_44,3062.751
2025-02-07_02_21,523.02124
2025-02-26_45_39,1922.2228
2025-01-26_16_02,523.02124
2025-02-13_27_36,1851.4429
2025-01-17_07_36,523.02124
2025-02-09_19_30,2561.48
2025-02-14_25_23,2685.8955
2025-02-08_46_47,1791.0496
2025-02-22_47_02,523.02124
2025-02-13_47_05,523.02124
2025-02-23_45_47,3130.871
2025-02-18_47_08,523.02124
2025-02-19_26_46,1854.6305
2025-01-27_45_03,523.02124
2025-02-04_45_39,1502.2842
2025-01-22_06_47,523.02124
2025-02-14_46_09,523.02124
2025-01-12_47_43,5490.025
2025-01-26_44_46,3529.1213
2025-02-11_45_47,2507.8977
2025-02-17_45_03,523.02124
2025-02-09_04_29,523.02124
2025-02-09_27_36,2858.7454
2025-02-10_36_07,523.02124
2025-02-03_02_31,523.02124
2025-02-17_36_07,523.02124
2025-01-03_19_32,1584.1953
2025-02-12_03_47,523.02124
2025-01-24_32_19,1724.1156
2025-02-19_34_45,1739.4363
2025-01-11_46_48,5382.4272
2025-01-31_30_14,3459.4758
2025-01-11_28_47,2859.3696
2025-02-19_17_23,1449.1605
2025-02-16_45_09,523.02124
2025-01-25_45_03,523.02124
2025-01-28_43_47,1361.9069
2025-01-04_02_30,523.02124
2025-01-07_18_46,1818.5905
2025-02-16_09_45,523.02124
2025-01-10_45_46,4138.6304
2025-01-12_46_33,4050.9656
2025-01-13_02_24,523.02124
2025-02-01_47_08,523.02124
2025-02-04_30_14,2082.702
2025-01-22_47_08,523.02124
2025-01-13_25_23,2073.1836
2025-01-15_44_46,3841.8398
2025-02-15_42_45,2018.7822
2025-01-24_19_32,1756.1713
2025-02-26_03_47,523.02124
2025-02-26_02_40,523.02124
2025-01-26_02_31,523.02124
2025-02-17_37_36,3473.6777
2025-01-06_45_48,1760.3221
2025-02-06_41_36,3092.2068
2025-01-06_46_45,2766.02
2025-01-13_34_45,3108.3784
2025-02-15_30_14,2522.5479
2025-02-25_37_36,3175.4905
2025-01-21_19_02,523.02124
2025-02-08_28_47,2290.127
2025-01-12_45_48,4050.9656
2025-01-14_28_47,2736.4202
2025-01-22_43_47,2423.6533
2025-01-25_26_46,2134.6116
2025-02-11_35_46,2599.9192
2025-02-07_36_41,5316.885
2025-01-13_22_36,1576.2354
2025-01-13_02_14,523.02124
2025-02-13_31_02,523.02124
2025-02-18_47_30,1737.8691
2025-01-09_33_46,1291.4929
2025-02-16_46_26,2112.5872
2025-01-08_47_10,3701.9436
2025-01-15_35_46,4135.186
2025-02-24_37_36,3284.4868
2025-02-16_02_24,523.02124
2025-01-10_46_20,5504.8267
2025-01-23_47_02,523.02124
2025-02-03_25_23,2708.7166
2025-01-13_41_36,3450.655
2025-01-26_02_30,523.02124
2025-01-15_45_44,1901.0653
2025-01-14_45_42,1674.1576
2025-02-16_44_46,3819.953
2025-01-23_46_47,1904.7743
2025-02-12_02_31,523.02124
2025-02-03_46_09,523.02124
2025-01-31_02_30,523.02124
2025-02-14_05_47,523.02124
2025-01-13_31_02,523.02124
2025-02-01_47_06,523.02124
2025-02-18_09_46,523.02124
2025-01-07_45_42,1639.3369
2025-02-21_40_02,523.02124
2025-01-01_36_11,1841.8788
2025-01-01_14_30,3284.9485
2025-02-26_39_45,1616.2797
2025-01-11_46_47,2680.581
2025-01-28_02_01,523.02124
2025-02-02_02_19,523.02124
2025-01-15_48_46,5620.213
2025-01-21_48_45,2544.6147
2025-01-03_47_06,523.02124
2025-02-25_05_47,523.02124
2025-01-03_46_47,1717.6995
2025-02-16_46_44,2121.5408
2025-01-31_05_47,523.02124
2025-01-14_34_45,3284.4868
2025-01-24_45_46,3745.9602
2025-01-17_39_45,2273.885
2025-01-22_04_29,523.02124
2025-02-10_39_45,2139.571
2025-01-03_42_45,2395.8108
2025-02-27_20_46,3206.1287
2025-01-03_09_45,523.02124
2025-02-06_22_36,1552.6476
2025-02-22_46_45,2479.5327
2025-01-16_31_02,523.02124
2025-02-18_46_44,1869.3398
2025-01-12_21_02,523.02124
2025-01-02_47_08,523.02124
2025-01-31_45_44,3495.0828
2025-02-11_02_40,523.02124
2025-01-27_42_45,2146.0488
2025-02-19_45_47,3772.7737
2025-02-24_02_21,523.02124
2025-01-01_21_02,523.02124
2025-02-21_23_25,3934.449
2025-02-17_46_47,2340.0046
2025-02-02_43_47,2075.6628
2025-01-08_36_12,2010.1504
2025-01-31_45_39,3448.5122
2025-01-29_30_02,523.02124
2025-02-25_46_45,2092.0059
2025-02-15_18_46,2010.1504
2025-01-29_36_27,1622.3108
2025-01-03_45_05,523.02124
2025-01-18_36_12,2546.1772
2025-02-21_36_37,7223.4844
2025-01-21_36_07,523.02124
2025-01-23_19_02,523.02124
2025-01-31_18_46,2879.0413
2025-02-12_05_47,523.02124
2025-02-27_47_08,523.02124
2025-01-11_34_45,3315.544
2025-02-18_05_45,523.02124
2025-01-17_27_36,1592.2773
2025-01-09_43_47,2026.0948
2025-01-10_45_44,3906.485
2025-01-31_45_46,3603.9248
2025-02-25_45_03,523.02124
2025-01-02_19_32,1639.3369
2025-02-06_02_47,523.02124
2025-01-10_35_46,1875.4519
2025-01-06_36_22,1851.2003
2025-02-11_44_45,2001.9176
2025-02-04_46_20,1709.3308
2025-02-01_46_09,523.02124
2025-02-08_47_45,2831.056
2025-02-17_27_36,2169.7766
2025-01-28_46_15,2532.2437
2025-02-02_01_02,523.02124
2025-01-11_46_15,5702.464
2025-01-26_09_45,523.02124
2025-02-19_38_36,1928.4644
2025-01-29_22_36,1277.3265
2025-01-10_28_45,2228.9514
2025-02-22_46_48,3974.9922
2025-01-30_43_47,1707.5967
2025-01-01_17_23,1447.8815
2025-01-18_46_47,2073.1836
2025-01-16_45_42,1796.936
2025-01-31_42_45,2162.9062
2025-01-09_09_45,523.02124
2025-02-12_47_10,1462.8239
2025-02-11_08_47,523.02124
2025-02-04_47_28,2373.4705
2025-01-03_12_36,2247.4583
2025-01-27_02_47,523.02124
2025-02-19_47_03,523.02124
2025-02-18_02_30,523.02124
2025-02-16_33_46,2692.0293
2025-01-27_39_45,2312.3662
2025-02-02_44_45,3078.9978
2025-01-08_13_23,1467.134
2025-01-04_02_31,523.02124
2025-01-07_47_06,523.02124
2025-01-20_45_48,1852.6644
2025-02-04_18_46,2089.9512
2025-02-14_31_02,523.02124
2025-01-21_02_16,523.02124
2025-01-07_48_46,3136.8872
2025-02-01_36_11,2711.1873
2025-02-24_44_46,2038.3706
2025-02-17_33_46,1447.8815
2025-01-15_06_47,523.02124
2025-02-17_16_02,523.02124
2025-01-29_45_39,2052.7588
2025-02-15_38_36,1951.4398
2025-01-26_46_35,1612.9235
2025-01-06_47_06,523.02124
2025-02-01_01_02,523.02124
2025-01-27_47_46,1519.9492
2025-01-23_02_24,523.02124
2025-02-01_45_44,3008.8728
2025-02-19_46_09,523.02124
2025-02-26_37_36,3783.2654
2025-02-01_08_47,523.02124
2025-02-06_45_39,2875.3003
2025-01-11_45_47,3501.4246
2025-01-01_44_45,3482.8503
2025-02-11_01_02,523.02124
2025-01-29_02_19,523.02124
2025-01-26_36_11,1450.8258
2025-01-20_02_47,523.02124
2025-01-01_36_12,2436.8594
2025-02-08_02_01,523.02124
2025-02-16_46_47,2325.731
2025-02-16_28_47,2445.914
2025-02-16_46_18,2279.8477
2025-01-10_05_45,523.02124
2025-01-25_31_02,523.02124
2025-02-04_30_02,523.02124
2025-01-29_01_02,523.02124
2025-02-17_45_47,3515.0007
2025-02-17_46_44,1653.1035
2025-01-08_45_05,523.02124
2025-02-05_23_13,1305.0999
2025-02-23_02_31,523.02124
2025-01-20_08_47,523.02124
2025-02-05_47_05,523.02124
2025-02-08_46_44,2905.5747
2025-02-13_28_47,1931.7698
2025-01-11_22_36,1709.3754
2025-01-28_45_28,2286.8845
2025-01-13_39_45,2333.3062
2025-02-13_46_18,2406.4185
2025-02-21_02_40,523.02124
2025-01-25_03_45,523.02124
2025-02-21_45_39,3657.3765
2025-01-21_34_45,2267.9292
2025-01-17_47_10,2009.8295
2025-01-17_45_03,523.02124
2025-01-14_45_39,1972.5424
2025-02-16_16_02,523.02124
2025-02-14_47_46,2503.261
2025-01-27_47_08,523.02124
2025-02-26_19_32,1264.4938
2025-02-16_08_47,523.02124
2025-01-25_02_19,523.02124
2025-02-19_28_45,2121.5457
2025-01-02_05_45,523.02124
2025-01-09_20_46,1412.3988
2025-01-30_08_47,523.02124
2025-01-21_33_46,1892.5483
2025-01-04_46_45,2854.5356
2025-01-31_46_09,523.02124
2025-01-08_19_32,1690.2295
2025-02-08_48_45,2009.445
2025-02-17_45_09,523.02124
2025-02-27_36_12,2121.5408
2025-01-31_19_02,523.02124
2025-02-17_36_41,3870.329
2025-02-12_46_33,1220.9276
2025-02-05_07_36,523.02124
2025-01-30_45_03,523.02124
2025-01-01_25_23,5004.3877
2025-02-02_05_45,523.02124
2025-02-04_45_48,1672.2839
2025-01-29_46_44,2282.1675
2025-01-02_35_46,3042.103
2025-01-30_47_08,523.02124
2025-02-23_02_16,523.02124
2025-01-20_16_02,523.02124
2025-01-27_46_15,1968.998
2025-02-09_45_34,2201.6746
2025-02-18_47_43,2316.6746
2025-02-15_03_45,523.02124
2025-02-15_45_48,2732.745
2025-01-27_46_48,2326.9604
2025-02-02_12_36,2234.0173
2025-02-17_45_28,2729.3188
2025-02-22_28_47,2484.369
2025-02-25_47_30,1566.842
2025-02-06_20_46,1526.9608
2025-01-15_25_23,2820.469
2025-01-30_46_20,2190.4204
2025-01-13_02_30,523.02124
2025-02-03_46_18,1909.3151
2025-02-20_12_36,2145.7979
2025-01-26_19_30,2382.0405
2025-01-05_46_18,2626.3828
2025-02-20_21_02,523.02124
2025-01-29_45_05,523.02124
2025-02-13_16_02,523.02124
2025-01-24_42_45,2410.6707
2025-01-12_47_46,2360.1865
2025-01-31_15_46,3359.9692
2025-02-15_27_36,1792.6833
2025-02-11_06_47,523.02124
2025-01-07_32_19,1552.3037
2025-02-21_02_30,523.02124
2025-02-27_02_14,523.02124
2025-01-01_26_46,3131.5957
2025-01-23_03_45,523.02124
2025-01-19_20_46,4794.079
2025-02-14_19_02,523.02124
2025-02-10_46_48,3046.293
2025-02-22_47_46,1960.6101
2025-02-03_46_47,1466.2031
2025-01-30_46_18,3393.3992
2025-02-07_18_46,2296.134
2025-02-08_45_42,2545.4268
2025-01-24_36_22,1952.2161
2025-02-23_46_47,2350.077
2025-02-02_46_45,3455.734
2025-02-20_46_18,2078.7039
2025-02-07_14_30,1946.4236
2025-01-12_09_45,523.02124
2025-01-02_43_47,2330.963
2025-01-27_19_02,523.02124
2025-01-14_02_21,523.02124
2025-02-08_25_23,2358.6472
2025-02-23_02_19,523.02124
2025-02-06_46_20,2073.1836
2025-01-16_07_36,523.02124
2025-02-27_15_46,2192.3586
2025-01-27_47_43,1947.4457
2025-02-11_02_19,523.02124
2025-02-02_09_46,523.02124
2025-02-26_36_12,2127.3823
2025-01-09_48_45,2406.141
2025-02-25_35_46,2009.445
2025-01-03_02_30,523.02124
2025-02-02_16_02,523.02124
2025-01-18_36_11,2060.279
2025-01-30_31_02,523.02124
2025-02-04_46_26,1407.0145
2025-02-26_22_36,1648.423
2025-01-24_46_18,3065.4414
2025-02-11_45_39,1617.7455
2025-02-25_46_18,2597.8389
2025-01-22_46_45,2332.9363
2025-01-06_09_46,523.02124
2025-02-10_04_29,523.02124
2025-01-20_44_45,3049.3604
2025-02-22_45_48,2716.342
2025-01-01_38_36,1524.8726
2025-01-26_27_36,1721.1448
2025-01-08_20_46,1413.2365
2025-02-06_17_23,1305.0999
2025-02-27_47_02,523.02124
2025-01-23_47_45,3620.3955
2025-02-21_47_05,523.02124
2025-01-08_18_46,1760.3221
2025-02-12_25_23,2027.6594
2025-01-26_13_23,2071.3696
2025-02-03_02_24,523.02124
2025-02-01_40_02,523.02124
2025-02-06_33_46,1370.072
2025-01-14_43_47,2586.4146
2025-02-03_47_03,523.02124
2025-02-05_45_48,1943.7946
2025-02-07_15_46,2370.419
2025-01-27_40_02,523.02124
2025-01-29_06_47,523.02124
2025-01-10_19_02,523.02124
2025-01-13_23_25,2850.2986
2025-01-27_02_40,523.02124
2025-01-03_02_24,523.02124
2025-01-19_45_39,2240.0237
2025-01-07_35_46,1826.7549
2025-01-29_20_46,1904.7743
2025-01-08_46_26,1466.2031
2025-02-28_45_03,523.02124
2025-02-02_14_30,2552.985
2025-01-09_28_45,1653.1035
2025-02-05_46_33,1407.0145
2025-02-13_45_03,523.02124
2025-01-18_38_36,1527.6196
2025-02-27_45_42,2190.209
2025-01-02_33_46,1897.988
2025-01-21_46_09,523.02124
2025-02-07_46_09,523.02124
2025-01-11_30_14,2120.3286
2025-01-29_23_13,1424.2462
2025-01-20_02_24,523.02124
2025-01-10_02_30,523.02124
2025-01-08_38_36,1277.3265
2025-02-20_47_46,1878.6077
2025-01-12_47_02,523.02124
2025-02-09_05_45,523.02124
2025-02-11_03_45,523.02124
2025-02-24_45_46,3210.5894
2025-02-21_47_30,2165.7888
2025-02-21_16_02,523.02124
2025-01-13_33_46,1519.9492
2025-01-19_11_36,1736.4803
2025-02-02_47_30,2091.9429
2025-01-27_36_22,1972.5424
2025-02-08_40_02,523.02124
2025-01-29_13_23,1592.3131
2025-01-26_47_02,523.02124
2025-01-05_17_23,1361.6445
2025-02-04_46_15,1701.5204
2025-01-11_41_36,4175.4575
2025-01-19_03_45,523.02124
2025-01-12_22_36,1482.254
2025-01-08_01_02,523.02124
2025-01-02_02_21,523.02124
2025-01-14_46_26,2057.0813
2025-01-08_45_44,2173.8376
2025-01-04_37_36,1099.3915
2025-02-01_19_02,523.02124
2025-01-13_47_46,2374.3398
2025-02-23_36_37,5593.3716
2025-02-04_36_11,1921.2823
2025-01-31_09_46,523.02124
2025-02-05_36_41,4793.8423
2025-01-24_09_46,523.02124
2025-01-25_08_47,523.02124
2025-01-26_38_36,1683.2261
2025-02-02_22_36,1627.5157
2025-01-29_48_45,2042.2823
2025-01-23_44_45,1592.2773
2025-02-09_38_36,2941.7512
2025-02-16_36_37,5382.4272
2025-02-16_12_36,2056.7114
2025-01-16_28_45,3648.8892
2025-02-23_07_36,523.02124
2025-02-21_46_15,2365.3682
2025-01-02_36_27,1724.1156
2025-02-25_09_46,523.02124
2025-02-28_17_23,2148.262
2025-01-16_47_46,2137.477
2025-01-31_46_18,3974.9922
2025-02-26_45_47,2921.9128
2025-01-08_02_40,523.02124
2025-01-05_04_29,523.02124
2025-01-28_23_13,1482.254
2025-02-08_20_46,2296.134
2025-02-25_36_27,2464.8196
2025-01-04_09_46,523.02124
2025-01-20_02_40,523.02124
2025-02-11_47_06,523.02124
2025-01-12_28_47,2514.5112
2025-01-26_46_09,523.02124
2025-01-30_40_02,523.02124
2025-01-09_21_02,523.02124
2025-02-16_25_23,2833.937
2025-02-10_28_47,1831.2996
2025-02-05_21_02,523.02124
2025-01-02_45_42,2753.7598
2025-02-13_47_30,2541.137
2025-01-02_22_36,1550.8871
2025-02-12_46_20,1749.0707
2025-01-05_27_36,1841.8788
2025-01-29_26_46,1412.3988
2025-01-01_22_36,1908.4515
2025-02-06_21_02,523.02124
2025-01-22_46_44,2120.4736
2025-02-09_45_42,2176.6433
2025-01-06_02_14,523.02124
2025-02-10_03_47,523.02124
2025-01-11_46_33,5316.885
2025-02-24_23_13,2009.5712
2025-01-15_47_02,523.02124
2025-02-21_05_45,523.02124
2025-01-04_26_46,2332.084
2025-01-06_06_47,523.02124
2025-01-17_05_45,523.02124
2025-02-02_05_47,523.02124
2025-02-13_09_45,523.02124
2025-01-22_47_05,523.02124
2025-01-06_34_45,4266.918
2025-01-05_46_35,2009.5712
2025-01-27_19_32,1388.3727
2025-02-22_13_23,1744.9989
2025-01-24_47_10,1653.1035
2025-01-01_47_30,2093.0984
2025-02-25_45_39,2112.0703
2025-02-02_47_02,523.02124
2025-02-16_20_46,2319.2905
2025-01-18_30_02,523.02124
2025-01-10_30_02,523.02124
2025-02-03_05_47,523.02124
2025-02-27_45_34,2304.8098
2025-02-24_47_28,2620.2974
2025-01-29_09_45,523.02124
2025-01-04_47_30,2410.4604
2025-01-01_35_46,3818.5706
2025-01-24_30_02,523.02124
2025-01-26_35_46,3206.3237
2025-02-08_46_48,3841.8398
2025-02-06_27_36,1508.6184
2025-01-06_46_33,1500.9183
2025-02-21_46_33,1937.9493
2025-02-11_09_45,523.02124
2025-01-18_19_30,2340.0046
2025-02-26_36_07,523.02124
2025-01-08_02_24,523.02124
2025-02-28_46_26,1878.6077
2025-01-24_46_20,3010.0479
2025-01-30_02_16,523.02124
2025-01-17_20_46,3272.614
2025-01-04_36_07,523.02124
2025-02-26_09_45,523.02124
2025-02-14_46_18,2689.705
2025-02-14_46_20,2224.3574
2025-01-30_46_48,3850.8179
2025-01-04_48_46,3650.2034
2025-02-07_36_22,1837.296
2025-02-07_04_29,523.02124
2025-02-28_45_47,3392.8657
2025-01-26_30_02,523.02124
2025-01-31_46_15,4042.5928
2025-02-25_39_45,1912.265
2025-01-02_03_45,523.02124
2025-01-14_45_48,3209.0083
2025-02-28_02_30,523.02124
2025-01-11_43_47,2861.4092
2025-02-10_47_03,523.02124
2025-02-07_44_46,2009.5712
2025-01-28_48_45,2076.094
2025-02-22_02_40,523.02124
2025-02-25_30_14,2626.3828
2025-01-26_45_44,2306.5889
2025-01-28_47_10,1413.2365
2025-02-09_44_46,3529.1213
2025-02-27_05_45,523.02124
2025-01-04_06_47,523.02124
2025-01-29_25_23,2217.6433
2025-02-18_19_32,1620.6786
2025-01-23_45_46,2975.2778
2025-01-29_36_22,1618.559
2025-02-12_26_46,1577.2373
2025-01-16_13_23,1479.4778
2025-02-03_02_21,523.02124
2025-01-10_46_44,5702.464
2025-02-16_45_03,523.02124
2025-02-14_46_33,2760.766
2025-02-04_23_25,2949.2422
2025-01-28_22_36,1413.2365
2025-01-24_46_45,3370.2996
2025-01-30_17_23,1291.4929
2025-02-06_47_45,2982.0723
2025-01-01_01_02,523.02124
2025-02-13_07_36,523.02124
2025-02-13_46_20,1901.0653
2025-01-06_01_02,523.02124
2025-01-04_23_25,3586.6628
2025-02-23_45_28,2462.8071
2025-02-11_05_45,523.02124
2025-02-28_36_07,523.02124
2025-02-21_15_46,1561.5114
2025-02-21_22_36,1712.3542
2025-01-06_19_30,1570.2809
2025-01-30_45_05,523.02124
2025-02-01_26_46,2201.912
2025-01-14_02_19,523.02124
2025-01-23_43_47,1838.366
2025-01-03_44_46,2215.0593
2025-02-10_46_47,1529.2567
2025-02-20_02_01,523.02124
2025-01-29_16_02,523.02124
2025-02-17_47_05,523.02124
2025-02-01_36_41,5079.473
2025-02-09_28_45,2797.5422
2025-02-12_47_46,1532.0712
2025-01-23_04_29,523.02124
2025-01-31_36_37,5620.213
2025-01-04_39_45,2295.7095
2025-02-03_14_30,2134.6116
2025-02-09_02_14,523.02124
2025-01-12_45_47,3875.0747
2025-01-11_47_06,523.02124
2025-02-14_45_09,523.02124
2025-01-21_11_36,1277.3265
2025-02-09_46_45,3083.3506
2025-01-06_27_36,1514.929
2025-01-26_32_19,1605.9622
2025-01-25_47_30,2428.0166
2025-02-25_14_30,1459.6984
2025-02-24_45_44,1407.0145
2025-02-03_45_05,523.02124
2025-01-23_01_02,523.02124
2025-01-07_47_10,2881.41
2025-01-23_47_30,1972.5424
2025-01-13_46_47,2024.1176
2025-02-26_45_44,1712.3542
2025-01-07_39_45,1633.0474
2025-01-21_47_03,523.02124
2025-01-23_36_22,1527.6196
2025-01-14_44_46,3074.98
2025-01-28_44_45,1399.1263
2025-02-19_46_44,1821.4393
2025-02-03_47_10,1100.4185
2025-02-24_36_11,2274.2615
2025-01-14_07_36,523.02124
2025-02-19_46_20,1624.9343
2025-01-11_45_03,523.02124
2025-02-16_43_47,2490.1067
2025-02-02_08_47,523.02124
2025-02-10_36_27,2291.2266
2025-01-16_36_12,2009.5712
2025-01-20_45_47,2133.2883
2025-02-09_34_45,3296.7288
2025-02-16_45_28,1985.4902
2025-01-25_46_47,1613.814
2025-02-01_02_30,523.02124
2025-02-10_47_46,1812.046
2025-01-28_25_23,2373.2427
2025-01-10_45_03,523.02124
2025-01-17_45_39,3442.4722
2025-01-02_19_30,2497.071
2025-01-01_47_06,523.02124
2025-01-25_25_23,3779.1892
2025-01-28_09_46,523.02124
2025-02-26_46_15,1895.9061
2025-02-06_03_45,523.02124
2025-02-16_15_46,2975.1086
2025-01-08_37_36,1181.8966
2025-01-06_08_47,523.02124
2025-01-30_48_46,3209.6
2025-01-14_46_33,2173.38
2025-01-03_23_25,3650.2034
2025-01-27_45_47,2047.9039
2025-01-25_45_42,2729.5754
2025-02-02_41_36,2776.6345
2025-01-23_27_36,1478.303
2025-01-30_39_45,1579.2766
2025-01-10_42_45,1777.3628
2025-02-18_45_47,3685.902
2025-01-26_34_45,3476.8691
2025-02-21_31_02,523.02124
2025-01-29_28_45,1609.3772
2025-01-15_02_16,523.02124
2025-02-18_02_19,523.02124
2025-02-22_15_46,1620.6786
2025-02-12_36_07,523.02124
2025-02-06_46_33,1712.3542
2025-01-11_28_45,1837.296
2025-02-02_06_47,523.02124
2025-02-02_07_36,523.02124
2025-01-12_37_36,1099.3915
2025-01-30_19_30,1906.4781
2025-01-25_47_10,1361.9069
2025-02-06_02_30,523.02124
2025-01-08_46_09,523.02124
2025-02-18_21_02,523.02124
2025-02-02_09_45,523.02124
2025-01-04_46_09,523.02124
2025-02-23_44_45,2679.799
2025-01-27_03_45,523.02124
2025-02-06_47_10,1576.474
2025-02-04_19_02,523.02124
2025-01-27_44_45,1453.9232
2025-01-14_36_27,1841.8788
2025-01-15_08_47,523.02124
2025-01-28_46_20,1798.0078
2025-02-21_08_47,523.02124
2025-02-10_36_22,1496.7946
2025-01-08_36_11,1669.7263
2025-01-05_08_47,523.02124
2025-02-15_46_20,2370.419
2025-01-03_45_48,2228.9514
2025-02-14_47_30,2066.1963
2025-01-19_38_36,1508.6184
2025-01-16_47_06,523.02124
2025-02-03_46_45,2858.3733
2025-01-16_44_45,3281.6157
2025-02-10_25_23,2671.74
2025-02-19_22_36,1369.7848
2025-01-05_44_45,2364.2837
2025-01-04_18_46,3255.7334
2025-01-18_36_41,5179.7544
2025-02-27_16_02,523.02124
2025-01-15_14_30,1557.5533
2025-02-18_30_14,2073.1836
2025-02-16_23_25,3331.7593
2025-01-16_16_02,523.02124
2025-01-25_09_46,523.02124
2025-02-14_36_22,1952.2161
2025-02-23_03_45,523.02124
2025-01-28_28_47,1786.4728
2025-01-04_43_47,1804.0378
2025-01-06_46_20,1602.0544
2025-02-24_02_30,523.02124
2025-02-25_47_03,523.02124
2025-02-01_02_01,523.02124
2025-01-22_15_46,2125.4858
2025-01-15_47_08,523.02124
2025-02-16_02_31,523.02124
2025-02-14_19_30,2115.9172
2025-01-21_04_29,523.02124
2025-01-03_34_45,3908.1455
2025-02-22_36_12,2134.0283
2025-02-26_47_30,1550.8871
2025-01-15_34_45,2860.135
2025-02-11_40_02,523.02124
2025-02-22_02_16,523.02124
2025-01-21_45_28,2200.4434
2025-01-31_02_19,523.02124
2025-02-27_02_21,523.02124
2025-02-20_46_20,2009.5712
2025-01-08_02_47,523.02124
2025-02-18_34_45,2536.6982
2025-01-17_16_02,523.02124
2025-01-11_02_30,523.02124
2025-01-23_36_11,1744.0665
2025-01-11_32_19,1645.9015
2025-01-28_47_06,523.02124
2025-02-07_45_03,523.02124
2025-01-31_40_02,523.02124
2025-01-25_45_28,3402.803
2025-01-11_23_25,3577.2568
2025-01-05_05_45,523.02124
2025-01-18_45_03,523.02124
2025-02-08_03_47,523.02124
2025-01-31_23_25,4017.0764
2025-01-29_19_30,1657.4778
2025-01-08_02_16,523.02124
2025-01-01_47_03,523.02124
2025-01-18_17_23,1240.1494
2025-02-24_45_47,3377.3767
2025-02-23_45_05,523.02124
2025-01-29_27_36,1347.3662
2025-02-21_02_21,523.02124
2025-01-22_36_12,1852.6644
2025-01-19_46_33,1890.8204
2025-01-31_02_40,523.02124
2025-02-21_04_29,523.02124
2025-01-10_20_46,1981.3217
2025-02-23_15_46,2900.8706
2025-01-08_46_18,2974.1262
2025-02-27_36_22,1563.3937
2025-01-14_26_46,1978.275
2025-01-28_28_45,2038.8553
2025-01-26_09_46,523.02124
2025-02-12_47_28,2487.5908
2025-01-17_36_27,2023.1658
2025-01-10_32_19,1871.9688
2025-02-09_45_44,2134.6116
2025-02-23_36_11,2436.8594
2025-01-13_32_19,1456.8772
2025-02-11_07_36,523.02124
2025-01-10_04_29,523.02124
2025-01-23_46_35,1947.4457
2025-01-25_03_47,523.02124
2025-01-25_45_39,2719.818
2025-02-25_45_46,3329.361
2025-02-17_02_31,523.02124
2025-02-18_47_02,523.02124
2025-01-11_46_18,5382.4272
2025-01-13_47_06,523.02124
2025-01-31_03_47,523.02124
2025-02-11_13_23,1467.7378
2025-01-09_46_33,3439.8037
2025-02-09_46_44,2943.1992
2025-02-04_45_47,2555.0706
2025-02-18_23_25,3007.1035
2025-01-26_46_15,2089.9512
2025-01-28_06_47,523.02124
2025-02-06_36_22,1719.9924
2025-01-01_45_42,2744.5315
2025-01-02_14_30,1937.5175
2025-01-30_02_14,523.02124
2025-02-15_47_08,523.02124
2025-02-06_02_40,523.02124
2025-01-31_47_08,523.02124
2025-01-01_46_47,2072.171
2025-02-15_02_16,523.02124
2025-02-13_45_46,3160.7405
2025-01-18_47_02,523.02124
2025-01-01_45_48,2924.114
2025-02-03_08_47,523.02124
2025-02-10_30_02,523.02124
2025-02-21_35_46,2379.3123
2025-02-12_40_02,523.02124
2025-01-06_31_02,523.02124
2025-01-28_45_05,523.02124
2025-01-03_39_45,2146.3923
2025-02-26_30_14,1897.9359
2025-02-08_46_20,3523.331
2025-02-12_35_46,1943.7946
2025-02-05_09_46,523.02124
2025-01-15_45_42,1851.76
2025-02-20_31_02,523.02124
2025-01-17_36_22,1836.4945
2025-01-02_46_35,2154.6797
2025-01-10_07_36,523.02124
2025-02-07_02_47,523.02124
2025-02-04_33_46,1451.0724
2025-01-03_40_02,523.02124
2025-01-07_46_26,1250.0735
2025-02-06_18_46,2038.8553
2025-02-19_47_02,523.02124
2025-02-17_46_09,523.02124
2025-02-05_20_46,1674.1576
2025-02-21_18_46,2064.7766
2025-01-30_42_45,1589.8215
2025-01-27_06_47,523.02124
2025-02-22_47_28,2677.4265
2025-02-26_12_36,1989.3641
2025-02-20_30_02,523.02124
2025-01-01_46_33,2324.4204
2025-01-06_45_03,523.02124
2025-02-05_47_06,523.02124
2025-01-06_02_19,523.02124
2025-01-13_48_45,2304.8098
2025-01-15_46_33,2315.8105
2025-02-17_02_24,523.02124
2025-01-19_12_36,2984.3215
2025-02-25_45_34,2803.486
2025-02-06_34_45,1932.8997
2025-02-05_47_10,1482.7905
2025-02-18_36_11,2618.392
2025-02-28_04_29,523.02124
2025-01-09_47_02,523.02124
2025-01-23_09_45,523.02124
2025-01-22_33_46,1444.6503
2025-02-28_47_30,2009.5712
2025-02-22_02_30,523.02124
2025-01-26_47_45,2782.8718
2025-02-20_36_37,7223.4844
2025-01-18_47_05,523.02124
2025-01-22_46_33,1377.3143
2025-01-29_03_45,523.02124
2025-01-12_42_45,1990.1711
2025-02-26_45_34,2301.3132
2025-02-22_47_05,523.02124
2025-02-22_44_46,2333.9922
2025-02-24_36_07,523.02124
2025-02-18_39_45,2073.1301
2025-01-13_45_44,3117.0479
2025-01-04_02_40,523.02124
2025-02-24_27_36,1592.2773
2025-02-03_02_47,523.02124
2025-01-19_19_02,523.02124
2025-01-06_39_45,2107.7087
2025-02-27_30_14,2161.9302
2025-02-05_19_32,1561.5114
2025-01-03_45_34,3675.218
2025-02-09_47_05,523.02124
2025-01-06_03_45,523.02124
2025-02-23_27_36,1836.4935
2025-01-18_46_26,1988.3542
2025-01-05_46_45,3627.7893
2025-02-06_46_45,3392.0183
2025-02-09_47_03,523.02124
2025-02-11_19_02,523.02124
2025-02-03_47_43,1653.1035
2025-01-31_31_02,523.02124
2025-01-22_45_48,2332.9363
2025-01-10_36_12,2749.6199
2025-02-25_43_47,1643.3439
2025-01-07_23_25,3486.744
2025-01-31_35_46,2216.8052
2025-02-17_36_12,2022.3763
2025-01-04_45_39,2394.6987
2025-01-24_45_48,3400.4185
2025-01-16_45_34,2604.7905
2025-02-07_48_46,5084.0146
2025-01-29_02_14,523.02124
2025-02-03_44_46,3302.7275
2025-01-19_39_45,2775.3655
2025-01-11_45_39,3364.0022
2025-01-14_02_14,523.02124
2025-01-17_42_45,2204.6377
2025-01-19_45_34,2291.3289
2025-01-02_06_47,523.02124
2025-01-29_45_42,2136.9685
2025-02-28_02_47,523.02124
2025-01-12_02_14,523.02124
2025-01-23_19_30,1874.9496
2025-01-19_47_08,523.02124
2025-01-16_46_44,2631.3396
2025-02-04_06_47,523.02124
2025-02-16_02_21,523.02124
2025-01-15_20_46,3712.8792
2025-02-14_28_47,2071.3696
2025-02-06_36_11,2579.668
2025-01-02_28_45,1914.7482
2025-02-08_23_13,1666.9126
2025-02-26_47_06,523.02124
2025-01-10_12_36,2546.1772
2025-02-13_36_22,1881.3903
2025-02-24_02_47,523.02124
2025-01-05_02_31,523.02124
2025-01-27_17_23,2194.536
2025-01-10_47_46,4794.079
2025-02-24_05_45,523.02124
2025-02-15_40_02,523.02124
2025-02-10_17_23,1970.6149
2025-01-15_43_47,3914.7224
2025-01-03_14_30,1771.7975
2025-02-02_34_45,3285.1438
2025-01-31_09_45,523.02124
2025-02-26_36_37,3520.0137
2025-02-08_48_46,4356.1143
2025-01-11_18_46,2386.3984
2025-02-21_45_05,523.02124
2025-01-20_45_09,523.02124
2025-02-09_01_02,523.02124
2025-01-01_20_46,3779.1892
2025-01-17_46_18,2986.2039
2025-01-12_33_46,1435.4698
2025-02-27_03_47,523.02124
2025-02-09_09_46,523.02124
2025-02-07_45_44,2794.8242
2025-02-11_46_35,1673.1394
2025-01-07_20_46,1447.8815
2025-01-18_13_23,1828.5579
2025-01-25_21_02,523.02124
2025-01-11_47_10,5490.025
2025-01-07_21_02,523.02124
2025-02-27_01_02,523.02124
2025-02-13_35_46,2059.6104
2025-02-09_46_47,1872.5919
2025-02-16_13_23,1606.2579
2025-02-27_34_45,1972.1855
2025-01-01_27_36,1586.338
2025-02-20_46_15,2149.93
2025-01-24_46_33,2802.346
2025-01-16_20_46,4211.9287
2025-02-16_46_15,1672.2839
2025-02-19_02_30,523.02124
2025-01-31_05_45,523.02124
2025-01-31_19_30,2492.9048
2025-01-22_25_23,3576.4983
2025-01-20_02_14,523.02124
2025-02-23_09_46,523.02124
2025-02-03_28_45,1890.6018
2025-01-19_36_11,1413.2365
2025-01-24_09_45,523.02124
2025-02-15_47_45,2779.4187
2025-01-12_16_02,523.02124
2025-02-10_08_47,523.02124
2025-02-08_45_47,4108.0356
2025-02-07_02_24,523.02124
2025-01-30_05_45,523.02124
2025-01-03_46_35,2102.2778
2025-01-22_36_22,1653.1035
2025-02-19_45_46,2286.8845
2025-02-05_43_47,1508.6184
2025-02-08_19_30,2005.7821
2025-01-16_15_46,3951.2883
2025-01-26_05_45,523.02124
2025-01-31_13_23,1826.7549
2025-02-23_22_36,1592.2773
2025-02-03_45_47,2494.1948
2025-02-06_19_02,523.02124
2025-02-22_45_44,2073.1836
2025-02-02_44_46,3887.3782
2025-01-06_18_46,1776.4325
2025-02-20_45_09,523.02124
2025-02-15_06_47,523.02124
2025-02-25_46_35,1826.7549
2025-02-21_34_45,2646.8896
2025-01-05_11_36,1980.3759
2025-02-26_47_03,523.02124
2025-01-07_36_22,1719.9924
2025-02-10_36_11,2626.3828
2025-01-11_17_23,1277.3265
2025-01-31_46_47,2177.0127
2025-02-11_11_36,2121.5745
2025-02-08_47_02,523.02124
2025-01-30_47_46,1709.3754
2025-02-03_03_47,523.02124
2025-02-22_02_19,523.02124
2025-01-22_45_47,2947.4746
2025-02-01_48_45,2601.8618
2025-01-01_18_46,4140.3496
2025-02-07_02_31,523.02124
2025-01-21_39_45,1874.034
2025-02-02_30_14,1826.7549
2025-01-10_11_36,1772.3914
2025-02-11_47_28,2373.4705
2025-02-20_02_31,523.02124
2025-01-11_30_02,523.02124
2025-01-24_44_45,1892.5483
2025-02-27_46_15,2228.9514
2025-01-24_19_30,2497.071
2025-01-18_19_02,523.02124
2025-01-15_15_46,4036.8804
2025-01-15_11_36,1600.1849
2025-02-23_48_46,3486.6113
2025-01-24_44_46,1756.376
2025-01-18_44_46,3793.5469
2025-01-15_19_32,1390.7952
2025-01-31_07_36,523.02124
2025-01-10_36_11,1901.3458
2025-02-08_36_07,523.02124
2025-01-22_03_45,523.02124
2025-02-03_26_46,1776.0546
2025-01-31_28_47,2247.4583
2025-02-16_47_10,1508.6184
2025-02-09_02_01,523.02124
2025-01-31_45_03,523.02124
2025-02-08_02_31,523.02124
2025-02-27_02_31,523.02124
2025-02-11_28_47,2057.0813
2025-01-08_45_03,523.02124
2025-02-09_02_24,523.02124
2025-01-25_14_30,1847.285
2025-01-25_23_13,1740.5903
2025-01-20_36_22,1776.4325
2025-02-03_46_15,1852.6644
2025-01-05_28_45,3331.2903
2025-01-21_45_39,2084.087
2025-02-05_48_46,3638.168
2025-02-11_21_02,523.02124
2025-01-06_47_45,4156.96
2025-02-13_05_45,523.02124
2025-01-16_45_09,523.02124
2025-02-27_39_45,1740.7905
2025-01-24_46_44,2522.5479
2025-01-09_44_45,1563.3937
2025-01-10_23_25,4070.6416
2025-01-23_02_40,523.02124
2025-02-06_47_03,523.02124
2025-01-20_41_36,3856.6934
2025-01-31_02_31,523.02124
2025-01-19_43_47,5493.8516
2025-01-03_43_47,1566.842
2025-02-18_07_36,523.02124
2025-02-04_36_27,2291.4194
2025-01-29_03_47,523.02124
2025-02-17_46_20,1482.0178
2025-01-28_21_02,523.02124
2025-02-05_11_36,1685.4257
2025-01-11_47_02,523.02124
2025-02-01_45_42,2385.9314
2025-02-21_05_47,523.02124
2025-02-27_36_41,3842.688
2025-02-20_19_30,2115.9172
2025-01-04_15_46,3375.101
2025-02-23_25_23,2882.4683
2025-02-24_05_47,523.02124
2025-01-08_07_36,523.02124
2025-02-16_19_32,2152.435
2025-01-19_42_45,2713.6287
2025-01-11_14_30,2047.9039
2025-01-18_02_47,523.02124
2025-02-27_48_46,3887.3782
2025-01-28_35_46,1450.8258
2025-01-11_06_47,523.02124
2025-02-03_31_02,523.02124
2025-01-16_14_30,1247.2864
2025-02-04_42_45,2060.13
2025-01-06_19_02,523.02124
2025-01-18_28_47,2898.5286
2025-02-06_47_30,2120.051
2025-02-03_45_28,2631.3396
2025-02-08_47_08,523.02124
2025-02-10_09_45,523.02124
2025-01-12_20_46,2290.127
2025-02-13_23_13,1477.105
2025-01-06_45_44,1529.3105
2025-01-14_36_41,5079.473
2025-01-02_12_36,2296.134
2025-02-18_09_45,523.02124
2025-01-15_46_48,4242.532
2025-02-23_47_03,523.02124
2025-01-12_45_09,523.02124
2025-01-17_37_36,1187.768
2025-01-08_47_45,2910.5864
2025-01-24_45_42,3358.6711
2025-01-22_47_03,523.02124
2025-01-16_46_48,3932.9956
2025-02-06_47_02,523.02124
2025-02-18_41_36,2500.6853
2025-02-15_12_36,2089.9512
2025-01-14_47_06,523.02124
2025-02-07_37_36,2826.1904
2025-01-05_46_26,1885.262
2025-02-20_48_45,1949.7076
2025-02-28_45_46,4023.545
2025-01-09_36_12,2192.3586
2025-01-15_19_02,523.02124
2025-02-21_02_14,523.02124
2025-01-10_23_13,1468.5376
2025-02-11_46_20,1613.814
2025-02-01_37_36,3790.5945
2025-01-23_33_46,1251.6619
2025-01-28_46_18,2161.9302
2025-02-25_02_14,523.02124
2025-01-11_09_46,523.02124
2025-01-31_02_47,523.02124
2025-01-27_45_28,2073.1836
2025-01-19_37_36,2370.3013
2025-02-10_46_09,523.02124
2025-02-12_48_45,1740.5903
2025-01-15_45_39,1908.4515
2025-01-01_46_45,3706.7083
2025-01-31_37_36,2072.171
2025-01-08_36_07,523.02124
2025-01-18_21_02,523.02124
2025-01-02_47_02,523.02124
2025-02-02_46_48,3603.9248
2025-01-26_36_22,1841.8788
2025-01-27_21_02,523.02124
2025-02-04_47_45,2201.912
2025-01-04_30_14,2104.9937
2025-02-20_40_02,523.02124
2025-01-27_45_42,1482.7905
2025-02-18_45_46,2239.6023
2025-01-16_02_01,523.02124
2025-01-06_07_36,523.02124
2025-01-14_13_23,1450.8258
2025-01-07_01_02,523.02124
2025-02-06_16_02,523.02124
2025-02-01_03_47,523.02124
2025-02-13_47_28,3354.9985
2025-02-03_46_44,1663.5333
2025-01-25_47_28,2273.7734
2025-02-28_23_25,3778.6858
2025-02-10_45_39,1756.376
2025-01-27_36_07,523.02124
2025-02-05_02_19,523.02124
2025-01-19_47_43,2126.2534
2025-01-22_31_02,523.02124
2025-02-25_08_47,523.02124
2025-01-24_30_14,3028.2886
2025-02-18_46_47,1577.2373
2025-02-07_46_26,2484.369
2025-02-03_23_25,2959.906
2025-02-28_11_36,2052.1877
2025-02-23_36_22,1482.0178
2025-01-09_02_24,523.02124
2025-01-08_03_45,523.02124
2025-02-07_34_45,2736.4202
2025-01-09_02_01,523.02124
2025-02-14_16_02,523.02124
2025-01-16_12_36,2359.7715
2025-02-16_45_48,2247.4583
2025-02-13_47_43,3022.5518
2025-01-09_46_47,1991.2958
2025-02-11_30_14,2011.9088
2025-02-28_32_19,1602.4174
2025-02-16_36_07,523.02124
2025-01-12_45_39,2343.0913
2025-01-19_02_19,523.02124
2025-01-30_21_02,523.02124
2025-01-19_28_47,3698.0452
2025-02-08_44_46,2192.4753
2025-02-28_05_45,523.02124
2025-02-21_36_41,5179.7544
2025-01-05_22_36,1653.1035
2025-02-13_45_09,523.02124
2025-02-21_02_47,523.02124
2025-01-08_44_45,1369.6759
2025-02-18_44_45,1608.5055
2025-01-26_02_19,523.02124
2025-01-10_45_09,523.02124
2025-01-02_45_34,2704.785
2025-02-23_42_45,2858.7256
2025-01-03_45_09,523.02124
2025-02-06_25_23,2546.1772
2025-01-29_18_46,2250.4236
2025-01-16_02_24,523.02124
2025-01-04_36_12,2228.9514
2025-01-05_44_46,2909.0615
2025-02-03_45_09,523.02124
2025-01-25_46_33,2247.4583
2025-01-27_36_11,1482.7905
2025-01-15_27_36,1514.3556
2025-02-06_03_47,523.02124
2025-02-23_08_47,523.02124
2025-01-05_36_12,1972.5424
2025-01-02_02_01,523.02124
2025-01-29_05_45,523.02124
2025-02-15_11_36,2616.3564
2025-02-25_19_32,1413.2365
2025-02-05_41_36,2933.4482
2025-01-01_02_21,523.02124
2025-01-22_44_46,1921.2823
2025-01-28_09_45,523.02124
2025-01-24_07_36,523.02124
2025-01-22_44_45,1880.279
2025-01-25_45_47,2490.8372
2025-01-31_45_28,3647.3083
2025-01-13_28_45,1873.8623
2025-01-11_38_36,1361.9069
2025-02-25_48_46,3870.0942
2025-02-26_46_09,523.02124
2025-01-22_47_10,1361.9069
2025-01-27_08_47,523.02124
2025-01-30_36_22,1579.2507
2025-02-12_02_19,523.02124
2025-01-14_06_47,523.02124
2025-02-07_47_43,3872.9346
2025-02-17_05_45,523.02124
2025-01-03_47_05,523.02124
2025-02-03_19_02,523.02124
2025-01-20_34_45,2360.6252
2025-01-01_37_36,964.21783
2025-01-22_16_02,523.02124
2025-01-12_46_15,3134.8674
2025-02-15_46_48,3423.337
2025-01-15_05_45,523.02124
2025-01-30_47_06,523.02124
2025-02-13_02_19,523.02124
2025-01-10_45_42,2425.5854
2025-01-15_07_36,523.02124
2025-01-25_37_36,1668.5258
2025-01-07_11_36,1746.57
2025-01-24_46_09,523.02124
2025-01-08_45_34,2242.979
2025-02-05_47_28,2230.899
2025-01-08_36_37,1220.9276
2025-01-09_11_36,1600.1849
2025-02-17_44_45,2039.0194
2025-02-28_19_02,523.02124
2025-01-15_36_07,523.02124
2025-02-08_36_27,1801.6956
2025-01-24_34_45,2486.8608
2025-01-28_26_46,1240.1494
2025-02-28_36_41,4703.115
2025-02-15_04_29,523.02124
2025-01-12_45_03,523.02124
2025-02-11_09_46,523.02124
2025-01-09_46_26,2009.5712
2025-01-09_47_03,523.02124
2025-02-19_02_21,523.02124
2025-01-07_36_41,4605.016
2025-01-29_45_44,2072.171
2025-02-14_34_45,3044.0588
2025-01-17_02_21,523.02124
2025-02-21_47_10,1866.8147
2025-02-12_47_08,523.02124
2025-02-03_36_12,1561.5114
2025-02-08_47_30,2071.3696
2025-01-07_30_14,1361.9069
2025-02-02_36_41,3816.4277
2025-01-30_04_29,523.02124
2025-01-04_02_14,523.02124
2025-01-22_36_07,523.02124
2025-01-20_02_21,523.02124
2025-01-16_40_02,523.02124
2025-01-02_47_45,3570.985
2025-02-27_09_45,523.02124
2025-01-19_02_14,523.02124
2025-02-23_16_02,523.02124
2025-01-25_30_02,523.02124
2025-01-23_20_46,1892.5483
2025-02-13_05_47,523.02124
2025-01-22_12_36,1689.5918
2025-01-10_47_30,2832.661
2025-02-05_46_47,1413.2365
2025-02-06_47_46,1671.8911
2025-01-14_25_23,2426.2854
2025-02-18_03_47,523.02124
2025-01-06_17_23,1913.2913
2025-02-07_08_47,523.02124
2025-01-08_36_27,1811.7234
2025-01-28_19_02,523.02124
2025-01-10_17_23,1187.768
2025-02-12_39_45,1751.1388
2025-02-25_47_02,523.02124
2025-01-13_45_47,2503.261
2025-02-05_38_36,1514.3556
2025-01-27_48_45,2240.0237
2025-02-16_39_45,3666.8057
2025-02-19_47_08,523.02124
2025-02-05_46_09,523.02124
2025-01-01_23_25,3705.347
2025-02-20_42_45,1913.1095
2025-01-10_30_14,2794.1677
2025-02-22_04_29,523.02124
2025-02-17_09_46,523.02124
2025-02-01_47_03,523.02124
2025-01-28_36_07,523.02124
2025-01-20_47_10,1566.842
2025-01-26_23_25,3614.012
2025-01-20_42_45,2735.2483
2025-02-03_47_08,523.02124
2025-01-25_34_45,1974.1726
2025-01-16_47_43,2282.1675
2025-01-18_09_46,523.02124
2025-02-20_27_36,1857.1406
2025-01-08_47_05,523.02124
2025-02-12_36_41,4294.577
2025-01-05_47_43,2678.5823
2025-02-01_35_46,2544.3987
2025-01-23_14_30,1534.4786
2025-02-20_02_47,523.02124
2025-02-04_02_19,523.02124
2025-02-22_02_01,523.02124
2025-01-04_02_19,523.02124
2025-01-13_45_28,3801.0017
2025-02-19_14_30,1744.8157
2025-01-17_46_45,2435.869
2025-02-01_02_24,523.02124
2025-01-23_26_46,1659.371
2025-01-09_38_36,1240.1494
2025-02-16_22_36,1712.3542
2025-02-27_23_13,1513.3221
2025-02-23_13_23,1818.5905
2025-02-20_36_41,4794.079
2025-01-28_02_19,523.02124
2025-02-23_02_47,523.02124
2025-02-28_13_23,1741.3806
2025-02-18_26_46,1606.663
2025-01-11_19_30,1691.6229
2025-01-22_02_01,523.02124
2025-02-17_06_47,523.02124
2025-01-21_16_02,523.02124
2025-02-18_47_10,1277.3265
2025-01-07_30_02,523.02124
2025-02-06_35_46,1956.7721
2025-02-16_48_45,3475.9595
2025-01-12_26_46,2016.4908
2025-02-03_46_26,2301.3132
2025-01-07_03_45,523.02124
2025-01-24_14_30,1796.8776
2025-02-12_45_46,1997.2191
2025-01-18_45_46,3206.3237
2025-02-06_46_35,1956.7721
2025-01-24_03_47,523.02124
2025-01-12_45_46,3869.6401
2025-01-04_45_44,2472.725
2025-01-18_18_46,4294.577
2025-02-23_19_30,2277.1177
2025-02-27_47_30,1530.381
2025-01-24_06_47,523.02124
2025-02-14_03_47,523.02124
2025-01-25_45_44,2071.3696
2025-01-04_32_19,1609.3772
2025-02-17_47_03,523.02124
2025-01-02_04_29,523.02124
2025-01-28_16_02,523.02124
2025-01-16_30_02,523.02124
2025-01-05_15_46,4035.0093
2025-01-23_45_05,523.02124
2025-01-31_47_02,523.02124
2025-02-17_22_36,1364.8246
2025-02-06_36_27,2191.2114
2025-02-08_15_46,2486.8608
2025-02-19_23_25,3375.101
2025-02-28_30_14,2851.4204
2025-02-18_43_47,1463.0593
2025-02-15_36_27,2514.8286
2025-02-03_02_14,523.02124
2025-02-07_22_36,1710.0697
2025-02-03_48_45,2875.9177
2025-01-09_45_03,523.02124
2025-01-26_05_47,523.02124
2025-01-10_47_28,5702.464
2025-02-27_46_48,3806.2314
2025-01-11_04_29,523.02124
2025-02-28_47_10,1792.6833
2025-01-25_22_36,1524.8726
2025-02-27_36_07,523.02124
2025-02-24_36_22,1913.8467
2025-01-10_02_47,523.02124
2025-02-06_23_25,3529.2063
2025-02-23_43_47,2291.4194
2025-01-24_03_45,523.02124
2025-01-06_45_39,1620.5981
2025-02-12_18_46,2749.6199
2025-01-30_45_34,2760.766
2025-02-25_42_45,1751.6991
2025-02-16_07_36,523.02124
2025-01-08_16_02,523.02124
2025-01-03_11_36,1501.1403
2025-01-23_46_45,2589.1306
2025-01-17_36_11,2578.3123
2025-01-01_47_10,1926.8041
2025-02-22_16_02,523.02124
2025-02-25_36_41,3870.329
2025-01-06_45_47,3501.2625
2025-01-18_37_36,1277.3265
2025-02-21_46_26,2188.402
2025-01-14_48_46,4050.9656
2025-01-07_45_09,523.02124
2025-01-16_47_30,1972.5424
2025-02-15_02_14,523.02124
2025-02-17_19_32,1510.842
2025-01-23_35_46,2024.2015
2025-01-15_09_46,523.02124
2025-02-27_02_16,523.02124
2025-02-26_45_42,2047.9039
2025-01-05_19_02,523.02124
2025-02-04_47_02,523.02124
2025-02-24_23_25,3424.957
2025-02-02_36_27,2011.5122
2025-01-29_36_41,3936.8357
2025-02-26_47_43,1772.3914
2025-02-25_47_06,523.02124
2025-01-13_23_13,1303.1469
2025-01-10_01_02,523.02124
2025-02-21_47_28,3411.736
2025-02-14_45_46,3627.7893
2025-02-24_40_02,523.02124
2025-01-21_19_30,1583.9318
2025-01-23_21_02,523.02124
2025-01-08_21_02,523.02124
2025-01-23_47_06,523.02124
2025-01-28_03_45,523.02124
2025-02-27_33_46,1271.447
2025-01-25_36_11,1809.7976
2025-01-31_48_46,3499.082
2025-01-31_44_45,2022.2539
2025-01-18_46_45,2688.1018
2025-01-07_36_12,2011.9088
2025-02-11_47_10,1303.1469
2025-01-18_34_45,2732.745
2025-02-04_14_30,1605.0533
2025-02-17_36_27,1720.2858
2025-01-27_48_46,2803.486
2025-02-09_02_40,523.02124
2025-02-13_46_48,3359.9692
2025-01-31_46_20,3904.58
2025-01-06_45_28,2187.462
2025-02-19_46_47,1613.814
2025-02-28_28_45,1796.936
2025-01-02_18_46,3468.2263
2025-01-31_45_42,3358.6711
2025-02-20_13_23,1374.3966
2025-01-26_46_48,3036.2078
2025-01-27_19_30,2050.924
2025-02-15_36_11,2900.133
2025-02-12_44_46,1980.3759
2025-02-18_14_30,1653.8353
2025-01-15_45_03,523.02124
2025-02-19_11_36,2435.869
2025-02-09_44_45,2349.396
2025-02-01_21_02,523.02124
2025-02-20_36_27,2586.4146
2025-01-15_36_12,1972.5424
2025-02-11_45_03,523.02124
2025-01-25_02_40,523.02124
2025-01-17_47_45,3020.62
2025-02-27_31_02,523.02124
2025-02-11_30_02,523.02124
2025-01-07_44_45,1521.4178
2025-01-16_21_02,523.02124
2025-01-09_03_47,523.02124
2025-02-01_47_02,523.02124
2025-02-24_45_42,2076.9226
2025-01-13_20_46,2009.8295
2025-01-06_45_42,1728.7415
2025-01-31_36_41,5779.414
2025-02-18_45_09,523.02124
2025-02-07_45_42,2993.4517
2025-02-27_46_26,1796.8776
2025-01-12_47_30,1685.4257
2025-02-11_02_24,523.02124
2025-01-01_43_47,2269.738
2025-02-11_23_13,1460.6881
2025-01-04_47_02,523.02124
2025-02-17_48_46,2848.1829
2025-01-26_36_07,523.02124
2025-01-20_32_19,1694.7347
2025-02-18_15_46,1608.5055
2025-01-05_19_32,1794.9772
2025-01-18_14_30,2009.5712
2025-01-05_33_46,2642.9836
2025-02-22_36_37,5382.4272
2025-02-04_36_41,3865.1426
2025-02-16_45_44,1929.2798
2025-01-12_45_28,4230.335
2025-02-05_02_30,523.02124
2025-01-30_23_13,1291.4929
2025-01-02_36_22,1724.1156
2025-02-26_45_28,2858.1904
2025-02-12_27_36,2009.5712
2025-02-08_04_29,523.02124
2025-01-25_32_19,1600.1849
2025-01-06_02_30,523.02124
2025-01-02_41_36,4438.856
2025-01-30_46_44,2914.1746
2025-01-19_45_09,523.02124
2025-02-27_02_01,523.02124
2025-01-08_03_47,523.02124
2025-01-21_15_46,2796.1665
2025-02-27_13_23,1557.6727
2025-02-28_47_06,523.02124
2025-02-19_32_19,1447.8815
2025-01-09_18_46,1736.4803
2025-01-21_36_41,4205.1855
2025-02-14_01_02,523.02124
2025-01-18_43_47,5197.9883
2025-02-24_46_26,1291.4929
2025-01-21_46_18,1947.4457
2025-01-11_33_46,2415.176
2025-02-02_46_35,1734.5739
2025-01-07_13_23,1467.134
2025-01-10_08_47,523.02124
2025-01-03_02_31,523.02124
2025-01-24_35_46,1787.6978
2025-01-09_47_43,5382.4272
2025-02-07_42_45,2571.45
2025-02-21_45_28,3486.6113
2025-01-21_44_45,2060.13
2025-01-08_47_46,2060.387
2025-02-15_36_37,7223.4844
2025-02-01_42_45,2100.667
2025-01-14_36_22,1586.338
2025-01-30_22_36,1450.8258
2025-01-07_33_46,964.21783
2025-02-18_45_28,2868.873
2025-02-06_47_43,2635.8152
2025-02-15_47_06,523.02124
2025-01-20_28_47,2379.3123
2025-02-20_46_09,523.02124
2025-02-10_42_45,2005.7821
2025-02-02_37_36,3364.4146
2025-02-11_03_47,523.02124
2025-01-18_47_45,2996.9136
2025-01-12_27_36,1482.7905
2025-02-15_44_46,1836.4945
2025-01-17_41_36,3783.2654
2025-02-13_04_29,523.02124
2025-02-05_36_11,2451.8699
2025-01-14_30_02,523.02124
2025-02-19_47_43,2565.2715
2025-01-14_46_44,3509.5469
2025-01-25_11_36,1804.3491
2025-02-25_02_19,523.02124
2025-01-12_40_02,523.02124
2025-02-22_47_08,523.02124
2025-01-27_45_05,523.02124
2025-01-12_25_23,2846.103
2025-02-18_47_03,523.02124
2025-01-03_22_36,1552.6476
2025-01-15_22_36,1495.511
2025-01-09_04_29,523.02124
2025-02-11_02_31,523.02124
2025-02-22_43_47,1633.9772
2025-02-26_45_46,2284.358
2025-01-27_46_20,1563.3937
2025-01-13_46_48,5702.464
2025-01-27_31_02,523.02124
2025-01-05_45_46,2855.7803
2025-01-22_45_09,523.02124
2025-01-07_03_47,523.02124
2025-02-07_48_45,2364.1465
2025-01-01_36_07,523.02124
2025-01-05_42_45,3405.4338
2025-01-17_04_29,523.02124
2025-01-08_28_47,1871.7621
2025-02-07_46_44,3392.8657
2025-01-20_03_45,523.02124
2025-02-12_47_43,2282.1675
2025-02-20_36_07,523.02124
2025-01-30_27_36,1499.7937
2025-01-06_40_02,523.02124
2025-01-15_37_36,1540.403
2025-02-28_19_32,1706.9379
2025-02-04_03_45,523.02124
2025-02-19_01_02,523.02124
2025-02-17_04_29,523.02124
2025-01-14_18_46,2955.1545
2025-01-03_38_36,1220.9276
2025-02-28_09_45,523.02124
2025-02-02_36_37,5490.025
2025-01-21_41_36,2980.1514
2025-01-02_26_46,3106.3682
2025-02-20_38_36,1470.1642
2025-01-01_46_35,2490.1067
2025-02-22_45_28,3282.0962
2025-02-05_45_09,523.02124
2025-01-01_02_14,523.02124
2025-01-25_47_45,2576.1875
2025-02-17_36_22,1534.4786
2025-01-20_15_46,3167.7542
2025-01-06_02_31,523.02124
2025-02-19_02_31,523.02124
2025-01-28_20_46,1992.1614
2025-02-18_48_45,2161.9302
2025-01-24_47_05,523.02124
2025-01-17_45_44,2217.5176
2025-02-03_22_36,1818.1555
2025-01-24_47_30,2266.5818
2025-01-06_46_09,523.02124
2025-01-02_45_28,2156.7185
2025-02-24_02_01,523.02124
2025-01-24_46_47,2009.8295
2025-02-28_44_46,2350.077
2025-01-29_33_46,1355.6144
2025-02-10_12_36,2351.8665
2025-02-14_19_32,1967.7659
2025-02-15_02_31,523.02124
2025-01-30_19_02,523.02124
2025-01-25_13_23,1785.5272
2025-01-11_27_36,1605.4977
2025-01-31_02_24,523.02124
2025-01-21_02_24,523.02124
2025-02-13_47_08,523.02124
2025-02-22_35_46,2060.5837
2025-01-31_02_16,523.02124
2025-01-12_45_34,2913.545
2025-01-27_15_46,1972.5424
2025-01-28_38_36,1395.3696
2025-02-17_01_02,523.02124
2025-02-24_46_33,1581.9596
2025-02-13_44_45,1469.0728
2025-01-09_46_09,523.02124
2025-02-09_36_27,2089.9512
2025-01-05_45_05,523.02124
2025-02-23_46_44,1935.9858
2025-01-12_08_47,523.02124
2025-02-16_09_46,523.02124
2025-01-04_46_47,2112.0703
2025-02-20_25_23,2709.3862
2025-02-01_12_36,1892.5483
2025-01-10_16_02,523.02124
2025-01-27_47_30,1496.7946
2025-01-27_28_47,1901.0653
2025-01-29_28_47,1705.2079
2025-01-19_46_35,2535.6436
2025-01-02_08_47,523.02124
2025-02-04_36_12,1746.57
2025-01-07_25_23,2545.4268
2025-02-03_39_45,2331.2788
2025-01-18_07_36,523.02124
2025-01-31_11_36,1892.5483
2025-02-10_45_09,523.02124
2025-01-22_34_45,2188.402
2025-02-05_02_31,523.02124
2025-01-26_47_06,523.02124
2025-01-13_02_47,523.02124
2025-02-10_43_47,1685.4257
2025-01-07_45_05,523.02124
2025-02-02_46_09,523.02124
2025-01-03_47_02,523.02124
2025-01-27_47_28,2134.0283
2025-01-16_45_28,2989.1355
2025-01-24_45_44,2635.1904
2025-02-05_13_23,1444.6503
2025-02-05_45_44,1542.9514
2025-01-30_36_37,4476.6987
2025-02-24_46_20,2080.5737
2025-02-01_09_46,523.02124
2025-01-13_01_02,523.02124
2025-01-17_23_25,3466.9353
2025-02-20_48_46,2895.4167
2025-02-18_47_46,1515.7416
2025-02-14_45_42,3614.012
2025-01-19_35_46,5702.464
2025-02-23_33_46,1960.8065
2025-02-01_04_29,523.02124
2025-01-20_46_35,2436.8594
2025-01-25_45_09,523.02124
2025-02-10_07_36,523.02124
2025-02-19_47_05,523.02124
2025-01-05_36_41,4518.244
2025-02-04_45_46,2282.1382
2025-01-29_04_29,523.02124
2025-02-12_02_30,523.02124
2025-02-11_05_47,523.02124
2025-02-25_36_37,5493.8516
2025-01-18_32_19,1873.8623
2025-01-26_47_43,1980.3759
2025-02-07_46_35,3295.8464
2025-01-15_04_29,523.02124
2025-01-12_45_05,523.02124
2025-02-27_28_45,1873.8623
2025-02-09_46_18,2855.7803
2025-02-19_36_11,2536.892
2025-01-26_06_47,523.02124
2025-01-25_27_36,1854.6305
2025-01-26_19_02,523.02124
2025-02-06_15_46,1826.378
2025-01-25_46_09,523.02124
2025-01-26_43_47,1985.4902
2025-01-20_27_36,1776.2357
2025-01-06_44_45,1815.9702
2025-01-14_36_37,1633.7256
2025-01-08_33_46,1281.2361
2025-01-02_39_45,2722.2825
2025-01-05_46_47,2325.731
2025-01-04_34_45,4518.244
2025-02-02_47_46,2546.202
2025-01-14_47_10,2365.3682
2025-01-16_41_36,3530.1963
2025-01-20_47_02,523.02124
2025-01-29_02_24,523.02124
2025-01-29_08_47,523.02124
2025-01-09_01_02,523.02124
2025-02-13_36_37,7223.4844
2025-01-07_28_45,1886.3391
2025-01-04_36_11,1815.9615
2025-02-21_47_45,3036.4966
2025-02-24_33_46,1274.2828
2025-02-05_36_07,523.02124
2025-02-23_45_44,1921.4402
2025-02-25_46_33,1840.3666
2025-01-06_46_48,3182.0757
2025-01-13_47_03,523.02124
2025-02-24_14_30,1770.1235
2025-02-24_06_47,523.02124
2025-02-01_45_46,3260.595
2025-02-28_46_09,523.02124
2025-01-01_09_46,523.02124
2025-02-20_36_11,3048.1812
2025-02-06_46_26,1514.3556
2025-02-17_02_21,523.02124
2025-02-20_06_47,523.02124
2025-02-25_46_48,5779.414
2025-01-06_32_19,1631.8997
2025-01-27_18_46,1786.4728
2025-02-25_47_45,2760.766
2025-02-06_28_45,1989.3641
2025-01-12_39_45,2300.667
2025-01-26_47_10,1361.9069
2025-02-11_45_28,2274.2615
2025-02-13_40_02,523.02124
2025-02-24_46_35,1901.7079
2025-02-19_46_18,1997.2191
2025-02-09_45_48,2343.0913
2025-01-01_02_40,523.02124
2025-02-23_46_18,1980.3759
2025-01-16_46_15,2373.4705
2025-02-16_46_20,1879.482
2025-02-22_40_02,523.02124
2025-02-02_02_21,523.02124
2025-01-23_45_39,2837.8105
2025-02-26_19_30,1987.838
2025-01-18_46_09,523.02124
2025-02-13_46_44,2199.7405
2025-01-16_23_13,1537.2064
2025-02-15_28_47,2212.6133
2025-02-02_48_46,5074.8394
2025-01-07_47_45,3769.4019
2025-01-02_11_36,1666.2804
2025-02-01_45_28,2770.5647
2025-01-26_15_46,2794.8242
2025-02-22_20_46,1818.1555
2025-01-03_27_36,1512.0686
2025-01-18_40_02,523.02124
2025-01-23_47_28,3438.348
2025-01-01_45_28,2959.005
2025-01-22_45_46,2332.9363
2025-01-06_35_46,2104.5176
2025-02-03_30_02,523.02124
2025-01-18_47_10,1616.5889
2025-01-29_45_48,2881.41
2025-02-15_02_01,523.02124
2025-01-23_45_03,523.02124
2025-02-09_03_47,523.02124
2025-02-15_34_45,2508.0415
2025-02-25_44_46,1568.9562
2025-02-07_45_46,3838.544
2025-02-15_47_03,523.02124
2025-02-09_47_10,1202.2361
2025-02-15_46_47,2174.1638
2025-01-02_02_31,523.02124
2025-02-03_45_34,1735.1359
2025-01-17_02_16,523.02124
2025-02-03_33_46,2088.3884
2025-01-06_33_46,1213.0101
2025-01-10_13_23,1886.3391
2025-01-29_23_25,2847.1245
2025-01-03_45_47,2757.439
2025-02-03_04_29,523.02124
2025-02-23_46_15,1681.8965
2025-02-19_36_12,1990.5698
2025-02-13_02_24,523.02124
2025-02-20_07_36,523.02124
2025-02-16_42_45,2989.214
2025-01-03_45_39,3005.6125
2025-01-11_46_45,2986.2039
2025-01-22_46_26,1532.0712
2025-01-09_09_46,523.02124
2025-02-05_26_46,1469.8514
2025-02-05_02_40,523.02124
2025-01-22_47_28,1991.5167
2025-01-06_45_05,523.02124
2025-02-12_36_11,2464.8196
2025-01-19_46_20,2878.2239
2025-02-26_45_09,523.02124
2025-02-26_08_47,523.02124
2025-01-18_02_21,523.02124
2025-01-17_45_05,523.02124
2025-02-14_47_03,523.02124
2025-01-19_45_46,3705.347
2025-01-16_47_10,1605.4977
2025-01-14_19_02,523.02124
2025-01-30_02_19,523.02124
2025-01-26_03_45,523.02124
2025-01-07_28_47,1712.3542
2025-01-05_46_33,1608.5055
2025-01-11_25_23,3133.504
2025-01-29_31_02,523.02124
2025-01-07_26_46,1271.9669
2025-01-24_46_15,2793.476
2025-02-04_02_31,523.02124
2025-02-21_46_18,3043.1973
2025-01-24_19_02,523.02124
2025-01-17_44_46,3757.7324
2025-01-03_07_36,523.02124
2025-01-17_47_06,523.02124
2025-02-18_06_47,523.02124
2025-02-22_27_36,1697.1493
2025-01-30_46_33,2350.077
2025-01-22_46_35,1787.6978
2025-02-14_02_14,523.02124
2025-01-19_25_23,2916.7693
2025-01-12_02_47,523.02124
2025-01-17_47_08,523.02124
2025-02-25_34_45,2273.885
2025-01-20_46_09,523.02124
2025-01-19_23_25,3400.4185
2025-01-15_30_14,1682.7859
2025-02-05_45_46,2199.7405
2025-02-20_45_48,3135.8982
2025-01-22_45_42,2072.171
2025-01-28_36_22,1586.338
2025-02-03_12_36,2279.8477
2025-01-27_45_48,2100.667
2025-01-02_20_46,3389.4526
2025-02-11_16_02,523.02124
2025-01-29_11_36,1748.4093
2025-02-14_45_48,3580.36
2025-01-21_19_32,1693.8429
2025-02-20_19_02,523.02124
2025-01-07_02_16,523.02124
2025-01-20_44_46,3658.5833
2025-01-16_37_36,994.5999
2025-02-13_41_36,3030.8892
2025-02-08_47_06,523.02124
2025-01-28_12_36,2428.6597
2025-02-23_30_02,523.02124
2025-02-18_45_03,523.02124
2025-02-03_23_13,1361.1384
2025-02-02_27_36,1835.1605
2025-01-17_02_30,523.02124
2025-01-05_02_19,523.02124
2025-01-04_45_03,523.02124
2025-01-29_47_03,523.02124
2025-01-18_46_35,1985.4902
2025-01-29_14_30,1616.5889
2025-02-28_46_44,3877.4412
2025-02-21_13_23,2104.9937
2025-02-23_46_48,3917.5234
2025-01-15_26_46,2431.7305
2025-01-02_46_45,3265.627
2025-02-08_22_36,1972.5424
2025-01-17_13_23,1665.6216
2025-01-14_47_28,2816.6736
2025-02-03_45_42,1874.9496
2025-02-09_23_13,1447.8815
2025-01-30_09_46,523.02124
2025-01-18_45_05,523.02124
2025-02-15_25_23,3290.965
2025-02-16_26_46,2003.2059
2025-01-26_28_47,2658.997
2025-02-21_45_42,3464.3413
2025-01-24_48_46,3408.8809
2025-01-15_30_02,523.02124
2025-02-14_41_36,3364.4146
2025-01-30_47_43,2191.2114
2025-01-12_34_45,3424.957
2025-02-17_47_30,1592.2773
2025-01-22_46_48,2424.161
2025-02-23_32_19,1899.2892
2025-01-05_48_45,3408.8809
2025-01-30_44_46,1815.9615
2025-01-12_19_02,523.02124
2025-02-08_33_46,1531.0421
2025-01-16_05_47,523.02124
2025-02-09_42_45,2722.2825
2025-01-14_47_08,523.02124
2025-01-29_36_37,2884.099
2025-02-21_42_45,2084.087
2025-01-11_02_47,523.02124
2025-02-06_39_45,1714.3823
2025-02-17_03_45,523.02124
2025-01-31_43_47,1772.3914
2025-01-13_47_02,523.02124
2025-02-14_06_47,523.02124
2025-01-19_45_28,2646.7083
2025-01-14_47_43,3144.3127
2025-02-14_02_16,523.02124
2025-01-08_45_28,4475.1084
2025-02-14_28_45,2050.3643
2025-02-27_32_19,1388.3727
2025-02-07_19_02,523.02124
2025-02-07_26_46,2212.6133
2025-02-28_02_16,523.02124
2025-01-01_12_36,2747.0034
2025-02-24_19_02,523.02124
2025-02-15_46_45,3946.937
2025-01-30_36_41,4294.577
2025-01-10_46_47,3808.3857
2025-01-15_02_14,523.02124
2025-01-24_48_45,2215.0593
2025-02-09_02_21,523.02124
2025-01-18_30_14,2736.6501
2025-02-11_44_46,2439.054
2025-01-20_26_46,2878.2239
2025-01-16_30_14,1666.2804
2025-02-14_48_46,3124.883
2025-01-29_05_47,523.02124
2025-02-24_39_45,2072.5864
2025-01-13_45_34,2554.8157
2025-02-21_36_12,2589.2605
2025-01-27_30_14,1461.3596
2025-02-11_47_03,523.02124
2025-02-28_01_02,523.02124
2025-01-10_48_46,4938.636
2025-02-28_26_46,2072.171
2025-02-04_16_02,523.02124
2025-02-26_02_14,523.02124
2025-01-06_45_46,2678.061
2025-02-12_03_45,523.02124
2025-02-08_02_24,523.02124
2025-01-18_02_01,523.02124
2025-01-16_27_36,1550.195
2025-01-26_33_46,2765.5256
2025-01-15_47_43,2804.1912
2025-02-18_47_45,2332.9363
2025-01-08_36_41,5666.9355
2025-01-31_21_02,523.02124
2025-01-07_47_28,2935.6401
2025-02-06_43_47,1990.5698
2025-02-03_46_20,1744.5677
2025-01-18_02_16,523.02124
2025-01-15_46_35,2851.6306
2025-01-31_16_02,523.02124
2025-02-13_45_28,3899.9385
2025-02-09_30_14,1595.5443
2025-01-06_47_03,523.02124
2025-01-16_11_36,1566.842
2025-02-03_28_47,1729.0106
2025-01-06_26_46,1427.9678
2025-02-11_47_05,523.02124
2025-02-02_46_18,2881.41
2025-01-15_28_45,3819.953
2025-01-04_36_37,1274.2828
2025-01-28_02_47,523.02124
2025-01-22_45_28,2300.9292
2025-02-08_46_09,523.02124
2025-01-13_47_28,3600.6865
2025-01-01_05_47,523.02124
2025-01-11_02_19,523.02124
2025-01-28_04_29,523.02124
2025-02-21_06_47,523.02124
2025-02-05_45_39,2014.1786
2025-01-28_36_41,4500.7397
2025-01-11_45_42,2809.2334
2025-02-10_02_21,523.02124
2025-02-01_03_45,523.02124
2025-02-07_47_46,2373.4705
2025-01-21_20_46,2285.3435
2025-02-04_45_03,523.02124
2025-01-22_02_40,523.02124
2025-01-26_02_40,523.02124
2025-01-14_15_46,3488.1838
2025-01-22_02_14,523.02124
2025-02-03_46_35,1736.4803
2025-02-25_28_47,1669.1749
2025-01-16_45_39,2651.4348
2025-02-18_13_23,1645.9015
2025-01-15_36_37,1724.1156
2025-01-16_34_45,1951.4398
2025-01-23_45_09,523.02124
2025-02-24_15_46,1620.6786
2025-02-26_02_01,523.02124
2025-02-28_47_28,2828.946
2025-02-15_45_03,523.02124
2025-02-14_47_10,1601.472
2025-02-26_28_45,2250.4236
2025-01-17_03_47,523.02124
2025-02-03_17_23,1954.4208
2025-02-15_45_42,2751.9597
2025-01-27_47_10,964.21783
2025-01-28_46_48,1994.7504
2025-02-06_48_46,3870.0942
2025-01-28_40_02,523.02124
2025-02-22_32_19,1821.4393
2025-02-01_15_46,2579.668
2025-02-09_46_15,2872.7693
2025-02-09_40_02,523.02124
2025-02-13_45_48,2855.0972
2025-02-13_13_23,1635.7926
2025-01-12_09_46,523.02124
2025-02-14_36_41,4793.8423
2025-02-08_16_02,523.02124
2025-02-25_45_42,2196.112
2025-02-15_19_02,523.02124
2025-01-23_30_14,2009.5712
2025-02-07_46_48,3603.634
2025-01-28_02_31,523.02124
2025-01-18_01_02,523.02124
2025-02-08_45_48,3362.567
2025-02-02_45_03,523.02124
2025-02-23_47_28,2217.5176
2025-01-12_36_41,5074.8394
2025-02-15_02_40,523.02124
2025-01-10_36_22,1685.4257
2025-02-07_02_40,523.02124
2025-01-23_28_47,2047.9039
2025-02-15_47_46,1795.1351
2025-01-12_07_36,523.02124
2025-01-10_36_37,2604.7183
2025-01-31_34_45,2695.0056
2025-01-04_45_28,2804.9688
2025-02-05_45_05,523.02124
2025-01-12_45_44,2518.4204
2025-01-30_01_02,523.02124
2025-02-16_37_36,5004.3877
2025-02-22_47_43,2280.2825
2025-01-31_46_44,3801.164
2025-02-16_01_02,523.02124
2025-01-04_28_47,1616.5889
2025-01-14_46_09,523.02124
2025-02-28_08_47,523.02124
2025-01-12_46_35,4474.087
2025-01-05_05_47,523.02124
2025-02-15_02_21,523.02124
2025-02-10_44_45,2947.4746
2025-02-06_45_46,3530.6582
2025-02-22_45_39,2803.486
2025-01-29_32_19,1434.1453
2025-02-14_45_47,3801.164
2025-02-21_30_02,523.02124
2025-02-24_36_37,7223.4844
2025-02-21_28_45,1718.4098
2025-01-10_31_02,523.02124
2025-02-20_09_46,523.02124
2025-02-01_28_47,1823.4128
2025-01-20_46_26,1514.3556
2025-01-18_27_36,1726.5979
2025-02-15_36_22,1875.4519
2025-02-12_46_44,1744.0665
2025-02-24_09_46,523.02124
2025-01-20_38_36,1633.7256
2025-01-28_46_47,1361.9069
2025-01-19_47_28,2228.9514
2025-01-06_13_23,1957.8851
2025-01-31_32_19,1561.5114
2025-01-01_47_08,523.02124
2025-02-24_47_30,1508.6271
2025-02-16_45_47,2949.0972
2025-01-16_45_05,523.02124
2025-01-05_30_02,523.02124
2025-01-17_08_47,523.02124
2025-01-16_36_07,523.02124
2025-01-19_09_46,523.02124
2025-01-15_42_45,1815.9615
2025-02-03_47_30,1586.338
2025-02-14_26_46,1949.7076
2025-01-17_46_48,3914.7224
2025-02-11_17_23,1385.9392
2025-01-09_17_23,1099.3915
2025-01-04_05_45,523.02124
2025-02-08_45_39,2704.6213
2025-01-09_02_21,523.02124
2025-02-11_31_02,523.02124
2025-02-24_38_36,1857.1406
2025-01-18_46_44,3053.9163
2025-02-02_36_12,2120.4736
2025-01-05_23_25,3372.969
2025-01-21_02_31,523.02124
2025-01-24_25_23,2920.6316
2025-02-06_12_36,1644.4546
2025-01-21_13_23,1568.9562
2025-02-28_45_28,3701.9436
2025-01-02_42_45,2699.7314
2025-02-13_02_47,523.02124
2025-01-21_45_34,2002.1433
2025-01-31_38_36,1412.3988
2025-01-27_23_25,3011.429
2025-02-01_18_46,3258.0369
2025-01-04_04_29,523.02124
2025-02-24_34_45,2469.4688
2025-02-12_34_45,1657.8575
2025-02-22_30_02,523.02124
2025-02-12_36_22,1709.3754
2025-01-28_46_26,1557.198
2025-01-07_12_36,1668.4249
2025-01-25_36_27,2455.2568
2025-01-30_45_28,3212.4226
2025-01-25_45_05,523.02124
2025-02-01_27_36,1519.9492
2025-01-13_47_08,523.02124
2025-02-20_46_45,3420.9668
2025-01-13_08_47,523.02124
2025-02-21_03_47,523.02124
2025-02-28_45_09,523.02124
2025-02-08_46_26,3157.1995
2025-02-17_44_46,2134.0283
2025-02-11_46_48,2847.715
2025-01-11_40_02,523.02124
2025-02-12_44_45,1771.0481
2025-02-20_14_30,1624.6072
2025-02-11_15_46,2850.2986
2025-01-08_15_46,1665.6779
2025-01-19_48_45,3841.8398
2025-01-11_08_47,523.02124
2025-01-28_47_30,1566.842
2025-01-13_40_02,523.02124
2025-02-24_22_36,1569.0471
2025-02-08_06_47,523.02124
2025-01-31_47_45,2857.118
2025-01-13_12_36,1668.4249
2025-01-29_09_46,523.02124
2025-01-16_02_19,523.02124
2025-01-07_46_33,1598.187
2025-01-18_19_32,2067.3784
2025-02-25_46_20,3778.6858
2025-02-28_47_02,523.02124
2025-01-09_47_45,3420.7537
2025-02-26_13_23,1601.6996
2025-02-25_36_12,1763.1256
2025-02-19_35_46,1645.9015
2025-02-25_40_02,523.02124
2025-02-04_40_02,523.02124
2025-01-27_20_46,1949.7076
2025-02-19_30_02,523.02124
2025-02-10_13_23,1668.4249
2025-01-28_31_02,523.02124
2025-02-19_45_34,2079.912
2025-02-15_05_47,523.02124
2025-01-18_11_36,2050.3643
2025-02-15_33_46,1413.2365
2025-02-26_06_47,523.02124
2025-01-30_47_30,2093.0984
2025-01-23_47_46,1901.0653
2025-01-23_17_23,1361.9069
2025-01-25_33_46,1447.8815
2025-01-06_48_45,3108.3784
2025-02-08_23_25,3265.4224
2025-02-25_05_45,523.02124
2025-01-20_03_47,523.02124
2025-01-19_13_23,2319.9329
2025-02-07_46_45,3654.8926
2025-02-10_06_47,523.02124
2025-01-23_25_23,2917.0444
2025-01-19_34_45,3340.0042
2025-01-25_46_15,2486.8608
2025-02-23_47_05,523.02124
2025-02-20_20_46,1697.734
2025-01-11_02_31,523.02124
2025-01-10_27_36,1710.0697
2025-01-09_45_47,4475.1084
2025-01-18_47_28,2275.3823
2025-02-16_36_11,2922.0947
2025-01-25_47_03,523.02124
2025-01-15_02_24,523.02124
2025-01-09_41_36,3428.9963
2025-02-19_47_30,1628.2148
2025-02-10_02_31,523.02124
2025-02-10_40_02,523.02124
2025-02-10_11_36,2137.477
2025-01-23_36_07,523.02124
2025-01-22_40_02,523.02124
2025-02-15_48_46,3691.392
2025-01-13_48_46,3331.7593
2025-01-09_36_27,1508.6184
2025-02-16_46_35,2358.0068
2025-02-17_03_47,523.02124
2025-01-20_48_46,4324.2344
2025-01-04_45_47,3007.1035
2025-02-22_03_47,523.02124
2025-02-19_30_14,2120.4736
2025-01-16_09_45,523.02124
2025-01-16_22_36,1369.7848
2025-01-19_02_47,523.02124
2025-01-14_46_48,5478.1655
2025-02-03_43_47,1566.842
2025-01-22_23_25,5666.9355
2025-01-26_46_18,2009.5712
2025-02-13_39_45,1876.4506
2025-02-01_33_46,2091.9429
2025-01-23_02_16,523.02124
2025-01-28_44_46,1566.842
2025-01-12_46_18,3839.4238
2025-01-25_02_21,523.02124
2025-01-08_47_28,3423.524
2025-02-02_02_31,523.02124
2025-01-15_47_10,1792.6577
2025-02-04_44_45,1725.6442
2025-02-15_36_07,523.02124
2025-02-15_16_02,523.02124
2025-02-13_12_36,1689.5918
2025-01-13_19_32,1633.0474
2025-01-15_48_45,3844.6467
2025-02-18_02_40,523.02124
2025-01-21_27_36,1473.0995
2025-01-31_47_28,3673.719
2025-02-07_23_25,3701.9436
2025-01-20_14_30,1553.2699
2025-01-24_02_31,523.02124
2025-01-12_02_19,523.02124
2025-02-14_46_35,3184.564
2025-01-29_47_05,523.02124
2025-01-14_14_30,1419.9274
2025-01-18_48_46,5504.8267
2025-02-07_19_32,1707.5967
2025-01-19_19_30,2345.2747
2025-01-11_19_02,523.02124
2025-02-14_48_45,1874.1132
2025-01-17_47_05,523.02124
2025-01-25_41_36,3308.7231
2025-01-22_07_36,523.02124
2025-01-06_46_26,1374.3966
2025-02-10_19_32,1434.1453
2025-02-11_36_11,2776.425
2025-02-22_23_25,3660.816
2025-01-02_09_45,523.02124
2025-02-13_30_14,2185.4521
2025-01-15_02_31,523.02124
2025-02-02_46_26,3062.751
2025-02-05_17_23,1305.0999
2025-02-05_34_45,1611.0352
2025-02-02_36_11,1980.3759
2025-02-03_05_45,523.02124
2025-01-21_36_37,1508.6184
2025-01-29_41_36,3053.9314
2025-02-05_27_36,1721.1448
2025-01-09_02_30,523.02124
2025-02-08_36_11,2397.437
2025-02-16_38_36,2673.5242
2025-01-14_46_35,4226.557
2025-01-01_45_09,523.02124
2025-01-24_36_27,2441.8955
2025-01-09_40_02,523.02124
2025-01-01_30_14,2152.435
2025-02-01_36_22,1787.1421
2025-02-19_02_40,523.02124
2025-01-02_03_47,523.02124
2025-02-27_47_05,523.02124
2025-02-15_02_47,523.02124
2025-01-22_36_27,1821.4393
2025-02-20_37_36,3005.8213
2025-02-18_02_01,523.02124
2025-02-14_46_15,3288.9243
2025-01-16_02_14,523.02124
2025-02-19_02_01,523.02124
2025-02-21_07_36,523.02124
2025-01-16_46_33,1908.4515
2025-01-12_30_14,1566.842
2025-01-31_47_46,3046.293
2025-01-27_46_44,1635.1619
2025-02-21_26_46,1685.508
2025-02-22_48_46,3951.667
2025-02-16_36_12,1901.7079
2025-02-23_21_02,523.02124
2025-02-26_48_45,2552.985
2025-01-04_17_23,1740.5903
2025-02-28_21_02,523.02124
2025-01-21_36_12,1633.2808
2025-01-27_34_45,2530.6003
2025-01-02_46_20,2009.5712
2025-01-21_47_08,523.02124
2025-01-30_47_28,3049.3604
2025-01-26_46_33,1608.5055
2025-02-08_02_47,523.02124
2025-02-12_47_05,523.02124
2025-02-15_45_46,2760.766
2025-01-28_30_14,1595.5443
2025-01-06_09_45,523.02124
2025-01-03_47_03,523.02124
2025-02-24_31_02,523.02124
2025-02-15_15_46,1997.2191
2025-02-19_47_46,1579.2507
2025-01-25_04_29,523.02124
2025-02-01_46_33,2173.8376
2025-01-08_46_33,2597.6174
2025-01-24_33_46,1537.2064
2025-01-12_12_36,2145.7979
2025-01-03_02_14,523.02124
2025-01-19_02_01,523.02124
2025-01-16_47_45,4251.08
2025-01-01_45_47,3347.8928
2025-02-13_22_36,1789.7627
2025-01-01_28_45,2856.013
2025-01-08_19_30,1929.3416
2025-01-27_33_46,1385.4486
2025-01-02_02_40,523.02124
2025-02-22_21_02,523.02124
2025-02-19_06_47,523.02124
2025-01-02_47_10,1576.2354
2025-02-24_46_48,3838.544
2025-01-31_02_21,523.02124
2025-02-23_47_43,1943.7946
2025-02-22_02_31,523.02124
2025-01-14_45_28,3164.4727
2025-02-18_46_09,523.02124
2025-01-18_02_40,523.02124
2025-02-22_46_33,1533.6232
2025-01-01_30_02,523.02124
2025-02-15_26_46,2247.4583
2025-02-03_36_37,4041.4778
2025-02-08_46_15,3608.846
2025-01-17_45_46,3605.7524
2025-01-11_05_45,523.02124
2025-01-29_07_36,523.02124
2025-01-10_06_47,523.02124
2025-02-25_45_28,2974.1467
2025-01-19_47_10,1787.6978
2025-01-20_46_33,1501.1403
2025-01-23_05_45,523.02124
2025-02-12_02_16,523.02124
2025-01-14_12_36,1761.5215
2025-02-23_26_46,2059.8044
2025-02-05_46_48,3833.4302
2025-01-28_17_23,1227.7604
2025-02-24_02_16,523.02124
2025-01-09_45_34,3165.0586
2025-01-17_02_24,523.02124
2025-01-24_02_14,523.02124
2025-02-11_04_29,523.02124
2025-02-28_45_48,4040.7473
2025-02-06_36_07,523.02124
2025-02-25_11_36,2049.5623
2025-01-01_32_19,1514.929
2025-02-14_46_47,2922.0947
2025-01-04_21_02,523.02124
2025-02-18_36_41,3908.1455
2025-02-28_02_40,523.02124
2025-01-18_36_27,1900.5223
2025-01-13_14_30,1579.2507
2025-01-08_17_23,1308.926
2025-02-21_25_23,2990.6235
2025-01-27_02_30,523.02124
2025-01-22_47_06,523.02124
2025-01-21_45_42,1720.2341
2025-02-26_23_13,1347.3662
2025-02-13_02_16,523.02124
2025-02-09_25_23,2809.7903
2025-01-10_44_45,2188.402
2025-02-02_47_03,523.02124
2025-02-02_47_08,523.02124
2025-01-24_47_03,523.02124
2025-01-03_20_46,2632.3494
2025-02-20_04_29,523.02124
2025-01-14_02_01,523.02124
2025-01-11_47_05,523.02124
2025-02-07_46_15,3379.0005
2025-02-13_47_06,523.02124
2025-01-16_36_11,2428.6597
2025-01-01_46_09,523.02124
2025-02-26_46_26,1369.6759
2025-01-03_21_02,523.02124
2025-01-15_18_46,4286.208
2025-02-19_47_45,3614.8713
2025-01-03_37_36,1099.3915
2025-02-05_46_45,2330.963
2025-01-23_16_02,523.02124
2025-01-29_46_33,1588.084
2025-01-04_08_47,523.02124
2025-01-13_37_36,974.5176
2025-02-01_16_02,523.02124
2025-01-02_36_37,1099.3915
2025-02-02_46_47,2349.7695
2025-02-09_47_43,2427.644
2025-02-22_02_24,523.02124
2025-01-27_03_47,523.02124
2025-02-05_47_08,523.02124
2025-01-11_47_45,4039.9534
2025-01-23_02_01,523.02124
2025-02-16_47_30,2072.171
2025-01-14_47_30,1579.2507
2025-01-14_45_09,523.02124
2025-01-20_47_30,1602.1011
2025-01-26_42_45,2563.801
2025-01-09_02_31,523.02124
2025-02-26_38_36,2263.656
2025-01-04_46_48,3317.11
2025-01-10_03_45,523.02124
2025-01-28_07_36,523.02124
2025-02-07_36_37,7223.4844
2025-01-14_45_47,2873.396
2025-01-15_02_21,523.02124
2025-02-14_32_19,1663.5333
2025-01-15_45_28,2943.5679
2025-01-08_46_20,3443.218
2025-01-15_47_03,523.02124
2025-02-07_30_14,3022.7817
2025-02-10_02_30,523.02124
2025-01-12_36_27,1702.329
2025-01-10_46_09,523.02124
2025-01-25_46_35,2071.3696
2025-02-05_46_44,2026.0948
2025-01-23_12_36,1871.9688
2025-01-01_02_01,523.02124
2025-01-16_45_03,523.02124
2025-01-15_46_20,2636.099
2025-01-21_02_47,523.02124
2025-02-23_45_34,2448.1096
2025-02-24_02_31,523.02124
2025-01-27_47_45,3128.7725
2025-02-22_45_03,523.02124
2025-01-18_02_31,523.02124
2025-02-12_45_28,2589.2605
2025-02-15_17_23,1500.5629
2025-02-01_19_32,1679.2733
2025-01-22_47_02,523.02124
2025-01-10_47_43,7223.4844
2025-02-27_45_05,523.02124
2025-02-01_45_34,2171.3018
2025-01-18_46_33,2350.077
2025-02-11_47_45,2370.419
2025-01-05_02_40,523.02124
2025-01-09_02_16,523.02124
2025-01-11_42_45,2330.963
2025-02-23_02_40,523.02124
2025-01-28_32_19,1274.2828
2025-01-09_36_41,5197.9883
2025-02-04_20_46,1795.1351
2025-01-03_46_33,1668.4249
2025-02-06_06_47,523.02124
2025-01-25_44_45,1683.8616
2025-02-09_45_05,523.02124
2025-01-03_03_45,523.02124
2025-02-17_23_25,3420.6125
2025-01-06_46_44,1672.2839
2025-01-21_28_45,2300.9292
2025-01-20_45_34,1874.9496
2025-01-06_20_46,2364.1465
2025-01-03_36_41,5079.473
2025-01-23_41_36,3553.4565
2025-01-06_05_47,523.02124
2025-02-03_47_45,3424.7659
2025-01-28_36_12,1755.3174
2025-02-10_19_02,523.02124
2025-02-06_11_36,1841.1708
2025-01-26_46_20,1840.3666
2025-02-20_47_10,1576.474
2025-01-06_19_32,1388.3727
2025-01-15_41_36,3450.2502
2025-01-04_16_02,523.02124
2025-01-03_33_46,1771.04
2025-02-17_02_30,523.02124
2025-01-17_12_36,1852.6294
2025-01-10_19_30,1878.6077
2025-02-01_02_40,523.02124
2025-01-22_36_11,1663.5333
2025-01-18_04_29,523.02124
2025-01-01_45_34,3140.9392
2025-01-04_47_03,523.02124
2025-01-14_30_14,1688.6041
2025-02-26_02_30,523.02124
2025-02-07_33_46,1364.8246
2025-01-07_48_45,1921.5052
2025-01-31_25_23,3434.1292
2025-01-08_34_45,2976.2122
2025-02-14_39_45,1904.7743
2025-01-21_47_43,1985.4902
2025-02-20_23_13,1328.0505
2025-02-08_32_19,1361.9069
2025-01-23_23_25,4158.306
2025-02-09_46_35,2436.8594
2025-02-08_45_44,2692.0293
2025-02-11_45_44,1656.9926
2025-01-03_17_23,1450.8258
2025-01-11_23_13,1606.663
2025-01-19_40_02,523.02124
2025-02-02_28_47,2401.9636
2025-02-12_46_47,1594.3851
2025-01-11_47_43,7223.4844
2025-02-06_45_09,523.02124
2025-02-04_03_47,523.02124
2025-02-17_45_42,1629.3771
2025-02-10_47_02,523.02124
2025-01-20_48_45,3607.4192
2025-01-28_45_46,1993.3099
2025-02-05_32_19,1468.5376
2025-01-10_43_47,3633.8914
2025-01-09_47_08,523.02124
2025-01-02_47_05,523.02124
2025-01-10_33_46,1630.7788
2025-01-11_36_37,2893.8066
2025-02-02_47_28,2024.1176
2025-02-05_47_30,2009.5712
2025-01-02_45_44,1562.063
2025-02-27_35_46,1776.4325
2025-01-16_47_03,523.02124
2025-02-15_02_30,523.02124
2025-01-29_21_02,523.02124
2025-01-23_36_41,5079.473
2025-01-03_45_42,2403.4048
2025-01-19_45_47,3154.4543
2025-02-12_02_40,523.02124
2025-02-14_33_46,1494.0453
2025-02-18_02_16,523.02124
2025-02-15_09_45,523.02124
2025-01-08_05_45,523.02124
2025-01-25_02_31,523.02124
2025-02-14_45_34,3712.8792
2025-01-02_46_15,2531.8262
2025-01-17_48_46,4794.079
2025-01-14_41_36,4090.937
2025-02-08_47_28,2574.692
2025-01-09_45_44,3420.7537
2025-01-21_07_36,523.02124
2025-02-17_46_15,1886.3391
2025-01-10_18_46,2441.8955
2025-01-23_38_36,1361.9069
2025-02-18_02_31,523.02124
2025-01-29_36_07,523.02124
2025-02-05_12_36,1906.6862
2025-01-08_46_15,3496.1877
2025-01-21_36_22,1510.842
2025-01-30_02_47,523.02124
2025-01-10_46_26,3757.7324
2025-02-13_03_45,523.02124
2025-01-27_30_02,523.02124
2025-01-05_46_09,523.02124
2025-01-11_45_34,3290.5227
2025-02-01_47_45,3347.8352
2025-02-08_19_02,523.02124
2025-01-08_46_48,4070.6416
2025-01-15_47_06,523.02124
2025-01-14_17_23,1271.447
2025-02-07_30_02,523.02124
2025-02-03_44_45,2769.056
2025-01-14_16_02,523.02124
2025-01-06_44_46,2370.419
2025-02-02_46_33,1792.1024
2025-01-23_45_34,2785.456
2025-02-04_02_01,523.02124
2025-02-19_12_36,2190.209
2025-02-08_31_02,523.02124
2025-01-31_01_02,523.02124
2025-02-20_23_25,3852.2598
2025-02-06_02_01,523.02124
2025-02-15_45_44,1847.285
2025-02-14_07_36,523.02124
2025-02-09_47_08,523.02124
2025-02-25_45_05,523.02124
2025-02-02_03_45,523.02124
2025-01-19_22_36,1712.3542
2025-01-09_02_19,523.02124
2025-02-28_46_33,2662.0376
2025-02-28_28_47,1791.0496
2025-02-21_36_22,1776.2357
2025-02-25_02_16,523.02124
2025-01-13_45_05,523.02124
2025-02-28_25_23,3009.7537
2025-02-26_26_46,1633.3284
2025-01-05_37_36,1183.9716
2025-01-27_45_39,1899.2892
2025-01-05_06_47,523.02124
2025-02-20_30_14,2769.0808
2025-01-22_45_44,1476.7288
2025-01-27_14_30,1812.302
2025-01-21_08_47,523.02124
2025-02-28_14_30,2325.731
2025-02-24_45_34,2304.8098
2025-02-05_08_47,523.02124
2025-01-20_45_05,523.02124
2025-01-26_30_14,1727.558
2025-01-30_02_01,523.02124
2025-02-19_47_06,523.02124
2025-01-07_05_45,523.02124
2025-02-21_33_46,1413.2365
2025-01-10_36_41,5382.4272
2025-01-01_46_44,2636.099
2025-01-11_45_09,523.02124
2025-01-10_38_36,1513.4062
2025-01-26_23_13,1717.6995
2025-01-28_18_46,1586.338
2025-02-15_22_36,2228.9514
2025-01-19_15_46,4851.3335
2025-01-29_42_45,1657.4778
2025-02-10_35_46,2667.745
2025-01-13_45_09,523.02124
2025-01-17_38_36,1277.3265
2025-02-11_36_07,523.02124
2025-02-10_45_28,2826.458
2025-01-19_47_05,523.02124
2025-02-02_15_46,2882.2441
2025-02-10_36_37,5382.4272
2025-02-07_40_02,523.02124
2025-02-23_02_24,523.02124
2025-01-29_02_40,523.02124
2025-02-13_45_44,1765.7911
2025-01-09_23_13,1470.1642
2025-02-18_46_35,1736.4803
2025-01-01_31_02,523.02124
2025-01-16_02_47,523.02124
2025-01-06_02_16,523.02124
2025-02-19_44_46,1620.6786
2025-02-23_20_46,2469.8066
2025-02-21_12_36,2427.644
2025-02-19_48_46,3329.361
2025-02-13_36_11,2423.6533
2025-01-14_01_02,523.02124
2025-01-06_02_21,523.02124
2025-01-05_28_47,3027.9346
2025-02-08_47_03,523.02124
2025-01-16_48_46,5593.3716
2025-01-31_36_11,2826.458
2025-01-09_27_36,1468.5376
2025-02-07_32_19,1595.5443
2025-02-09_31_02,523.02124
2025-02-07_46_20,2886.368
2025-02-07_44_45,1769.969
2025-01-19_07_36,523.02124
2025-01-10_05_47,523.02124
2025-01-08_23_13,692.3149
2025-01-02_02_30,523.02124
2025-02-26_36_27,2152.7139
2025-01-29_46_26,1377.3143
2025-01-07_47_03,523.02124
2025-02-12_43_47,1600.1849
2025-01-17_46_15,3036.4966
2025-02-14_09_45,523.02124
2025-01-12_43_47,1895.9061
2025-02-25_47_28,3013.3245
2025-01-01_44_46,4070.6416
2025-02-23_36_41,4211.9287
2025-01-27_45_46,1665.6779
2025-01-27_02_16,523.02124
2025-01-08_42_45,2011.9088
2025-02-23_46_09,523.02124
2025-01-10_02_40,523.02124
2025-01-29_45_34,1984.8732
2025-02-28_16_02,523.02124
2025-01-09_19_32,1602.4174
2025-02-18_45_42,1949.7076
2025-01-26_45_46,4458.9043
2025-02-19_46_48,3625.8496
2025-02-01_44_45,2072.171
2025-02-15_45_39,3020.801
2025-01-09_45_42,2049.1223
2025-02-01_09_45,523.02124
2025-02-13_47_45,2869.2383
2025-02-28_46_15,4204.3228
2025-02-09_47_45,3591.3718
2025-01-11_48_45,2988.135
2025-01-03_47_43,3123.6672
2025-02-09_36_12,2473.3652
2025-02-16_48_46,3928.1917
2025-02-07_35_46,2009.5712
2025-01-21_46_48,2285.3435
2025-02-20_47_06,523.02124
2025-02-21_46_47,2479.5327
2025-01-04_47_46,2663.2898
2025-01-09_36_37,1632.9047
2025-02-22_34_45,2247.4583
2025-02-10_46_15,2096.6055
2025-01-21_46_26,1470.1642
2025-01-01_08_47,523.02124
2025-02-27_05_47,523.02124
2025-02-12_19_30,1620.9817
2025-01-08_05_47,523.02124
2025-01-13_36_22,2024.1176
2025-01-02_47_43,2235.6077
2025-02-10_48_45,2812.764
2025-01-03_02_16,523.02124
2025-01-03_47_10,1533.6232
2025-01-14_32_19,1328.0505
2025-01-30_41_36,3180.3208
2025-01-22_42_45,1971.4127
2025-02-06_02_31,523.02124
2025-02-18_47_05,523.02124
2025-02-28_36_11,2611.7031
2025-02-01_05_47,523.02124
2025-02-21_19_30,2091.9429
2025-02-14_04_29,523.02124
2025-01-17_19_02,523.02124
2025-02-12_20_46,1892.5483
2025-02-08_21_02,523.02124
2025-01-01_02_19,523.02124
2025-01-02_45_48,2570.5479
2025-01-05_03_47,523.02124
2025-01-24_36_07,523.02124
2025-01-20_47_06,523.02124
2025-01-15_19_30,2210.99
2025-01-20_28_45,2552.9106
2025-01-26_46_45,3387.471
2025-01-01_13_23,1757.5509
2025-02-22_46_20,2812.5264
2025-01-23_47_10,1613.814
2025-02-21_48_46,3807.7683
2025-02-03_46_33,1482.0178
2025-01-10_45_05,523.02124
2025-02-18_40_02,523.02124
2025-02-24_28_47,1878.6077
2025-01-21_45_47,2262.6804
2025-01-05_09_46,523.02124
2025-01-10_40_02,523.02124
2025-01-07_02_14,523.02124
2025-01-18_47_08,523.02124
2025-02-18_36_12,1957.8851
2025-01-09_19_02,523.02124
2025-01-26_44_45,2717.797
2025-02-03_16_02,523.02124
2025-02-12_11_36,2116.9712
2025-02-25_45_44,1754.7688
2025-01-06_02_24,523.02124
2025-02-12_14_30,1771.0481
2025-02-01_45_48,2510.8672
2025-02-08_47_43,2270.8127
2025-02-05_01_02,523.02124
2025-01-26_18_46,3496.1877
2025-02-04_28_47,2056.7114
2025-01-16_46_09,523.02124
2025-01-06_46_35,1966.0878
2025-02-27_36_27,2549.3196
2025-02-21_36_27,2504.1707
2025-02-08_46_45,2858.7454
2025-02-01_25_23,2990.9426
2025-02-06_45_05,523.02124
2025-01-29_45_47,3896.4773
2025-01-13_16_02,523.02124
2025-01-07_47_46,1685.508
2025-02-18_08_47,523.02124
2025-02-14_44_46,2313.2778
2025-01-15_46_47,1673.3044
2025-01-05_36_37,964.21783
2025-02-05_42_45,1855.0205
2025-01-24_13_23,1926.8041
2025-01-13_05_47,523.02124
2025-01-22_19_02,523.02124
2025-01-17_46_09,523.02124
2025-02-01_36_12,2667.745
2025-01-09_42_45,1459.6984
2025-01-06_02_01,523.02124
2025-02-03_19_32,1506.8312
2025-02-06_05_45,523.02124
2025-02-11_14_30,1512.8595
2025-01-21_48_46,3844.3071
2025-02-24_45_28,2436.8594
2025-02-02_45_09,523.02124
2025-02-22_19_02,523.02124
2025-02-17_20_46,1627.5157
2025-01-23_03_47,523.02124
2025-01-19_01_02,523.02124
2025-01-12_47_06,523.02124
2025-01-14_45_05,523.02124
2025-02-21_45_44,3150.8887
2025-01-08_36_22,1854.6305
2025-01-24_02_24,523.02124
2025-01-13_47_30,1817.3864
2025-02-01_19_30,2300.767
2025-02-26_47_02,523.02124
2025-02-09_46_48,4511.862
2025-02-16_47_45,3570.985
2025-02-11_32_19,1693.8429
2025-01-30_46_26,2312.099
2025-02-07_47_30,2166.629
2025-02-27_21_02,523.02124
2025-01-03_06_47,523.02124
2025-02-15_02_19,523.02124
2025-02-16_02_16,523.02124
2025-02-16_45_05,523.02124
2025-01-05_47_28,2285.3435
2025-01-05_45_44,1745.2881
2025-01-17_36_12,3041.7007
2025-01-24_38_36,1590.4944
2025-01-29_47_30,1729.797
2025-01-18_36_37,1901.3458
2025-02-21_45_46,3431.9272
2025-01-10_47_45,4026.136
2025-02-19_42_45,1725.6442
2025-01-02_16_02,523.02124
2025-02-20_08_47,523.02124
2025-01-19_41_36,3376.182
2025-01-24_11_36,1914.7482
2025-02-13_47_02,523.02124
2025-01-24_36_41,5779.414
2025-01-09_46_48,4620.521
2025-01-04_47_45,3664.601
2025-01-31_02_14,523.02124
2025-02-15_19_30,2102.6929
2025-01-29_02_01,523.02124
2025-01-23_06_47,523.02124
2025-01-07_15_46,1972.5424
2025-02-11_02_21,523.02124
2025-02-09_36_41,3842.688
2025-01-24_46_26,2364.2837
2025-02-22_02_47,523.02124
2025-01-04_46_20,2086.0505
2025-01-29_40_02,523.02124
2025-02-27_19_32,1821.4393
2025-01-22_28_47,2003.078
2025-02-26_46_35,2546.1772
2025-02-02_47_10,1374.3966
2025-02-05_19_02,523.02124
2025-02-12_46_48,2736.4202
2025-02-26_43_47,1413.2365
2025-01-22_47_30,1972.5424
2025-01-02_36_07,523.02124
2025-02-24_36_12,2064.7766
2025-01-23_28_45,2239.6023
2025-01-08_11_36,1510.842
2025-01-25_02_47,523.02124
2025-02-02_21_02,523.02124
2025-01-05_19_30,2536.144
2025-02-11_45_05,523.02124
2025-01-25_47_05,523.02124
2025-02-20_45_47,3527.2317
2025-01-12_02_21,523.02124
2025-01-14_42_45,2280.572
2025-01-16_46_26,2541.137
2025-02-22_01_02,523.02124
2025-01-11_36_12,2154.6797
2025-02-19_03_47,523.02124
2025-02-08_42_45,2428.6597
2025-01-16_36_41,5504.8267
2025-02-23_48_45,2990.3499
2025-02-27_45_09,523.02124
2025-01-04_40_02,523.02124
2025-02-28_39_45,1844.0502
2025-02-10_02_19,523.02124
2025-01-17_45_42,3203.1858
2025-02-19_19_30,2204.758
2025-01-20_45_44,1963.634
2025-01-09_46_15,3598.8242
2025-01-15_02_47,523.02124
2025-01-04_36_22,2257.078
2025-01-26_45_09,523.02124
2025-02-28_34_45,2296.134
2025-02-10_36_12,1724.1156
2025-02-07_38_36,1488.7008
2025-01-20_35_46,2987.1907
2025-02-24_46_15,2060.5837
2025-02-07_46_47,1913.4069
2025-02-16_02_30,523.02124
2025-01-14_38_36,1467.2279
2025-01-05_02_30,523.02124
2025-02-28_03_45,523.02124
2025-02-17_45_48,1648.1604
2025-01-14_19_30,1895.8568
2025-02-03_02_30,523.02124
2025-02-23_02_01,523.02124
2025-01-27_01_02,523.02124
2025-02-17_13_23,1466.3284
2025-01-20_19_30,2114.9214
2025-01-29_47_10,1533.6232
2025-02-24_02_40,523.02124
2025-02-03_30_14,1434.1453
2025-01-31_45_47,4138.6304
2025-02-08_02_19,523.02124
2025-01-13_02_01,523.02124
2025-01-15_05_47,523.02124
2025-02-19_02_14,523.02124
2025-02-27_42_45,1684.7512
2025-01-26_14_30,2405.3044
2025-01-15_45_34,2066.1963
2025-02-06_47_06,523.02124
2025-02-15_14_30,1758.5306
2025-01-17_14_30,1935.8645
2025-01-27_47_03,523.02124
2025-01-19_17_23,1271.9669
2025-02-22_45_09,523.02124
2025-01-25_17_23,1281.2361
2025-02-17_45_34,2124.7913
2025-02-13_45_39,3173.926
2025-02-22_19_32,1645.9015
2025-02-04_47_06,523.02124
2025-01-30_33_46,1395.3696
2025-02-02_45_47,3272.1775
2025-01-13_45_39,3076.3372
2025-01-17_46_26,1627.5157
2025-01-13_35_46,2317.1716
2025-01-03_46_15,2373.4705
2025-01-16_46_45,3594.1611
2025-02-14_02_19,523.02124
2025-01-31_47_06,523.02124
2025-02-01_45_03,523.02124
2025-01-24_41_36,3309.796
2025-01-02_23_25,3924.12
2025-01-24_46_35,2861.4092
2025-02-09_33_46,2344.293
2025-01-23_40_02,523.02124
2025-01-31_19_32,2330.963
2025-02-14_02_30,523.02124
2025-01-04_27_36,1737.8691
2025-02-09_47_46,2516.791
2025-02-08_45_46,2695.3206
2025-01-21_35_46,3106.5964
2025-01-23_32_19,1447.8436
2025-02-17_28_47,2444.037
2025-02-22_09_46,523.02124
2025-02-23_47_02,523.02124
2025-02-16_17_23,1536.6656
2025-01-31_46_33,3026.8977
2025-01-08_47_08,523.02124
2025-02-08_02_30,523.02124
2025-01-19_32_19,1627.2347
2025-02-02_32_19,1609.3772
2025-02-10_45_48,1947.4457
2025-02-15_07_36,523.02124
2025-01-20_02_30,523.02124
2025-01-18_47_06,523.02124
2025-01-14_31_02,523.02124
2025-01-19_02_21,523.02124
2025-01-19_06_47,523.02124
2025-01-30_02_24,523.02124
2025-01-09_14_30,1508.6184
2025-02-05_15_46,2250.4236
2025-01-10_47_06,523.02124
2025-01-30_06_47,523.02124
2025-01-09_07_36,523.02124
2025-02-26_17_23,1219.4669
2025-02-01_06_47,523.02124
2025-01-16_45_47,4275.0654
2025-02-10_02_01,523.02124
2025-02-04_27_36,1776.2357
2025-01-11_07_36,523.02124
2025-02-01_47_46,2082.702
2025-02-18_02_14,523.02124
2025-01-25_36_41,5197.9883
2025-01-10_46_15,4566.3564
2025-01-04_28_45,2199.7405
2025-01-04_19_32,1434.1453
2025-01-24_36_37,3290.8054
2025-01-29_37_36,2953.7334
2025-01-23_05_47,523.02124
2025-02-27_03_45,523.02124
2025-02-08_36_22,1710.0697
2025-02-10_21_02,523.02124
2025-01-03_47_45,4453.227
2025-01-13_04_29,523.02124
2025-02-25_06_47,523.02124
2025-01-04_09_45,523.02124
2025-02-25_46_47,1685.508
2025-01-09_19_30,2071.3696
2025-01-07_43_47,1584.1953
2025-02-15_35_46,1952.5535
2025-02-20_15_46,1693.8429
2025-02-12_06_47,523.02124
2025-01-27_05_45,523.02124
2025-02-20_34_45,1908.4515
2025-02-13_45_34,2922.82
2025-01-06_23_13,1442.4569
2025-02-11_47_43,1653.1035
2025-01-16_47_02,523.02124
2025-01-04_20_46,3313.593
2025-01-09_39_45,1704.0638
2025-01-13_44_45,1880.279
2025-02-26_35_46,1620.6786
2025-01-29_38_36,1220.9276
2025-01-17_36_37,3454.1536
2025-01-17_45_47,3036.4966
2025-01-30_46_47,1605.4977
2025-01-25_12_36,2009.445
2025-02-26_02_24,523.02124
2025-02-16_21_02,523.02124
2025-01-26_45_28,2760.766
2025-02-08_13_23,1707.5967
2025-01-06_41_36,3314.028
2025-01-22_09_45,523.02124
2025-02-15_48_45,1904.7743
2025-01-10_41_36,3448.5122
2025-01-12_41_36,4371.6504
2025-02-14_47_02,523.02124
2025-01-18_45_48,3288.9243
2025-02-17_45_44,1451.0724
2025-01-15_28_47,3365.5632
2025-02-13_47_10,1361.9069
2025-01-21_05_47,523.02124
2025-01-14_19_32,1361.9069
2025-02-06_45_34,2934.2588
2025-02-04_47_03,523.02124
2025-02-10_34_45,2470.4504
2025-01-01_06_47,523.02124
2025-02-16_19_02,523.02124
2025-02-06_45_48,2385.9314
2025-02-01_44_46,2975.1086
2025-01-12_19_32,1561.5114
2025-02-26_18_46,1668.4249
2025-02-11_36_27,1998.1876
2025-01-07_38_36,1183.9716
2025-01-17_36_41,5620.213
2025-01-29_48_46,2477.3354
2025-01-02_36_41,4806.8623
2025-02-19_33_46,1369.6759
2025-01-04_47_10,1792.1024
2025-01-17_47_43,2430.0222
2025-01-13_47_43,3557.5444
2025-01-28_34_45,2006.2374
2025-01-19_46_26,2876.9827
2025-02-16_36_27,2198.5989
2025-01-15_17_23,1361.9069
2025-02-18_12_36,2074.954
2025-01-16_47_05,523.02124
2025-01-26_12_36,2247.4583
2025-02-24_48_45,1988.4275
2025-01-11_05_47,523.02124
2025-01-28_45_34,1878.6077
2025-02-26_30_02,523.02124
2025-01-02_46_26,1773.5326
2025-01-23_45_28,2741.058
2025-01-28_42_45,1705.3389
2025-01-17_19_32,1586.338
2025-01-25_38_36,1501.1403
2025-02-20_44_46,2330.963
2025-01-13_47_10,2526.6987
2025-02-10_47_28,2212.9194
2025-01-30_14_30,2280.162
2025-02-16_44_45,3104.6062
2025-02-20_09_45,523.02124
2025-01-27_02_24,523.02124
2025-01-31_23_13,2084.7407
2025-02-05_23_25,3954.4822
2025-01-06_36_37,930.0118
2025-01-05_01_02,523.02124
2025-01-28_47_05,523.02124
2025-01-20_45_42,2047.9039
2025-01-19_36_27,1673.1394
2025-02-26_41_36,3213.9011
2025-02-16_45_34,1798.0078
2025-02-16_18_46,2429.117
2025-01-10_47_10,5493.8516
2025-01-31_27_36,1633.7256
2025-02-28_45_44,2316.33
2025-02-03_36_27,1841.1708
2025-02-07_06_47,523.02124
2025-02-07_31_02,523.02124
2025-01-27_07_36,523.02124
2025-02-20_02_19,523.02124
2025-02-05_45_42,2042.2823
2025-02-26_15_46,1620.6786
2025-02-02_45_44,1987.5839
2025-01-02_45_39,2967.2434
2025-01-07_46_48,3130.3325
2025-02-22_47_10,1633.7256
2025-02-20_36_22,1653.8353
2025-01-01_41_36,4656.4062
2025-02-07_36_12,2847.1245
2025-02-02_39_45,3341.902
2025-02-11_19_30,2080.8818
2025-02-23_19_02,523.02124
2025-02-17_19_02,523.02124
2025-02-16_02_47,523.02124
2025-02-18_30_02,523.02124
2025-02-04_15_46,2212.6133
2025-01-24_05_45,523.02124
2025-02-01_11_36,2089.9512
2025-01-08_09_45,523.02124
2025-01-25_36_37,2637.0144
2025-02-05_45_34,2156.315
2025-01-28_02_24,523.02124
2025-02-19_18_46,1508.6184
2025-01-06_15_46,2402.8171
2025-01-07_45_34,1891.6123
2025-01-12_02_31,523.02124
2025-02-14_36_37,7223.4844
2025-02-15_05_45,523.02124
2025-02-14_46_48,3514.0334
2025-01-10_48_45,2886.7288
2025-02-27_38_36,1697.734
2025-01-16_46_20,2736.4202
2025-01-14_08_47,523.02124
2025-02-19_13_23,1555.3739
2025-02-05_30_14,1645.9015
2025-02-27_36_37,2806.1006
2025-01-01_36_27,1711.7444
2025-02-02_17_23,1220.9276
2025-02-04_46_09,523.02124
2025-02-14_02_31,523.02124
2025-02-12_47_45,3953.3875
2025-01-23_30_02,523.02124
2025-01-19_14_30,1749.0707
2025-01-15_36_11,1886.3391
2025-02-21_02_31,523.02124
2025-01-20_45_39,1851.9617
2025-02-28_02_01,523.02124
2025-02-28_47_46,2830.7244
2025-02-22_36_41,5074.8394
2025-01-03_02_21,523.02124
2025-02-27_45_28,2943.5679
2025-01-19_19_32,1620.6786
2025-01-24_23_25,3666.9844
2025-02-19_19_32,1866.5061
2025-02-27_45_47,2981.3162
2025-01-12_47_10,2766.5066
2025-01-22_48_45,2067.3784
2025-02-12_30_02,523.02124
2025-01-29_46_20,1792.6577
2025-01-10_22_36,2429.8625
2025-02-21_46_35,3585.2517
2025-01-30_47_03,523.02124
2025-02-24_41_36,2745.2886
2025-02-01_38_36,1514.929
2025-01-19_47_03,523.02124
2025-02-11_36_12,1742.4591
2025-01-23_44_46,2075.6628
2025-02-24_36_41,3821.9338
2025-01-14_23_13,1395.3696
2025-01-18_47_30,2345.2747
2025-02-20_01_02,523.02124
2025-02-26_46_44,2549.3196
2025-01-13_45_48,3587.3838
2025-01-08_26_46,1554.5485
2025-02-03_07_36,523.02124
2025-02-25_26_46,1372.1251
2025-02-08_05_47,523.02124
2025-02-19_36_22,1712.3542
2025-01-10_47_08,523.02124
2025-02-22_30_14,2684.4744
2025-01-21_36_11,1776.4325
2025-02-11_33_46,1729.6238
2025-01-12_46_09,523.02124
2025-02-03_45_03,523.02124
2025-01-30_02_30,523.02124
2025-02-08_11_36,2156.7185
2025-01-01_34_45,5666.9355
2025-01-07_02_21,523.02124
2025-02-28_47_05,523.02124
2025-02-11_46_33,1264.4938
2025-02-01_46_35,2796.1665
2025-02-25_20_46,1476.7288
2025-01-07_45_44,1681.8965
2025-01-05_47_02,523.02124
2025-01-29_46_15,2792.1658
2025-01-29_45_28,2981.5562
2025-01-03_48_46,3282.0962
2025-02-10_32_19,1792.5557
2025-02-19_46_33,1413.2365
2025-02-04_45_09,523.02124
2025-02-11_47_02,523.02124
2025-01-30_47_02,523.02124
2025-02-05_28_47,2060.13
2025-01-30_03_45,523.02124
2025-02-16_06_47,523.02124
2025-02-13_02_31,523.02124
2025-01-31_36_27,2989.1355
2025-01-20_19_02,523.02124
2025-02-19_36_07,523.02124
2025-02-05_45_28,2994.3958
2025-01-16_45_44,2290.127
2025-01-17_34_45,2396.665
2025-01-02_02_24,523.02124
2025-02-09_48_45,3182.46
2025-01-07_02_24,523.02124
2025-02-24_46_47,1613.6407
2025-01-13_11_36,1663.5333
2025-01-31_45_48,4052.2173
2025-02-25_04_29,523.02124
2025-02-26_28_47,1759.9825
2025-02-27_02_19,523.02124
2025-02-28_45_05,523.02124
2025-01-01_46_18,2745.6353
2025-01-01_19_32,1622.3108
2025-01-22_47_46,1685.508
2025-02-07_21_02,523.02124
2025-02-15_46_44,3004.7336
2025-02-27_23_25,3419.4868
2025-02-24_47_06,523.02124
2025-02-15_47_02,523.02124
2025-01-31_47_30,2170.0984
2025-01-18_22_36,1789.7627
2025-01-04_47_05,523.02124
2025-02-10_46_44,2084.5955
2025-01-22_23_13,1834.43
2025-02-25_02_24,523.02124
2025-01-28_45_39,1512.5978
2025-02-17_45_39,1760.8978
2025-02-01_47_05,523.02124
2025-01-20_40_02,523.02124
2025-01-11_36_41,5197.9883
2025-01-09_08_47,523.02124
2025-01-08_02_30,523.02124
2025-01-09_02_47,523.02124
2025-01-22_47_45,2760.766
2025-02-19_19_02,523.02124
2025-02-19_45_39,2197.2249
2025-02-27_46_35,3098.1938
2025-01-10_02_19,523.02124
2025-01-25_47_02,523.02124
2025-01-09_36_11,1586.338
2025-01-13_47_45,2854.5356
2025-02-01_46_26,3041.0002
2025-01-26_04_29,523.02124
2025-02-03_06_47,523.02124
2025-02-23_05_47,523.02124
2025-02-18_46_48,3160.6414
2025-01-11_45_05,523.02124
2025-01-23_46_48,3491.4187
2025-02-21_46_09,523.02124
2025-01-17_32_19,1600.1849
2025-01-24_45_03,523.02124
2025-01-27_32_19,1552.8015
