route_key,final_seatcount
2025-02-11_46_45,2902.33697019754
2025-01-20_17_23,1836.1762630942785
2025-01-08_02_14,890.9396743348698
2025-01-08_08_47,890.9396743348698
2025-01-08_09_46,890.9396743348698
2025-01-21_45_05,890.9396743348698
2025-02-26_47_08,890.9396743348698
2025-01-03_02_19,890.9396743348698
2025-02-11_02_30,890.9396743348698
2025-01-25_05_45,890.9396743348698
2025-02-04_36_07,890.9396743348698
2025-01-28_02_14,890.9396743348698
2025-01-14_47_46,1867.7291347307278
2025-02-04_02_16,890.9396743348698
2025-02-20_47_43,2366.826939931932
2025-01-03_19_30,2250.305794395336
2025-02-27_22_36,1650.7317833396378
2025-02-10_47_08,890.9396743348698
2025-01-27_47_02,890.9396743348698
2025-01-27_22_36,1608.8557299772494
2025-01-10_36_27,1904.8338064859297
2025-02-11_46_15,2150.7875997771494
2025-02-28_42_45,2190.6016829006417
2025-01-22_30_02,890.9396743348698
2025-01-17_09_46,890.9396743348698
2025-01-29_46_48,2664.074038190318
2025-02-27_11_36,2146.449465744102
2025-02-19_48_45,1930.9106867529035
2025-01-27_23_13,1646.339370282507
2025-01-14_28_45,2750.0484697529428
2025-01-27_46_18,1783.6984180864597
2025-02-14_47_05,890.9396743348698
2025-02-20_17_23,1458.448668418622
2025-02-07_23_13,1814.3347600605803
2025-01-27_36_12,1754.2039971382349
2025-01-11_16_02,890.9396743348698
2025-02-04_46_33,1497.628666605588
2025-01-11_48_46,2816.4268146430118
2025-01-24_16_02,890.9396743348698
2025-01-12_23_13,1653.5642873610025
2025-02-07_46_18,3039.798073136667
2025-02-26_09_46,890.9396743348698
2025-02-07_47_05,890.9396743348698
2025-01-18_36_22,1751.0960619476105
2025-02-07_02_01,890.9396743348698
2025-01-01_46_26,2408.47256061569
2025-02-08_26_46,1847.680545047358
2025-01-09_46_44,3168.391065686443
2025-01-04_02_21,890.9396743348698
2025-02-08_27_36,1808.1323263531465
2025-01-03_05_47,890.9396743348698
2025-01-09_26_46,1970.5259631754918
2025-01-14_20_46,2646.359809025827
2025-02-25_13_23,1418.4230052877533
2025-02-04_45_34,1966.6598037060182
2025-01-20_05_45,890.9396743348698
2025-02-15_46_15,2435.175610154098
2025-01-16_19_02,890.9396743348698
2025-01-07_22_36,1609.6108746497282
2025-01-21_32_19,1618.6986867971948
2025-02-13_32_19,1435.5966046954743
2025-02-27_02_40,890.9396743348698
2025-02-22_45_42,2165.9523181008108
2025-01-05_35_46,2848.3813996322056
2025-01-16_26_46,2406.9099581137034
2025-02-09_13_23,1848.6875482512987
2025-01-24_39_45,2153.6154070567018
2025-01-13_36_27,1662.1073481582998
2025-02-09_45_47,2642.100192350231
2025-01-21_26_46,2125.821342714683
2025-02-08_45_05,890.9396743348698
2025-02-03_35_46,2607.466303484071
2025-01-03_19_02,890.9396743348698
2025-02-06_36_12,2241.2240900334355
2025-02-04_37_36,2726.6997041375275
2025-01-28_45_44,1605.0674633273911
2025-02-18_46_15,1678.7191575059665
2025-02-10_45_46,2427.4860029888023
2025-01-13_02_21,890.9396743348698
2025-02-23_02_30,890.9396743348698
2025-02-22_09_45,890.9396743348698
2025-02-12_30_14,1959.196612627678
2025-02-27_41_36,2433.6448833185887
2025-01-05_45_47,3342.3896784252984
2025-02-18_46_26,1535.567330883565
2025-01-11_36_22,1830.3661768209731
2025-02-12_02_01,890.9396743348698
2025-02-13_17_23,989.1363480122382
2025-02-08_09_45,890.9396743348698
2025-02-17_45_05,890.9396743348698
2025-01-03_36_27,1839.6443983616018
2025-02-14_37_36,3126.8914460538035
2025-01-15_12_36,2121.644681088474
2025-01-26_02_01,890.9396743348698
2025-01-26_02_14,890.9396743348698
2025-02-05_36_12,1866.4658908758952
2025-01-24_02_21,890.9396743348698
2025-01-18_44_45,2503.0527175117445
2025-02-27_47_10,1646.2784266789913
2025-01-14_03_47,890.9396743348698
2025-02-22_06_47,890.9396743348698
2025-01-10_44_46,2740.063615210747
2025-01-30_03_47,890.9396743348698
2025-02-25_15_46,1755.642406073178
2025-02-13_19_32,1718.8662970304908
2025-02-04_47_46,1764.5941890533693
2025-01-04_47_06,890.9396743348698
2025-02-06_01_02,890.9396743348698
2025-01-25_28_45,1971.3894307481119
2025-02-22_47_03,890.9396743348698
2025-02-05_36_22,1564.654409173629
2025-02-11_02_14,890.9396743348698
2025-01-05_43_47,1895.4878122367425
2025-02-04_25_23,2005.9332017806382
2025-01-07_41_36,2803.0972997137887
2025-02-12_46_18,2134.9835621228403
2025-02-20_47_05,890.9396743348698
2025-02-14_35_46,2000.7651091012444
2025-01-03_45_46,2808.945925426867
2025-01-17_47_03,890.9396743348698
2025-02-23_03_47,890.9396743348698
2025-01-20_09_46,890.9396743348698
2025-01-13_46_44,3930.089324684869
2025-02-13_28_45,1927.622219380551
2025-02-05_47_46,1623.0545643337919
2025-01-18_45_09,890.9396743348698
2025-02-24_36_27,1819.483442562435
2025-01-28_13_23,1810.828643785615
2025-02-01_23_13,2165.162828354717
2025-01-03_28_45,1618.4383519140238
2025-02-06_46_18,2374.6031600843594
2025-01-05_45_28,2263.338613569366
2025-01-31_46_26,2590.832274861732
2025-01-18_46_15,2715.364037998978
2025-02-18_28_47,2240.35094594362
2025-02-12_12_36,1866.6222056197655
2025-01-30_38_36,1533.0666594968463
2025-01-20_46_48,3516.635947711277
2025-02-07_39_45,1833.9346143961993
2025-02-20_46_26,1644.4091023103965
2025-01-15_02_19,890.9396743348698
2025-02-06_42_45,1731.2543149496357
2025-01-02_48_45,2795.602224204296
2025-01-19_03_47,890.9396743348698
2025-01-21_47_30,1596.6233759537795
2025-01-17_30_02,890.9396743348698
2025-02-19_21_02,890.9396743348698
2025-01-08_45_47,3167.533003307622
2025-01-11_47_46,3034.0553035433218
2025-01-22_46_47,1789.9953849691744
2025-01-22_18_46,2162.221617424604
2025-02-28_18_46,2189.041496366183
2025-01-17_17_23,1383.974775057046
2025-02-11_26_46,1671.5560069310686
2025-02-02_02_40,890.9396743348698
2025-01-11_47_30,2570.0795658749666
2025-02-12_47_06,890.9396743348698
2025-01-03_35_46,2152.733292398223
2025-02-10_15_46,2458.0925976318376
2025-02-07_36_27,1896.3163764664682
2025-02-01_46_20,2745.021178353855
2025-01-12_46_20,3839.6679281655315
2025-02-21_21_02,890.9396743348698
2025-02-18_47_06,890.9396743348698
2025-02-13_45_05,890.9396743348698
2025-02-17_46_45,2505.024818219731
2025-01-03_13_23,1575.9968976833336
2025-02-05_48_45,1836.1652954724284
2025-01-07_47_05,890.9396743348698
2025-02-05_02_21,890.9396743348698
2025-01-07_44_46,1800.707537169908
2025-02-26_14_30,1851.3543134798613
2025-02-10_45_42,1860.5304126127721
2025-02-02_46_44,2847.4843164462336
2025-02-17_38_36,1895.914577221045
2025-02-16_46_09,890.9396743348698
2025-02-21_32_19,1552.6631405809771
2025-02-15_47_43,2198.116637580492
2025-02-26_34_45,2077.341406708725
2025-01-28_47_28,1705.4806192226456
2025-01-21_45_46,2212.4581993810625
2025-02-16_30_14,1905.3526426896153
2025-02-24_03_45,890.9396743348698
2025-02-04_12_36,1906.104128230759
2025-01-20_43_47,3866.04928581472
2025-02-04_48_45,2204.4068387017
2025-01-22_27_36,1583.8007930556973
2025-02-03_47_06,890.9396743348698
2025-01-23_46_09,890.9396743348698
2025-02-14_03_45,890.9396743348698
2025-02-15_36_12,2101.9536432006907
2025-02-03_41_36,2596.3305037859836
2025-01-12_13_23,2058.204915262103
2025-02-05_02_16,890.9396743348698
2025-02-07_05_45,890.9396743348698
2025-02-17_36_11,2174.5367181254496
2025-01-15_46_15,2403.3978567081567
2025-02-02_33_46,2956.10483165844
2025-02-07_47_02,890.9396743348698
2025-02-04_48_46,2342.1879954666238
2025-01-06_47_02,890.9396743348698
2025-01-01_07_36,890.9396743348698
2025-01-20_36_41,4221.335290451317
2025-02-15_03_47,890.9396743348698
2025-01-22_03_47,890.9396743348698
2025-01-13_36_37,3098.1471374173
2025-02-18_32_19,1238.9402447831455
2025-01-23_02_19,890.9396743348698
2025-01-15_47_46,1961.0911546280306
2025-02-26_05_45,890.9396743348698
2025-01-18_45_34,2131.1732659208483
2025-01-21_21_02,890.9396743348698
2025-01-14_21_02,890.9396743348698
2025-02-04_46_47,1572.406179776794
2025-02-22_41_36,2842.0321562091895
2025-02-25_46_44,2813.439326064119
2025-01-03_41_36,3885.5633282188946
2025-01-13_07_36,890.9396743348698
2025-01-25_47_08,890.9396743348698
2025-02-23_47_08,890.9396743348698
2025-02-07_47_08,890.9396743348698
2025-02-09_46_09,890.9396743348698
2025-01-25_47_06,890.9396743348698
2025-01-28_46_33,1388.1408761405257
2025-01-19_46_47,2557.4196487631853
2025-02-18_19_02,890.9396743348698
2025-02-14_46_45,2643.803972357915
2025-01-13_15_46,2159.75743180252
2025-02-01_48_46,3454.636385242914
2025-02-19_47_28,2557.107010357628
2025-01-10_09_45,890.9396743348698
2025-02-11_46_26,1732.6895823093546
2025-01-18_02_14,890.9396743348698
2025-01-31_22_36,2131.4206188768517
2025-01-07_45_46,2752.66549104165
2025-01-02_46_48,3383.6061765215536
2025-01-15_21_02,890.9396743348698
2025-02-28_02_14,890.9396743348698
2025-01-11_47_03,890.9396743348698
2025-02-28_02_21,890.9396743348698
2025-02-01_34_45,2102.94342279028
2025-01-07_09_45,890.9396743348698
2025-02-19_03_45,890.9396743348698
2025-01-13_05_45,890.9396743348698
2025-02-10_02_24,890.9396743348698
2025-01-21_45_03,890.9396743348698
2025-01-08_46_44,2753.509318287838
2025-02-20_03_47,890.9396743348698
2025-02-16_34_45,3789.4563031120133
2025-02-14_20_46,1770.0386350944884
2025-02-02_45_34,1739.7422627791257
2025-02-13_47_46,2033.3529301284498
2025-01-14_45_03,890.9396743348698
2025-01-23_09_46,890.9396743348698
2025-02-14_02_24,890.9396743348698
2025-02-10_02_47,890.9396743348698
2025-02-04_46_35,1596.6317377701857
2025-02-24_01_02,890.9396743348698
2025-02-17_17_23,1927.3057042461833
2025-02-15_09_46,890.9396743348698
2025-02-16_23_13,1584.4859866543875
2025-01-28_37_36,1485.242725870132
2025-02-19_15_46,1679.2851887932509
2025-01-05_39_45,2552.342787694312
2025-01-01_02_31,890.9396743348698
2025-02-04_47_05,890.9396743348698
2025-01-22_45_05,890.9396743348698
2025-02-16_19_30,2131.2394377429473
2025-02-11_46_47,1582.0324330607498
2025-01-16_28_47,2424.775633566144
2025-01-25_19_30,2209.0180469616835
2025-02-21_19_32,1690.6512144788858
2025-01-26_46_47,2132.0736977595334
2025-01-05_30_14,1835.8665100134785
2025-01-30_26_46,2101.925537124913
2025-02-13_45_47,3243.8775982596426
2025-01-21_43_47,3036.2470256661763
2025-02-12_47_02,890.9396743348698
2025-01-21_47_45,2315.1215836719557
2025-01-11_45_44,3474.9697851201904
2025-01-17_30_14,2191.476095002302
2025-01-02_46_33,2518.5114397578973
2025-01-08_47_02,890.9396743348698
2025-01-14_36_11,1584.469263021575
2025-02-22_46_09,890.9396743348698
2025-02-05_36_27,2037.3295586835516
2025-01-17_01_02,890.9396743348698
2025-02-27_17_23,1482.545523379416
2025-02-26_45_03,890.9396743348698
2025-02-27_26_46,1784.6704983455904
2025-02-18_04_29,890.9396743348698
2025-02-11_36_37,6128.665782171708
2025-01-06_12_36,1949.8919777723634
2025-01-20_01_02,890.9396743348698
2025-02-16_46_48,2585.3085136454197
2025-01-23_45_47,3225.3480218948744
2025-01-27_02_01,890.9396743348698
2025-02-12_08_47,890.9396743348698
2025-01-11_02_01,890.9396743348698
2025-01-14_45_46,3277.858212551383
2025-01-09_16_02,890.9396743348698
2025-01-21_02_01,890.9396743348698
2025-01-16_33_46,3147.987890126953
2025-02-05_44_46,1801.6397464059332
2025-01-12_23_25,2744.796379738656
2025-02-09_09_45,890.9396743348698
2025-01-02_13_23,1885.9607948154785
2025-01-03_46_18,2175.797279726474
2025-02-14_36_27,2339.920699219693
2025-01-09_46_35,3599.193990600972
2025-01-08_25_23,2413.536026104265
2025-01-30_16_02,890.9396743348698
2025-01-07_02_47,890.9396743348698
2025-01-04_45_05,890.9396743348698
2025-01-03_47_30,2014.786143529549
2025-01-17_40_02,890.9396743348698
2025-02-23_36_27,1891.7792744918165
2025-02-02_02_01,890.9396743348698
2025-02-10_48_46,3559.8213664666846
2025-01-10_46_18,4354.9380295032115
2025-02-26_16_02,890.9396743348698
2025-01-19_46_15,2426.081675044199
2025-02-24_35_46,2225.2700130672656
2025-02-19_45_28,2393.1936927026595
2025-02-05_02_47,890.9396743348698
2025-01-31_08_47,890.9396743348698
2025-02-04_05_45,890.9396743348698
2025-01-02_47_46,2131.340043930889
2025-02-17_30_14,2121.613614193943
2025-01-12_28_45,2145.3465720248155
2025-01-11_11_36,1596.648400367842
2025-01-25_45_48,2597.38560541687
2025-02-21_45_47,2956.1166015567637
2025-01-19_08_47,890.9396743348698
2025-02-16_28_45,2609.117325009731
2025-01-30_30_14,1974.8310760552208
2025-01-19_44_46,4504.9050997379
2025-02-14_36_12,2315.0315372983705
2025-02-11_39_45,1637.779074536057
2025-02-15_45_28,2220.815506267194
2025-01-08_04_29,890.9396743348698
2025-01-10_45_39,3507.4173855741956
2025-01-22_02_21,890.9396743348698
2025-02-07_36_11,2700.6490659907818
2025-02-09_20_46,2401.445504318064
2025-02-07_45_47,3365.6919786087556
2025-01-12_47_03,890.9396743348698
2025-02-23_02_14,890.9396743348698
2025-01-15_33_46,3049.0163565868797
2025-02-25_02_47,890.9396743348698
2025-01-08_06_47,890.9396743348698
2025-01-17_45_48,3146.5972417392995
2025-01-10_46_48,5673.112258568497
2025-02-12_23_25,3206.461584956381
2025-02-03_36_22,1650.4362283078483
2025-01-20_13_23,1690.6018370374795
2025-02-19_02_24,890.9396743348698
2025-01-12_03_45,890.9396743348698
2025-01-04_46_15,2387.5528004427542
2025-02-09_46_26,1929.14299528024
2025-02-20_46_48,3421.9075736529667
2025-01-05_48_46,3608.4153576626804
2025-02-08_05_45,890.9396743348698
2025-02-21_37_36,3139.6128308820407
2025-01-13_46_20,3483.7151229411375
2025-01-02_31_02,890.9396743348698
2025-02-04_19_32,1579.3259186874304
2025-01-31_46_35,2652.6680573026906
2025-02-14_43_47,1840.92058966277
2025-02-28_45_34,3221.967846482683
2025-01-03_25_23,3005.2426768805844
2025-02-02_45_42,1940.7612884227522
2025-01-26_48_45,2708.2133860950935
2025-02-26_31_02,890.9396743348698
2025-02-13_21_02,890.9396743348698
2025-01-24_21_02,890.9396743348698
2025-02-17_39_45,2078.671510115833
2025-01-12_32_19,1573.4223163005438
2025-01-07_27_36,1499.7379083548728
2025-02-14_02_01,890.9396743348698
2025-02-06_31_02,890.9396743348698
2025-02-23_36_12,1974.8310760552208
2025-02-25_23_25,2752.7943589880133
2025-02-05_46_20,1810.7814347729702
2025-01-30_36_27,1801.6562564156989
2025-02-27_27_36,1843.7645834164064
2025-01-15_36_27,1860.8857503218946
2025-02-22_38_36,1955.824394382576
2025-02-26_25_23,2691.1495291114634
2025-02-10_01_02,890.9396743348698
2025-01-09_47_05,890.9396743348698
2025-02-10_47_06,890.9396743348698
2025-01-26_25_23,4137.86940256912
2025-01-15_46_26,2345.966395818456
2025-02-09_11_36,2902.8714729585686
2025-01-16_04_29,890.9396743348698
2025-01-07_36_27,1555.2643419585531
2025-02-04_02_24,890.9396743348698
2025-02-03_45_44,1519.1078208316005
2025-01-07_19_30,1726.378656880885
2025-01-30_12_36,2109.0982547144486
2025-02-20_46_35,2268.4115838576326
2025-01-19_02_16,890.9396743348698
2025-02-17_32_19,1746.3819546149768
2025-01-08_46_47,1785.4305305600099
2025-01-31_41_36,3130.138181334558
2025-02-02_46_15,2426.62898917797
2025-01-12_02_16,890.9396743348698
2025-02-05_04_29,890.9396743348698
2025-01-12_44_46,2578.3986116757133
2025-01-17_03_45,890.9396743348698
2025-02-23_37_36,4000.5259200155297
2025-01-21_25_23,2429.5507419070373
2025-01-09_15_46,1816.5928221140616
2025-01-01_47_43,2177.931758054686
2025-01-14_36_12,1785.5408877543
2025-02-13_08_47,890.9396743348698
2025-01-12_30_02,890.9396743348698
2025-02-02_31_02,890.9396743348698
2025-01-21_47_05,890.9396743348698
2025-01-09_48_46,2413.025041997591
2025-01-03_36_07,890.9396743348698
2025-02-07_47_45,2970.1795092449606
2025-01-27_46_35,1778.888190741651
2025-02-22_26_46,1768.802965066392
2025-01-23_19_32,1713.0611551790173
2025-02-18_16_02,890.9396743348698
2025-02-09_37_36,4178.464296774378
2025-01-24_28_47,1661.2190432685663
2025-01-05_47_08,890.9396743348698
2025-02-02_19_32,1959.0742930675333
2025-01-28_45_48,1782.8148570887192
2025-01-30_45_44,2150.149275681436
2025-02-12_09_45,890.9396743348698
2025-01-24_20_46,1967.4954866905298
2025-01-16_42_45,1723.7048553783948
2025-01-12_36_07,890.9396743348698
2025-02-09_08_47,890.9396743348698
2025-01-17_47_46,1852.1363300162175
2025-01-22_36_37,1704.761494604903
2025-01-07_47_43,3887.5668382067747
2025-02-05_14_30,2016.4239433244306
2025-01-20_36_11,1790.1028783276993
2025-02-16_41_36,3540.6714373425566
2025-01-22_02_31,890.9396743348698
2025-01-23_48_45,1812.8123784574452
2025-01-23_02_14,890.9396743348698
2025-01-21_09_45,890.9396743348698
2025-02-28_43_47,1930.985871161672
2025-02-19_02_19,890.9396743348698
2025-02-22_44_45,1702.478277275079
2025-01-04_38_36,1586.3188608094913
2025-02-17_45_46,2776.2220118388486
2025-01-16_39_45,2249.7610080101217
2025-01-04_02_47,890.9396743348698
2025-01-14_02_30,890.9396743348698
2025-02-03_09_45,890.9396743348698
2025-01-02_17_23,1604.1337447045444
2025-02-21_36_07,890.9396743348698
2025-01-02_02_16,890.9396743348698
2025-01-07_40_02,890.9396743348698
2025-02-06_46_48,3400.2042765332853
2025-02-05_45_03,890.9396743348698
2025-02-10_02_14,890.9396743348698
2025-02-16_14_30,2146.435956045752
2025-01-16_19_30,2110.9744726221857
2025-01-28_03_47,890.9396743348698
2025-02-12_19_02,890.9396743348698
2025-02-11_27_36,1699.4851853809703
2025-02-09_46_20,2495.968101128516
2025-02-10_02_40,890.9396743348698
2025-02-13_06_47,890.9396743348698
2025-01-23_42_45,1927.0148919704184
2025-02-24_47_46,1949.478199746327
2025-01-18_28_45,2781.5799792746575
2025-02-04_01_02,890.9396743348698
2025-02-10_18_46,3103.4672670053146
2025-02-04_09_46,890.9396743348698
2025-02-20_05_45,890.9396743348698
2025-01-11_02_16,890.9396743348698
2025-01-14_47_03,890.9396743348698
2025-01-25_47_43,2179.843905507468
2025-02-24_21_02,890.9396743348698
2025-02-25_09_45,890.9396743348698
2025-01-21_28_47,1641.721066445618
2025-01-12_46_44,4272.416798999437
2025-02-14_42_45,2205.7430878634227
2025-01-29_44_45,1523.2183933443457
2025-02-26_05_47,890.9396743348698
2025-01-19_26_46,3500.353129867063
2025-01-20_06_47,890.9396743348698
2025-01-15_47_30,1769.8357185262003
2025-02-08_36_37,5085.146338609138
2025-01-12_36_11,1564.3783908531555
2025-01-13_46_45,2294.0129822494764
2025-01-16_48_45,3350.603107768592
2025-02-21_47_43,2701.092126511817
2025-01-14_04_29,890.9396743348698
2025-02-24_47_03,890.9396743348698
2025-01-20_39_45,2222.823381030976
2025-02-01_45_39,2517.7217040537994
2025-02-15_46_18,2871.936807484327
2025-01-26_47_30,1773.5554655778853
2025-01-22_17_23,1531.1040887987913
2025-02-26_44_46,1543.579211489181
2025-02-28_48_46,3626.8291799444505
2025-01-10_02_14,890.9396743348698
2025-02-16_47_06,890.9396743348698
2025-01-18_46_18,2810.9453780523245
2025-01-31_06_47,890.9396743348698
2025-01-14_44_45,2321.259097714421
2025-01-22_46_20,1723.214804209317
2025-02-10_05_47,890.9396743348698
2025-02-24_30_14,1638.051186063706
2025-01-07_36_07,890.9396743348698
2025-02-14_13_23,1799.753344478652
2025-01-23_45_44,1739.7219991072507
2025-02-08_35_46,1780.7525830019808
2025-02-21_19_02,890.9396743348698
2025-02-28_45_39,3363.4846037598522
2025-01-12_15_46,2240.2450507198964
2025-02-26_47_05,890.9396743348698
2025-02-10_23_13,1584.715631429778
2025-02-01_20_46,2094.9168073984474
2025-01-04_01_02,890.9396743348698
2025-02-13_37_36,3388.1276767778877
2025-01-23_45_42,2497.906440534184
2025-01-24_02_19,890.9396743348698
2025-01-11_46_20,4670.644529819612
2025-02-18_05_47,890.9396743348698
2025-01-05_46_20,1997.3330313249194
2025-02-03_40_02,890.9396743348698
2025-01-07_02_31,890.9396743348698
2025-01-14_27_36,1496.0257719844162
2025-02-02_40_02,890.9396743348698
2025-02-28_03_47,890.9396743348698
2025-01-06_03_47,890.9396743348698
2025-01-30_45_09,890.9396743348698
2025-01-25_40_02,890.9396743348698
2025-01-15_23_13,1425.4877115924628
2025-01-19_48_46,4526.351692058434
2025-01-15_01_02,890.9396743348698
2025-01-24_02_47,890.9396743348698
2025-02-09_03_45,890.9396743348698
2025-02-07_19_30,1675.47284996838
2025-02-12_41_36,2918.170160865385
2025-01-29_46_45,1930.4432023957734
2025-02-17_47_08,890.9396743348698
2025-02-10_47_10,1542.3476190809797
2025-01-31_36_22,1645.1942709896155
2025-02-04_26_46,1528.4000596788972
2025-01-22_46_15,2235.494720494676
2025-01-19_05_45,890.9396743348698
2025-02-24_45_03,890.9396743348698
2025-02-27_45_39,2770.5728805630524
2025-01-06_02_40,890.9396743348698
2025-01-26_02_16,890.9396743348698
2025-01-19_36_41,3665.3947462154892
2025-02-16_02_40,890.9396743348698
2025-01-01_45_05,890.9396743348698
2025-01-08_41_36,3046.728211972331
2025-01-14_47_45,3041.626999022042
2025-01-17_11_36,1586.3147104188663
2025-01-07_46_18,2405.2740008813594
2025-02-14_45_28,3579.4447200429986
2025-01-22_39_45,1794.5918168980984
2025-02-12_46_45,3264.5886666804436
2025-01-22_14_30,1676.0145093960723
2025-01-22_08_47,890.9396743348698
2025-02-28_05_47,890.9396743348698
2025-02-27_19_02,890.9396743348698
2025-01-12_36_22,1906.8493993785123
2025-01-18_05_47,890.9396743348698
2025-01-03_30_02,890.9396743348698
2025-02-21_45_34,3623.477512218703
2025-01-03_05_45,890.9396743348698
2025-01-05_36_22,2301.6087398888344
2025-02-21_02_19,890.9396743348698
2025-01-14_46_20,2953.630352554007
2025-01-05_13_23,2001.3579474004202
2025-01-22_35_46,2207.111436004006
2025-02-10_38_36,1786.8913590893765
2025-02-19_45_05,890.9396743348698
2025-01-27_46_09,890.9396743348698
2025-01-18_09_45,890.9396743348698
2025-02-11_45_42,1813.5458656351793
2025-01-07_46_44,2038.7698417243078
2025-01-16_02_21,890.9396743348698
2025-01-22_46_18,2174.5210015727152
2025-01-20_47_28,2289.0687901895312
2025-01-07_45_03,890.9396743348698
2025-01-15_32_19,1649.5760045413222
2025-01-18_16_02,890.9396743348698
2025-01-13_19_30,1725.6087367766409
2025-02-06_45_44,2039.8593063056583
2025-01-26_36_41,4036.3703152305234
2025-02-17_46_33,1441.7935864224587
2025-01-23_08_47,890.9396743348698
2025-01-04_36_41,4257.240214073148
2025-01-14_09_45,890.9396743348698
2025-01-20_46_20,1909.1635627477426
2025-01-05_34_45,4235.534516713116
2025-01-21_02_30,890.9396743348698
2025-02-07_02_30,890.9396743348698
2025-01-09_05_45,890.9396743348698
2025-01-27_46_45,2746.2663516739776
2025-02-11_36_22,1671.5967784154436
2025-01-30_44_45,1699.387775441701
2025-01-10_19_32,1913.7927935945156
2025-02-23_23_25,2908.035870195577
2025-02-25_25_23,2525.3558197000493
2025-02-25_47_46,1945.8602535841085
2025-02-09_47_06,890.9396743348698
2025-01-21_46_20,1779.9124688651268
2025-01-17_02_14,890.9396743348698
2025-01-22_45_34,2164.550764538173
2025-01-08_30_02,890.9396743348698
2025-02-18_46_18,1804.0732117228883
2025-01-29_46_47,1583.821483973666
2025-01-09_02_40,890.9396743348698
2025-01-06_47_30,1743.617669114113
2025-01-16_02_40,890.9396743348698
2025-01-04_46_26,1883.5702238166355
2025-01-19_46_44,2689.5908637425164
2025-02-06_46_47,1866.327351970447
2025-01-26_21_02,890.9396743348698
2025-01-19_16_02,890.9396743348698
2025-01-13_09_45,890.9396743348698
2025-01-04_02_24,890.9396743348698
2025-02-24_45_48,2342.2339991282815
2025-01-22_02_16,890.9396743348698
2025-02-16_02_14,890.9396743348698
2025-02-15_46_09,890.9396743348698
2025-02-17_02_19,890.9396743348698
2025-01-13_46_33,4045.4788427994736
2025-01-13_27_36,1442.9849775758294
2025-02-25_03_47,890.9396743348698
2025-02-27_06_47,890.9396743348698
2025-02-14_09_46,890.9396743348698
2025-02-15_36_41,3882.5730416539695
2025-01-24_36_12,2616.24595109675
2025-02-11_20_46,2778.5014935028703
2025-01-18_47_43,2632.109397610662
2025-01-18_48_45,2859.4782409331447
2025-01-05_36_27,1584.7365054532156
2025-01-17_06_47,890.9396743348698
2025-02-22_05_45,890.9396743348698
2025-01-30_45_46,3011.953479579301
2025-02-16_46_33,1725.0397203656503
2025-01-18_02_24,890.9396743348698
2025-02-11_45_48,1754.1792797512794
2025-01-01_45_03,890.9396743348698
2025-01-28_36_11,1693.6170568282553
2025-02-18_19_30,2215.6901054284663
2025-02-06_09_45,890.9396743348698
2025-02-09_26_46,2653.7122438548367
2025-02-27_47_43,2232.7795782887442
2025-01-22_02_24,890.9396743348698
2025-01-21_30_02,890.9396743348698
2025-02-24_25_23,2667.7825640511414
2025-01-05_36_11,1586.3313730165225
2025-01-27_04_29,890.9396743348698
2025-02-27_46_18,2381.772157074985
2025-01-09_45_28,3338.2474723163323
2025-01-03_36_37,1447.1988455161118
2025-01-23_45_48,2512.1320752140573
2025-01-31_47_05,890.9396743348698
2025-02-09_06_47,890.9396743348698
2025-01-25_47_46,1793.6292345550323
2025-02-02_02_14,890.9396743348698
2025-01-01_48_46,4550.645355513913
2025-02-04_11_36,1959.1806214167405
2025-01-21_36_27,1783.510066384604
2025-02-13_02_40,890.9396743348698
2025-01-21_46_45,2234.9521016410636
2025-02-24_43_47,1707.7930709673587
2025-01-25_02_01,890.9396743348698
2025-02-25_48_45,1697.2031469541128
2025-01-26_47_46,1843.6837728695314
2025-01-14_02_16,890.9396743348698
2025-01-20_19_32,1611.4808737119338
2025-02-13_23_25,3021.711312528137
2025-01-20_12_36,1919.295795079774
2025-01-29_47_43,1941.731728062087
2025-02-21_47_46,2557.4011856284196
2025-02-03_37_36,3973.5361623838608
2025-02-02_47_43,1785.1880001792142
2025-01-04_47_28,2641.094835200869
2025-02-18_36_37,4975.699515588492
2025-02-14_47_45,3491.694697118286
2025-01-08_02_21,890.9396743348698
2025-02-22_45_46,2173.81322612311
2025-02-06_30_14,2086.8619921454942
2025-02-16_47_43,1931.0345161812033
2025-01-16_23_25,3227.359799644304
2025-01-27_44_46,2012.2158993806297
2025-01-07_05_47,890.9396743348698
2025-02-14_45_03,890.9396743348698
2025-01-07_46_20,2141.1534097671833
2025-02-25_27_36,1702.0085241878553
2025-01-31_47_43,2464.134887116943
2025-01-23_34_45,1977.1041903565588
2025-02-15_44_45,1799.76998240853
2025-01-28_02_16,890.9396743348698
2025-01-30_36_12,2221.210693575266
2025-02-28_46_18,3340.069734740631
2025-01-21_02_14,890.9396743348698
2025-01-15_02_01,890.9396743348698
2025-02-14_08_47,890.9396743348698
2025-01-25_36_12,2327.4114031426748
2025-01-03_15_46,2962.297767408061
2025-01-06_22_36,1584.6947574063406
2025-01-29_19_32,1530.4315781220407
2025-02-02_35_46,2909.7485870580635
2025-02-17_02_40,890.9396743348698
2025-01-17_28_47,1912.2085318968484
2025-01-22_20_46,1860.9315089540619
2025-01-29_02_31,890.9396743348698
2025-01-11_45_46,2978.879936232124
2025-01-15_03_47,890.9396743348698
2025-01-29_45_03,890.9396743348698
2025-02-26_47_46,1705.9269583310406
2025-01-31_44_46,2376.5204131273904
2025-01-16_02_16,890.9396743348698
2025-02-22_14_30,2259.8935753550395
2025-02-09_41_36,2885.017796183856
2025-01-03_04_29,890.9396743348698
2025-01-11_19_32,1564.3616367027648
2025-02-04_22_36,1624.4004799584895
2025-01-22_32_19,1658.1304853751205
2025-01-16_06_47,890.9396743348698
2025-02-16_36_41,3883.4895876505284
2025-01-17_25_23,2714.8484910803363
2025-02-19_44_45,1611.801435446264
2025-01-21_31_02,890.9396743348698
2025-02-17_47_10,1371.7622511991667
2025-01-27_36_37,3897.6562752052373
2025-02-04_47_30,1693.4924230391928
2025-02-25_46_26,1671.4621151432693
2025-02-13_20_46,1675.0147851073248
2025-01-16_17_23,1436.4976402173943
2025-01-18_05_45,890.9396743348698
2025-02-21_46_45,3902.323797204709
2025-01-18_02_30,890.9396743348698
2025-01-05_02_24,890.9396743348698
2025-02-19_05_47,890.9396743348698
2025-02-12_45_48,1930.3396180655168
2025-01-06_46_18,1992.8242966394355
2025-02-22_25_23,2822.43615137073
2025-01-04_45_09,890.9396743348698
2025-01-30_47_10,1584.715631429778
2025-01-06_23_25,3320.518823903143
2025-01-02_34_45,4241.86918610847
2025-02-17_30_02,890.9396743348698
2025-02-05_30_02,890.9396743348698
2025-02-18_27_36,1702.0495092952772
2025-01-21_01_02,890.9396743348698
2025-01-25_16_02,890.9396743348698
2025-01-07_36_11,1783.3346066245267
2025-01-02_47_28,1975.8094909229608
2025-01-20_30_14,1780.8655581506632
2025-01-10_26_46,2597.994172759578
2025-01-02_45_05,890.9396743348698
2025-01-06_30_02,890.9396743348698
2025-02-05_47_02,890.9396743348698
2025-02-17_31_02,890.9396743348698
2025-02-08_02_16,890.9396743348698
2025-01-07_17_23,1910.430631822312
2025-01-26_47_08,890.9396743348698
2025-02-15_23_13,1959.951810109432
2025-01-12_02_01,890.9396743348698
2025-02-28_44_45,1993.3412268354027
2025-02-13_48_46,2517.8242392385623
2025-01-06_46_47,1655.0305012361778
2025-01-28_45_03,890.9396743348698
2025-01-04_45_42,2170.406374759407
2025-02-20_45_28,3198.0413669506725
2025-02-06_07_36,890.9396743348698
2025-01-16_36_22,1704.7282609623248
2025-02-20_45_05,890.9396743348698
2025-01-13_45_42,2138.070012709347
2025-02-19_46_35,1661.794847978536
2025-02-13_46_47,2104.8203453977017
2025-02-01_45_47,3518.2611939134013
2025-02-20_47_03,890.9396743348698
2025-01-27_41_36,3242.292533141481
2025-01-23_02_47,890.9396743348698
2025-02-01_46_47,2165.285335085601
2025-01-28_45_09,890.9396743348698
2025-01-10_02_16,890.9396743348698
2025-02-14_11_36,2382.7408984413387
2025-01-17_22_36,1669.0658466124487
2025-01-06_36_41,4216.617883224754
2025-02-06_02_14,890.9396743348698
2025-02-21_45_48,3096.7112727495123
2025-02-28_31_02,890.9396743348698
2025-02-05_16_02,890.9396743348698
2025-01-25_46_18,2330.0110209227323
2025-02-22_03_45,890.9396743348698
2025-01-17_36_07,890.9396743348698
2025-02-04_05_47,890.9396743348698
2025-01-03_46_44,2101.8735345581126
2025-02-11_02_01,890.9396743348698
2025-01-15_31_02,890.9396743348698
2025-02-26_02_47,890.9396743348698
2025-01-21_06_47,890.9396743348698
2025-02-04_02_14,890.9396743348698
2025-01-07_45_48,2006.836715946093
2025-02-21_45_09,890.9396743348698
2025-02-03_34_45,2287.717113594691
2025-01-29_35_46,1670.3890526679943
2025-01-14_46_15,2819.3980237811916
2025-01-14_36_07,890.9396743348698
2025-02-15_47_10,1662.115679457128
2025-01-09_30_02,890.9396743348698
2025-01-20_45_28,2058.3251139991103
2025-01-01_45_39,2354.2430181187137
2025-02-15_43_47,1891.4839801851272
2025-01-17_44_45,2250.2659212258577
2025-01-01_33_46,2775.329657098763
2025-01-12_44_45,2077.323279267319
2025-02-14_47_28,3490.392403103863
2025-01-29_45_46,2110.963608364373
2025-01-30_19_32,1692.410205577349
2025-01-08_46_45,2943.963150169458
2025-02-17_47_46,1715.1080005939139
2025-01-05_12_36,2138.9677455006554
2025-01-10_14_30,1966.3213169453695
2025-01-10_15_46,2579.1028530175963
2025-01-17_47_30,2754.437615762644
2025-01-09_06_47,890.9396743348698
2025-02-16_04_29,890.9396743348698
2025-01-09_44_46,1835.3878268095373
2025-02-06_02_19,890.9396743348698
2025-02-22_36_07,890.9396743348698
2025-01-22_09_46,890.9396743348698
2025-01-31_45_05,890.9396743348698
2025-01-21_46_44,1783.3180050620267
2025-01-25_02_24,890.9396743348698
2025-01-15_39_45,2078.778419817487
2025-01-18_06_47,890.9396743348698
2025-02-09_45_09,890.9396743348698
2025-02-09_17_23,1436.4976402173943
2025-01-14_46_18,2997.146355957245
2025-02-20_47_30,1802.1483152702697
2025-01-10_47_03,890.9396743348698
2025-02-10_14_30,1867.0640193341342
2025-01-21_46_15,1839.3854572658056
2025-01-03_45_28,2644.7452789085255
2025-01-15_46_44,2415.0890940915933
2025-02-22_37_36,4253.284468912663
2025-01-02_47_03,890.9396743348698
2025-01-03_46_45,3581.3889268326934
2025-02-23_39_45,2459.2425875393797
2025-02-14_27_36,1840.9453089010512
2025-02-06_02_21,890.9396743348698
2025-02-11_02_16,890.9396743348698
2025-01-08_40_02,890.9396743348698
2025-01-21_42_45,1795.4973064270207
2025-02-09_35_46,2605.1899824072343
2025-02-23_35_46,2961.0243769928784
2025-01-22_38_36,1413.4415924593254
2025-01-01_36_37,1348.6124342067178
2025-02-20_28_47,1794.9136089816598
2025-02-20_45_39,2692.8597097090496
2025-01-23_46_18,2421.4500698704633
2025-01-26_36_37,3303.6455019980976
2025-02-01_14_30,1693.575491886849
2025-02-23_05_45,890.9396743348698
2025-02-19_46_15,1852.6495878463759
2025-01-18_46_20,2948.7491142604936
2025-01-17_02_47,890.9396743348698
2025-01-21_03_45,890.9396743348698
2025-01-04_45_48,2235.5260620474105
2025-02-10_27_36,1825.742831674243
2025-01-16_46_35,2837.227946350011
2025-01-23_31_02,890.9396743348698
2025-02-22_46_47,1924.066434921083
2025-01-17_43_47,3934.144109195851
2025-02-11_41_36,2862.1051111968727
2025-02-06_45_42,2492.0629672299906
2025-02-01_45_09,890.9396743348698
2025-01-09_34_45,1944.035574056606
2025-02-03_27_36,1876.5903488957717
2025-01-09_32_19,1658.2840803458237
2025-02-17_46_18,1690.6512144788858
2025-02-16_35_46,3399.146042638271
2025-02-12_22_36,1830.3868067037856
2025-01-05_46_44,2528.3996664428123
2025-01-03_23_13,1627.7681581311042
2025-02-06_13_23,1842.9275572492502
2025-02-07_02_19,890.9396743348698
2025-02-04_36_22,1783.3428463706205
2025-02-22_36_22,1846.4754597770939
2025-01-25_20_46,1908.7202598938436
2025-01-12_14_30,2394.0048315180616
2025-01-27_26_46,1838.3125006243667
2025-02-17_47_06,890.9396743348698
2025-01-14_37_36,1670.8601540286802
2025-01-23_13_23,1984.2310026527332
2025-01-25_46_44,2598.6801461468303
2025-01-09_12_36,1717.8521318996163
2025-01-06_37_36,1168.7164984867036
2025-01-13_46_35,3684.6629194921497
2025-02-07_12_36,2136.4002348204963
2025-02-14_45_39,3313.5270539003027
2025-01-09_13_23,1722.8463797893373
2025-02-26_44_45,1565.0909006429385
2025-01-29_36_11,1716.1920497828912
2025-02-11_46_18,2014.8858748076073
2025-02-02_42_45,2869.103717093324
2025-02-15_21_02,890.9396743348698
2025-02-16_27_36,2117.038738050188
2025-02-27_47_03,890.9396743348698
2025-01-19_31_02,890.9396743348698
2025-01-13_36_12,2028.3801154067069
2025-01-03_02_47,890.9396743348698
2025-01-16_19_32,1725.825196305461
2025-01-17_05_47,890.9396743348698
2025-02-07_45_48,3064.131319758497
2025-02-12_36_12,1960.078591388487
2025-01-02_27_36,1815.0332064301024
2025-02-12_46_35,1780.7136243901637
2025-02-10_44_46,2743.569564473315
2025-01-25_06_47,890.9396743348698
2025-01-25_48_45,2162.3937103695234
2025-01-24_15_46,1985.9129584810298
2025-02-03_45_39,1764.6209497806606
2025-02-24_18_46,2129.0530421315148
2025-01-11_36_27,1845.9330939784354
2025-02-06_36_37,4727.895184720264
2025-01-27_09_45,890.9396743348698
2025-02-25_02_30,890.9396743348698
2025-02-12_19_32,1674.5620473612269
2025-02-19_45_09,890.9396743348698
2025-01-21_05_45,890.9396743348698
2025-02-18_02_47,890.9396743348698
2025-02-25_47_10,1764.110132401106
2025-01-06_47_28,1831.5948134927091
2025-01-29_46_35,2138.8524163104425
2025-01-09_46_20,3261.345602774639
2025-02-06_23_13,1611.821943258764
2025-01-11_20_46,2109.5518728241295
2025-01-04_31_02,890.9396743348698
2025-01-09_28_47,1973.653283462515
2025-02-25_19_30,2005.1580916257908
2025-01-25_45_46,2578.6388809812715
2025-02-11_34_45,1961.9874387627215
2025-02-02_36_22,1810.9146421745666
2025-01-19_44_45,3393.0802968136686
2025-02-10_09_46,890.9396743348698
2025-02-03_47_28,1723.2757783304107
2025-02-20_45_34,2707.5805605429473
2025-02-07_09_45,890.9396743348698
2025-02-28_02_24,890.9396743348698
2025-02-01_46_18,3253.330432238102
2025-02-07_47_03,890.9396743348698
2025-02-16_05_45,890.9396743348698
2025-02-19_45_48,1951.7337659822128
2025-02-04_34_45,1789.6453671636573
2025-02-20_35_46,1923.5137577361247
2025-02-28_46_48,3804.0792032424442
2025-02-02_02_30,890.9396743348698
2025-01-31_48_45,2716.8835708908446
2025-01-19_02_40,890.9396743348698
2025-02-10_26_46,1826.493958892774
2025-01-30_02_40,890.9396743348698
2025-02-03_36_41,3814.296663119544
2025-01-12_47_05,890.9396743348698
2025-01-23_22_36,1564.4201999351867
2025-02-11_45_34,1735.8877424173506
2025-02-20_47_28,2769.9931587579335
2025-01-14_39_45,2398.2633816519033
2025-01-15_47_05,890.9396743348698
2025-02-06_26_46,1485.9372027767386
2025-01-16_44_46,4041.373433732355
2025-02-08_39_45,1988.3134358831915
2025-02-28_48_45,2242.260586509275
2025-02-05_19_30,2267.2273031843984
2025-02-13_46_45,3269.7003425730372
2025-01-26_08_47,890.9396743348698
2025-01-02_15_46,3640.9954098282615
2025-01-04_44_46,2175.9197412177145
2025-01-02_07_36,890.9396743348698
2025-02-23_46_35,1757.6435039020462
2025-02-20_46_33,1454.7134921306747
2025-02-19_45_44,1641.0317413410053
2025-01-07_19_02,890.9396743348698
2025-01-26_45_48,2288.386798584528
2025-02-26_23_25,2806.4383693988607
2025-02-16_46_45,3146.137585977581
2025-01-17_46_47,1783.3221554526517
2025-01-21_03_47,890.9396743348698
2025-01-20_47_03,890.9396743348698
2025-01-16_08_47,890.9396743348698
2025-02-26_01_02,890.9396743348698
2025-01-16_03_47,890.9396743348698
2025-02-01_46_15,3190.491805502573
2025-02-15_46_35,2393.239194411644
2025-01-10_45_48,4314.261139571881
2025-02-24_03_47,890.9396743348698
2025-02-07_36_07,890.9396743348698
2025-02-14_46_26,2101.296231939221
2025-02-12_38_36,1770.5116003575795
2025-01-31_39_45,1799.2876232569286
2025-01-18_23_13,1731.2006218377192
2025-01-05_46_15,2192.782723610294
2025-01-18_47_46,2654.2901446156093
2025-01-11_02_21,890.9396743348698
2025-01-07_19_32,1718.4902745990344
2025-02-21_48_45,1871.2030137718043
2025-01-27_28_45,2142.1333576224188
2025-02-17_23_13,1658.5588104328021
2025-01-16_09_46,890.9396743348698
2025-02-24_46_18,2434.905534259124
2025-01-14_48_45,2892.284899568924
2025-02-26_36_11,1761.4232792122132
2025-02-15_47_05,890.9396743348698
2025-02-12_05_45,890.9396743348698
2025-01-24_18_46,2252.372017346288
2025-02-21_47_06,890.9396743348698
2025-02-17_12_36,1868.9899716182877
2025-01-30_25_23,2326.1701678985837
2025-02-22_39_45,2155.5427165921888
2025-01-25_43_47,2220.0180472699426
2025-02-18_45_05,890.9396743348698
2025-02-25_38_36,1979.084010970623
2025-01-30_47_45,2600.6597604215885
2025-01-30_07_36,890.9396743348698
2025-02-03_13_23,1658.1470259024643
2025-01-27_09_46,890.9396743348698
2025-01-20_47_46,1725.4346534013475
2025-02-13_02_01,890.9396743348698
2025-02-20_47_45,2431.132833715198
2025-02-01_07_36,890.9396743348698
2025-01-19_02_24,890.9396743348698
2025-02-14_47_43,3591.4541131269125
2025-01-20_47_05,890.9396743348698
2025-01-16_45_48,2688.195653594704
2025-01-26_48_46,3605.3974178503277
2025-02-09_36_11,2027.5316242892584
2025-01-12_48_45,2547.4367787722676
2025-01-24_45_28,3030.754634572429
2025-02-05_47_45,2145.827407626808
2025-01-05_45_34,2504.7688064369186
2025-02-23_46_45,3061.8912193993046
2025-02-28_02_19,890.9396743348698
2025-02-19_37_36,2653.057796161149
2025-01-09_45_05,890.9396743348698
2025-01-01_46_20,1705.1156315681028
2025-01-06_21_02,890.9396743348698
2025-01-12_02_40,890.9396743348698
2025-01-24_26_46,2212.4775475255938
2025-02-14_45_05,890.9396743348698
2025-02-13_42_45,1756.1214575033773
2025-01-02_44_46,2397.8102943465174
2025-02-10_05_45,890.9396743348698
2025-02-23_17_23,1613.7197513345347
2025-02-15_45_34,2461.454411256188
2025-01-09_45_48,3657.381904232947
2025-01-02_46_47,1829.015946495596
2025-01-22_45_03,890.9396743348698
2025-01-25_45_34,2643.9019411204617
2025-01-15_45_48,2474.50752749365
2025-01-02_23_13,1963.8505851182467
2025-01-25_09_45,890.9396743348698
2025-02-09_23_25,2742.657519091178
2025-02-27_08_47,890.9396743348698
2025-02-14_12_36,2146.3930457898023
2025-02-06_36_41,3641.967281445992
2025-02-14_05_45,890.9396743348698
2025-01-29_47_08,890.9396743348698
2025-01-21_47_46,1660.4829296256576
2025-02-25_28_45,1783.5423844998384
2025-02-08_45_34,2629.157078272905
2025-01-26_45_47,2384.9049193533697
2025-01-26_01_02,890.9396743348698
2025-02-24_11_36,2231.5898174488257
2025-01-28_19_30,1695.9832218166819
2025-02-15_39_45,2005.9849605895397
2025-01-13_18_46,2220.049907621505
2025-02-16_32_19,1730.4623134547662
2025-01-07_34_45,2428.999436600449
2025-02-24_46_09,890.9396743348698
2025-02-01_02_21,890.9396743348698
2025-02-19_36_41,3459.066803668285
2025-01-23_47_43,1937.4761033836435
2025-01-31_26_46,2775.9574556851476
2025-02-27_47_46,1874.5658406235364
2025-01-07_47_08,890.9396743348698
2025-01-15_44_45,2993.3605197648358
2025-02-27_12_36,1781.261511745784
2025-01-21_18_46,2748.9494899709334
2025-02-13_03_47,890.9396743348698
2025-01-13_46_09,890.9396743348698
2025-01-06_30_14,1564.3647494957336
2025-01-28_39_45,1882.2850868938458
2025-02-10_45_05,890.9396743348698
2025-01-25_46_48,3115.8519225098285
2025-02-24_16_02,890.9396743348698
2025-01-20_46_47,1791.1827165751051
2025-01-30_02_31,890.9396743348698
2025-01-30_48_45,1960.2694083604342
2025-01-24_45_47,3059.655802950846
2025-01-03_16_02,890.9396743348698
2025-02-26_21_02,890.9396743348698
2025-01-06_36_27,1485.242725870132
2025-02-11_38_36,1721.6186847027718
2025-01-30_20_46,1876.46075458931
2025-01-18_20_46,3799.0077884451853
2025-01-21_40_02,890.9396743348698
2025-01-21_09_46,890.9396743348698
2025-02-10_02_16,890.9396743348698
2025-02-08_45_28,2515.2331053863177
2025-02-25_47_05,890.9396743348698
2025-02-24_47_08,890.9396743348698
2025-01-19_27_36,1703.706069421958
2025-02-20_46_47,1854.7836334262643
2025-02-26_07_36,890.9396743348698
2025-01-22_02_30,890.9396743348698
2025-02-09_28_47,2545.251058644666
2025-02-09_21_02,890.9396743348698
2025-01-07_42_45,2199.102450940484
2025-01-17_23_13,1564.4201999351867
2025-01-04_35_46,2283.5769016767454
2025-01-03_47_46,2339.9193306984844
2025-01-26_46_44,2468.0830174116745
2025-02-06_08_47,890.9396743348698
2025-02-13_01_02,890.9396743348698
2025-02-20_02_14,890.9396743348698
2025-02-20_02_40,890.9396743348698
2025-02-06_46_15,2660.5151353795754
2025-01-25_02_14,890.9396743348698
2025-02-28_33_46,1655.010054458834
2025-01-11_21_02,890.9396743348698
2025-02-16_47_02,890.9396743348698
2025-02-07_02_14,890.9396743348698
2025-02-08_07_36,890.9396743348698
2025-01-13_21_02,890.9396743348698
2025-02-25_47_08,890.9396743348698
2025-02-08_01_02,890.9396743348698
2025-01-16_46_47,1894.2548995213037
2025-01-20_33_46,2758.625223846982
2025-01-16_47_08,890.9396743348698
2025-02-12_07_36,890.9396743348698
2025-01-07_37_36,1073.8232649305037
2025-01-22_48_46,3479.8231541285395
2025-02-26_46_18,2640.336307049596
2025-02-01_46_45,2602.0025037734913
2025-01-19_47_45,3713.664284917586
2025-02-05_39_45,2010.7024669980635
2025-02-12_16_02,890.9396743348698
2025-01-18_12_36,2185.2404637693335
2025-01-02_21_02,890.9396743348698
2025-02-10_47_45,3104.866256675223
2025-02-13_34_45,2139.909175948168
2025-02-21_45_03,890.9396743348698
2025-01-19_47_02,890.9396743348698
2025-02-17_47_43,1584.5695132657156
2025-02-23_46_20,2083.25314287744
2025-01-06_46_15,2128.3669374003957
2025-02-01_30_14,1992.776567147248
2025-01-03_26_46,1723.2351289163482
2025-01-24_45_39,3458.819356537098
2025-02-23_36_07,890.9396743348698
2025-01-10_37_36,1348.6082227809366
2025-02-21_39_45,2092.2893768760628
2025-01-20_36_27,1790.5342246828743
2025-02-02_47_05,890.9396743348698
2025-02-24_47_10,1552.6547177294146
2025-01-19_46_18,2427.0583821670853
2025-01-08_19_02,890.9396743348698
2025-02-23_47_30,1962.847317921932
2025-01-11_02_40,890.9396743348698
2025-01-06_36_07,890.9396743348698
2025-02-20_45_03,890.9396743348698
2025-01-14_40_02,890.9396743348698
2025-02-01_02_31,890.9396743348698
2025-02-12_02_24,890.9396743348698
2025-01-02_40_02,890.9396743348698
2025-01-30_23_25,2678.938739670529
2025-01-07_02_40,890.9396743348698
2025-02-20_03_45,890.9396743348698
2025-01-03_47_08,890.9396743348698
2025-01-30_45_47,3129.23902986025
2025-01-08_32_19,1725.071885892994
2025-01-08_45_48,2694.2835631454623
2025-01-28_33_46,1442.9849775758294
2025-02-28_47_45,2791.0700458927718
2025-02-16_45_46,3325.80599963203
2025-01-15_38_36,1442.9849775758294
2025-02-02_23_13,1647.4933781664658
2025-01-03_44_45,1690.2695009141694
2025-01-13_36_41,4564.158777015727
2025-02-13_48_45,1723.4170170195162
2025-01-18_45_42,2234.8905935199564
2025-02-10_46_45,3282.1146500011837
2025-01-30_45_48,3121.1246664963774
2025-01-12_48_46,3422.1127787978685
2025-02-24_47_43,1631.6550204392158
2025-02-12_32_19,1575.9968976833336
2025-02-19_02_47,890.9396743348698
2025-02-11_45_09,890.9396743348698
2025-01-01_47_05,890.9396743348698
2025-02-12_04_29,890.9396743348698
2025-01-16_03_45,890.9396743348698
2025-01-24_45_34,3694.881201154457
2025-02-28_30_02,890.9396743348698
2025-01-05_40_02,890.9396743348698
2025-01-23_07_36,890.9396743348698
2025-02-13_14_30,1586.3814218446475
2025-02-06_32_19,1645.7831402579604
2025-02-13_25_23,2399.4838670556965
2025-02-19_25_23,2541.669020550965
2025-01-20_25_23,2473.331862523589
2025-02-18_28_45,2234.3219922352273
2025-01-31_17_23,1427.5183111153335
2025-02-10_47_30,1632.0542912524033
2025-01-24_08_47,890.9396743348698
2025-02-01_46_44,3645.8552184045034
2025-02-18_46_33,1502.7601229641991
2025-02-05_47_03,890.9396743348698
2025-01-05_47_45,3866.858034411233
2025-01-03_09_46,890.9396743348698
2025-02-15_01_02,890.9396743348698
2025-01-30_15_46,2044.5848505473077
2025-01-10_09_46,890.9396743348698
2025-02-24_47_02,890.9396743348698
2025-01-10_46_45,2514.823773901147
2025-02-25_02_31,890.9396743348698
2025-01-20_05_47,890.9396743348698
2025-01-04_03_47,890.9396743348698
2025-02-02_04_29,890.9396743348698
2025-01-25_28_47,1711.781979634401
2025-02-04_36_37,3676.20552758603
2025-02-08_18_46,2111.278769564988
2025-01-07_46_15,2136.836750843864
2025-01-02_45_03,890.9396743348698
2025-02-14_14_30,1813.2429002877516
2025-02-21_20_46,2130.0652752322617
2025-01-22_21_02,890.9396743348698
2025-01-22_19_32,1535.7249236570026
2025-01-23_36_37,1989.1893180598722
2025-02-11_48_46,3690.4430044268934
2025-02-02_45_05,890.9396743348698
2025-01-08_22_36,1679.221781286364
2025-02-07_25_23,2477.89835554644
2025-02-23_01_02,890.9396743348698
2025-01-07_47_30,1785.4507331967286
2025-02-02_25_23,2176.428780841169
2025-02-09_05_47,890.9396743348698
2025-02-15_47_28,3229.2373980600037
2025-02-22_42_45,1955.0262718341382
2025-02-10_37_36,3080.9953674076087
2025-01-14_35_46,2822.956201000953
2025-02-14_30_02,890.9396743348698
2025-02-09_48_46,3754.4929512302556
2025-01-23_39_45,1682.6500653598023
2025-01-27_05_47,890.9396743348698
2025-01-06_05_45,890.9396743348698
2025-02-21_14_30,2091.4899394889762
2025-02-19_41_36,2595.558928551285
2025-02-23_12_36,2065.4465657317273
2025-01-29_43_47,1555.2643419585531
2025-02-09_36_07,890.9396743348698
2025-02-04_19_30,2168.115151992285
2025-02-16_40_02,890.9396743348698
2025-02-24_09_45,890.9396743348698
2025-01-11_03_45,890.9396743348698
2025-01-09_47_06,890.9396743348698
2025-01-28_47_08,890.9396743348698
2025-02-23_38_36,2423.487965132739
2025-02-28_22_36,1754.284105780813
2025-02-04_41_36,2633.2409873142515
2025-02-17_18_46,1790.5342246828743
2025-02-09_45_03,890.9396743348698
2025-01-02_47_30,2022.994894220975
2025-01-06_04_29,890.9396743348698
2025-01-17_26_46,1988.307532537839
2025-01-15_36_41,5115.623367007485
2025-02-13_02_21,890.9396743348698
2025-02-10_31_02,890.9396743348698
2025-02-22_46_35,2437.424285163372
2025-01-07_23_13,1401.1932729975326
2025-02-25_02_21,890.9396743348698
2025-02-22_07_36,890.9396743348698
2025-01-01_47_02,890.9396743348698
2025-01-14_45_34,1872.3206190640756
2025-02-15_45_05,890.9396743348698
2025-01-02_47_06,890.9396743348698
2025-02-08_14_30,2206.058269129652
2025-01-02_46_18,2021.7312790613105
2025-02-09_14_30,2467.667839550748
2025-02-08_28_45,1911.3114411208505
2025-01-26_47_03,890.9396743348698
2025-02-04_44_46,1934.4928940311606
2025-01-17_47_02,890.9396743348698
2025-02-03_11_36,2082.696709468537
2025-01-12_18_46,2179.797244130515
2025-01-31_45_09,890.9396743348698
2025-02-01_32_19,1605.5861636717354
2025-01-26_40_02,890.9396743348698
2025-02-24_02_14,890.9396743348698
2025-01-11_13_23,1676.2433386797532
2025-02-15_45_09,890.9396743348698
2025-01-04_48_45,2715.2610551823004
2025-01-01_23_13,1641.7394675228186
2025-01-23_36_27,1808.2120730660895
2025-01-27_37_36,1485.9166034115042
2025-01-03_36_22,1805.64142487273
2025-02-21_44_45,1666.236120723252
2025-02-23_46_33,1960.58421663877
2025-01-30_28_45,1938.312366920484
2025-01-19_45_48,2233.5865020536903
2025-01-03_18_46,2381.87695260478
2025-01-31_36_12,2395.4168194950603
2025-01-18_35_46,4022.3741768994873
2025-02-18_45_34,1660.7038589509762
2025-01-17_31_02,890.9396743348698
2025-02-11_36_41,3721.677819388602
2025-02-23_41_36,3121.473862144878
2025-01-17_02_40,890.9396743348698
2025-01-24_45_05,890.9396743348698
2025-02-17_15_46,2054.207645419551
2025-02-20_11_36,1919.5838279978846
2025-01-11_09_45,890.9396743348698
2025-02-27_45_46,2423.858756212463
2025-01-21_46_35,1690.6182554945108
2025-02-09_47_30,1804.335529983734
2025-01-18_46_48,3702.093860179624
2025-01-22_13_23,1760.5606737014814
2025-01-23_11_36,1656.2891723101525
2025-02-28_46_35,3115.32464715475
2025-01-11_45_48,4410.804078458272
2025-01-30_36_07,890.9396743348698
2025-02-08_41_36,3030.2076224562725
2025-02-27_09_46,890.9396743348698
2025-02-09_02_16,890.9396743348698
2025-01-19_36_07,890.9396743348698
2025-02-28_12_36,2400.669550714662
2025-01-28_47_43,1801.6232363961676
2025-02-23_28_45,2253.328825000274
2025-02-27_45_48,2810.7488825983773
2025-02-16_02_19,890.9396743348698
2025-02-18_02_24,890.9396743348698
2025-02-26_45_48,2605.5416683469366
2025-01-07_02_30,890.9396743348698
2025-02-14_46_44,2733.700753762041
2025-01-09_45_09,890.9396743348698
2025-01-28_48_46,2838.156892828512
2025-02-20_02_30,890.9396743348698
2025-02-12_31_02,890.9396743348698
2025-02-18_36_07,890.9396743348698
2025-02-05_36_37,3446.2199677038534
2025-01-13_45_46,2786.1474394762345
2025-02-14_23_25,3315.9131708305126
2025-01-12_05_47,890.9396743348698
2025-01-06_28_45,1863.53769889428
2025-01-28_27_36,1591.028557838545
2025-02-06_37_36,2269.7432696892365
2025-01-15_45_05,890.9396743348698
2025-01-27_38_36,1523.2183933443457
2025-02-20_36_12,2178.0114699687483
2025-01-03_46_26,1731.2663999105732
2025-01-25_39_45,2244.1675071439495
2025-01-06_02_47,890.9396743348698
2025-02-10_45_03,890.9396743348698
2025-02-28_46_20,3289.8062195623393
2025-01-27_02_21,890.9396743348698
2025-02-07_45_05,890.9396743348698
2025-01-16_05_45,890.9396743348698
2025-01-07_47_02,890.9396743348698
2025-01-04_23_13,1860.511094985819
2025-02-17_26_46,1620.0336957009688
2025-01-24_43_47,1779.8876885916893
2025-01-21_17_23,1416.9732761513862
2025-01-08_46_35,3120.260510753843
2025-02-25_32_19,1379.2257114402664
2025-02-28_15_46,1808.1609518414277
2025-02-17_07_36,890.9396743348698
2025-02-05_46_18,1837.1151158745947
2025-01-12_38_36,1439.9256587544946
2025-01-09_22_36,1584.4859866543875
2025-01-21_30_14,1848.60924014583
2025-02-14_47_06,890.9396743348698
2025-02-19_28_47,1599.7241421997883
2025-01-27_13_23,2109.6463063984393
2025-02-10_20_46,2560.2381263220914
2025-01-27_11_36,1692.3773076281302
2025-02-19_46_26,1444.459661259678
2025-02-03_36_11,1779.8380059745018
2025-01-28_46_44,1752.8979893906533
2025-01-10_36_07,890.9396743348698
2025-01-18_42_45,1828.751008407009
2025-02-10_46_18,2318.232649774427
2025-01-24_17_23,1454.7134921306747
2025-02-07_03_45,890.9396743348698
2025-01-04_25_23,3494.3069658578734
2025-02-07_45_39,3816.0706776549987
2025-01-21_37_36,1028.096036998661
2025-02-22_02_21,890.9396743348698
2025-02-28_27_36,1830.2778018968804
2025-01-03_47_28,2252.544896088333
2025-01-23_02_21,890.9396743348698
2025-02-04_04_29,890.9396743348698
2025-02-01_47_28,2504.4063867653094
2025-01-26_47_28,2574.3554373303914
2025-01-21_45_44,1481.0109826873318
2025-01-05_45_39,1861.8691768462056
2025-01-06_38_36,1423.1566449853162
2025-02-27_30_02,890.9396743348698
2025-01-13_43_47,1959.6196395999698
2025-02-28_02_31,890.9396743348698
2025-02-02_23_25,2466.6646911097973
2025-01-11_12_36,2019.8365392211404
2025-01-02_09_46,890.9396743348698
2025-01-10_02_21,890.9396743348698
2025-02-07_45_28,3358.743162553825
2025-01-14_02_24,890.9396743348698
2025-02-24_46_45,2450.338878308947
2025-02-08_08_47,890.9396743348698
2025-02-24_19_30,2145.8339196730253
2025-01-26_39_45,2664.774036495456
2025-01-20_23_13,1539.8802294580912
2025-02-08_46_33,2762.011808784862
2025-02-08_47_10,1584.673883382903
2025-01-11_47_28,4276.83571545251
2025-02-08_36_41,4567.7268433625
2025-02-10_23_25,2834.5481484298425
2025-01-09_05_47,890.9396743348698
2025-02-28_35_46,1974.8470367485802
2025-02-19_40_02,890.9396743348698
2025-01-11_46_35,4682.2521933303515
2025-01-13_02_31,890.9396743348698
2025-02-24_46_44,1730.1855653615635
2025-01-13_47_05,890.9396743348698
2025-02-11_47_08,890.9396743348698
2025-01-25_18_46,2696.844394047511
2025-01-07_02_19,890.9396743348698
2025-01-22_05_45,890.9396743348698
2025-01-06_36_11,1742.4057905097484
2025-01-23_48_46,3485.7486159015716
2025-01-05_45_48,1888.9596271577834
2025-01-03_03_47,890.9396743348698
2025-02-05_03_47,890.9396743348698
2025-02-27_40_02,890.9396743348698
2025-01-21_14_30,1666.1756654009864
2025-01-25_46_26,1854.7836334262643
2025-01-03_46_09,890.9396743348698
2025-02-16_02_01,890.9396743348698
2025-02-24_19_32,1555.1953012242839
2025-02-25_47_43,1915.1832973648227
2025-01-24_27_36,1584.6112613125906
2025-01-10_02_01,890.9396743348698
2025-02-15_31_02,890.9396743348698
2025-01-15_02_40,890.9396743348698
2025-01-10_47_05,890.9396743348698
2025-01-04_02_16,890.9396743348698
2025-02-05_40_02,890.9396743348698
2025-02-14_47_08,890.9396743348698
2025-02-27_47_28,2905.2406413141666
2025-01-20_47_45,3339.6900712905904
2025-01-22_05_47,890.9396743348698
2025-01-20_02_01,890.9396743348698
2025-01-04_14_30,1877.7977718536556
2025-02-03_20_46,2597.158298858836
2025-01-12_36_37,3149.640609057396
2025-02-25_19_02,890.9396743348698
2025-02-04_45_44,1570.9791398099692
2025-01-15_45_46,2927.507521383203
2025-01-31_03_45,890.9396743348698
2025-02-27_48_45,2466.0208697114185
2025-01-02_36_11,1756.7647357307542
2025-01-12_11_36,1555.2643419585531
2025-02-15_37_36,4168.635466661121
2025-02-10_45_47,3363.0322598477273
2025-01-12_19_30,1929.14299528024
2025-02-09_36_37,4784.455809845583
2025-02-25_44_45,1555.2476183257406
2025-01-28_47_46,1815.0905984784958
2025-01-29_02_16,890.9396743348698
2025-01-11_35_46,2391.4897908877742
2025-01-09_03_45,890.9396743348698
2025-01-28_02_40,890.9396743348698
2025-02-09_02_47,890.9396743348698
2025-01-16_38_36,1377.458078726077
2025-01-11_44_45,1655.2637241662585
2025-02-01_36_37,4814.5968398828145
2025-01-24_02_16,890.9396743348698
2025-01-30_46_35,2576.246331106236
2025-02-19_45_03,890.9396743348698
2025-02-27_46_09,890.9396743348698
2025-01-09_47_10,3841.589523919055
2025-01-30_11_36,1704.7656144779498
2025-02-24_48_46,3334.8655640085394
2025-01-12_01_02,890.9396743348698
2025-01-25_23_25,3401.405143232504
2025-01-30_46_45,2241.660973932263
2025-01-14_05_47,890.9396743348698
2025-02-22_19_30,2045.9549187707746
2025-01-17_35_46,3263.3858796609375
2025-02-21_09_45,890.9396743348698
2025-02-01_02_16,890.9396743348698
2025-02-28_41_36,3062.4068980373545
2025-02-13_30_02,890.9396743348698
2025-02-12_28_47,2071.4265507941955
2025-01-08_47_43,4778.576023437629
2025-01-06_47_05,890.9396743348698
2025-01-01_45_46,3049.800328843443
2025-01-05_41_36,3478.7138182927147
2025-01-05_46_48,3601.921429410594
2025-02-15_30_02,890.9396743348698
2025-01-22_26_46,1665.9285808841355
2025-01-13_19_02,890.9396743348698
2025-01-05_47_10,2020.0931198444841
2025-02-12_45_05,890.9396743348698
2025-02-06_47_28,3036.9313518380513
2025-02-28_47_43,2434.944191958879
2025-01-22_02_19,890.9396743348698
2025-01-13_45_03,890.9396743348698
2025-02-21_03_45,890.9396743348698
2025-02-04_08_47,890.9396743348698
2025-01-01_47_46,2318.713466062417
2025-02-02_45_46,3017.6777679724105
2025-02-27_47_45,2474.7738180137226
2025-01-26_17_23,1423.1359540673475
2025-02-23_04_29,890.9396743348698
2025-01-18_45_44,2170.3921236730785
2025-01-15_45_09,890.9396743348698
2025-01-18_36_07,890.9396743348698
2025-01-15_46_18,2424.933758383123
2025-01-19_47_06,890.9396743348698
2025-02-11_47_30,1584.590387289153
2025-02-01_28_45,1990.4565085494314
2025-01-24_31_02,890.9396743348698
2025-02-14_30_14,2639.225985807262
2025-01-30_36_11,1947.3560777488779
2025-01-07_02_01,890.9396743348698
2025-02-09_30_02,890.9396743348698
2025-02-02_11_36,1839.59511247293
2025-01-04_47_43,2417.8772725213776
2025-01-05_16_02,890.9396743348698
2025-01-01_11_36,2119.999377152757
2025-01-11_26_46,2831.405442932563
2025-01-24_01_02,890.9396743348698
2025-02-22_28_45,2153.6458025645143
2025-01-09_31_02,890.9396743348698
2025-02-03_38_36,1876.4808351557162
2025-01-29_47_28,2556.694221531231
2025-01-27_02_14,890.9396743348698
2025-02-23_06_47,890.9396743348698
2025-02-04_07_36,890.9396743348698
2025-02-13_33_46,1442.9849775758294
2025-02-18_23_13,1533.0666594968463
2025-02-20_41_36,2514.6326482730597
2025-01-17_45_34,3293.5124247925314
2025-02-04_46_45,2262.0827348929324
2025-02-26_02_21,890.9396743348698
2025-02-05_02_14,890.9396743348698
2025-02-26_47_45,2503.7605124089223
2025-01-14_05_45,890.9396743348698
2025-01-19_33_46,3521.9117865017574
2025-01-31_47_03,890.9396743348698
2025-02-22_46_18,2179.3110858261844
2025-01-03_30_14,2038.6753593024328
2025-02-11_43_47,1551.979760454024
2025-02-17_36_37,4434.48213221857
2025-01-10_21_02,890.9396743348698
2025-01-25_02_30,890.9396743348698
2025-01-22_30_14,1401.2016958490951
2025-01-16_18_46,3736.4729573686004
2025-01-15_47_45,3359.188814145146
2025-02-28_45_42,3007.4637619905343
2025-01-26_45_34,2028.2475613897623
2025-02-24_28_45,2190.98832578701
2025-01-16_36_37,1705.706849985975
2025-02-25_18_46,1700.5500025274268
2025-01-31_12_36,2621.206711524729
2025-02-14_38_36,1738.3207777680834
2025-02-25_36_22,1819.2808097325242
2025-02-15_46_26,1954.413747233365
2025-02-02_13_23,1681.8708494956054
2025-02-03_48_46,3713.168835787146
2025-02-03_18_46,2843.590061759564
2025-01-24_40_02,890.9396743348698
2025-01-19_02_31,890.9396743348698
2025-01-29_47_06,890.9396743348698
2025-01-25_42_45,1926.8356219217321
2025-02-22_36_27,2238.4092350554693
2025-02-18_42_45,1858.170028356493
2025-01-26_02_24,890.9396743348698
2025-01-12_46_47,1727.3964436408014
2025-01-24_47_02,890.9396743348698
2025-02-13_46_35,2569.353937434882
2025-02-03_09_46,890.9396743348698
2025-01-26_36_27,1819.2479423008836
2025-02-20_32_19,1485.242725870132
2025-02-26_48_46,2920.684149695272
2025-02-12_23_13,1627.2625813972622
2025-02-09_15_46,2643.4941465242923
2025-02-19_31_02,890.9396743348698
2025-01-18_41_36,3305.0386389022033
2025-02-02_46_20,2298.2624100160847
2025-01-20_45_03,890.9396743348698
2025-02-22_22_36,1909.1441535680551
2025-01-30_35_46,1920.342152369783
2025-02-01_30_02,890.9396743348698
2025-01-05_31_02,890.9396743348698
2025-01-21_47_02,890.9396743348698
2025-02-22_08_47,890.9396743348698
2025-01-13_44_46,2080.6099143684346
2025-01-28_36_27,1836.2298214438879
2025-02-25_22_36,1665.8340961241674
2025-01-26_45_03,890.9396743348698
2025-02-22_45_34,2642.9625504327146
2025-02-14_36_11,2792.7701624943593
2025-02-09_19_02,890.9396743348698
2025-01-11_46_09,890.9396743348698
2025-01-29_47_02,890.9396743348698
2025-02-02_45_39,2013.4832447904578
2025-01-13_17_23,1615.4241674857242
2025-02-21_47_02,890.9396743348698
2025-01-12_36_12,1729.8455602640972
2025-02-07_17_23,1477.9868878825273
2025-02-10_19_30,1970.7920944450352
2025-02-09_22_36,1893.5105133833158
2025-01-05_07_36,890.9396743348698
2025-02-20_43_47,1735.5959989666178
2025-01-13_30_02,890.9396743348698
2025-02-26_45_05,890.9396743348698
2025-01-19_45_05,890.9396743348698
2025-02-12_36_27,2371.489730846747
2025-02-01_45_05,890.9396743348698
2025-02-06_44_45,1726.2054391074475
2025-02-07_05_47,890.9396743348698
2025-02-22_36_11,2725.9771600592912
2025-01-13_46_18,4308.269343443899
2025-01-27_25_23,2730.2983188978583
2025-02-25_12_36,1785.7579898924737
2025-02-18_37_36,3086.7743365874167
2025-02-01_02_47,890.9396743348698
2025-02-13_26_46,1661.3863063176632
2025-01-09_46_45,2156.027460524536
2025-01-07_09_46,890.9396743348698
2025-01-26_36_12,2002.624617799564
2025-01-30_45_39,2712.7119890539725
2025-01-23_02_30,890.9396743348698
2025-02-04_45_05,890.9396743348698
2025-01-06_25_23,2575.277348101911
2025-02-07_45_09,890.9396743348698
2025-01-23_47_03,890.9396743348698
2025-01-01_04_29,890.9396743348698
2025-01-17_46_33,1711.802456929323
2025-01-08_28_45,1747.1622989704056
2025-02-24_47_45,2264.399746665525
2025-01-30_46_09,890.9396743348698
2025-02-03_46_48,3206.1127563233936
2025-01-14_46_47,2021.7882902170688
2025-01-29_30_14,1804.6741783947539
2025-01-25_02_16,890.9396743348698
2025-01-04_22_36,1645.9365496221317
2025-01-28_23_25,2647.1649241220885
2025-02-12_46_26,1534.4295282606672
2025-02-19_09_45,890.9396743348698
2025-02-04_47_43,1959.212725908928
2025-01-30_47_05,890.9396743348698
2025-02-03_47_46,1726.3978524375257
2025-01-31_36_07,890.9396743348698
2025-01-23_23_13,2122.069761885893
2025-01-10_28_47,2646.307623967233
2025-02-13_46_26,1448.8147630412304
2025-01-30_34_45,1984.3575039062248
2025-01-12_46_45,2304.322095197611
2025-02-12_42_45,1769.0533489162763
2025-01-23_46_15,2532.2376503250885
2025-02-09_19_32,1574.9617231165257
2025-01-19_36_12,1964.0249266261394
2025-02-11_25_23,2370.18259489904
2025-01-28_47_45,2813.369320567213
2025-02-18_45_48,1980.6978890970931
2025-01-19_46_48,3843.8383736900096
2025-02-06_40_02,890.9396743348698
2025-02-06_05_47,890.9396743348698
2025-02-05_09_45,890.9396743348698
2025-01-24_47_46,2286.648159418114
2025-01-21_47_28,1802.2379645112128
2025-01-22_37_36,1348.863900698337
2025-02-06_47_05,890.9396743348698
2025-02-27_46_33,1372.5418145664582
2025-01-01_19_02,890.9396743348698
2025-02-12_46_15,1612.8389823272064
2025-01-27_45_34,1754.264086249563
2025-02-04_47_08,890.9396743348698
2025-02-17_19_30,1930.2834233272526
2025-02-12_01_02,890.9396743348698
2025-02-11_37_36,2825.5361445551002
2025-01-12_02_30,890.9396743348698
2025-01-05_47_06,890.9396743348698
2025-01-04_05_47,890.9396743348698
2025-01-15_45_47,2465.6188524591153
2025-01-04_46_33,1671.5426815495193
2025-02-15_08_47,890.9396743348698
2025-02-28_36_27,2561.4618714079015
2025-02-08_03_45,890.9396743348698
2025-02-05_47_43,2056.5130365517134
2025-01-05_32_19,1573.3829447890405
2025-02-17_40_02,890.9396743348698
2025-02-21_09_46,890.9396743348698
2025-01-29_17_23,1420.863082470069
2025-02-10_45_44,1650.418708926544
2025-01-07_16_02,890.9396743348698
2025-02-25_46_15,2064.6496978043942
2025-02-26_02_31,890.9396743348698
2025-01-12_03_47,890.9396743348698
2025-02-26_02_16,890.9396743348698
2025-01-15_46_45,2651.7894547295896
2025-02-13_44_46,1911.5842022297256
2025-01-30_46_15,3134.653052537982
2025-02-01_47_43,1860.9019856734571
2025-02-24_07_36,890.9396743348698
2025-02-22_05_47,890.9396743348698
2025-02-08_02_21,890.9396743348698
2025-01-01_03_45,890.9396743348698
2025-02-12_02_47,890.9396743348698
2025-01-09_30_14,2134.9677845349497
2025-01-15_36_22,1660.4829296256576
2025-02-28_36_12,2131.15761040327
2025-01-20_45_46,3307.1794800573903
2025-01-18_47_03,890.9396743348698
2025-01-25_01_02,890.9396743348698
2025-01-28_01_02,890.9396743348698
2025-01-08_45_46,2135.1259263558713
2025-02-17_46_48,2440.3232176025767
2025-01-08_47_06,890.9396743348698
2025-01-30_05_47,890.9396743348698
2025-02-12_45_03,890.9396743348698
2025-02-03_36_07,890.9396743348698
2025-02-22_46_26,1876.1769185200992
2025-01-22_11_36,1612.822258694394
2025-01-16_36_27,1829.937150783623
2025-02-01_22_36,1707.704203819216
2025-02-18_33_46,1613.7399539712535
2025-01-29_46_18,2271.2751379266238
2025-01-19_09_45,890.9396743348698
2025-01-29_02_47,890.9396743348698
2025-01-06_47_08,890.9396743348698
2025-02-19_02_16,890.9396743348698
2025-02-21_46_20,2345.7607256736383
2025-01-11_31_02,890.9396743348698
2025-02-10_28_45,2261.755431810582
2025-02-25_31_02,890.9396743348698
2025-02-17_35_46,2441.371562635119
2025-02-27_43_47,1561.5950785206546
2025-02-23_23_13,1906.3725980638924
2025-01-03_31_02,890.9396743348698
2025-01-14_47_02,890.9396743348698
2025-01-21_12_36,1764.747994458395
2025-01-01_40_02,890.9396743348698
2025-02-23_28_47,2494.0563063170516
2025-01-02_46_09,890.9396743348698
2025-01-05_36_07,890.9396743348698
2025-02-10_46_33,1728.93605523946
2025-01-01_36_41,4288.8414549127265
2025-02-04_38_36,1905.428953903983
2025-02-21_47_03,890.9396743348698
2025-01-18_45_28,2609.8409262065006
2025-01-18_25_23,2963.323031034434
2025-02-02_28_45,2627.2866787308203
2025-02-23_02_21,890.9396743348698
2025-02-17_25_23,2444.67155182562
2025-02-25_45_48,3665.02394717442
2025-02-03_21_02,890.9396743348698
2025-01-02_19_02,890.9396743348698
2025-01-25_35_46,2192.062294840047
2025-02-13_18_46,1739.4658578211493
2025-01-07_45_39,1803.8008462036823
2025-02-09_47_02,890.9396743348698
2025-01-28_41_36,3330.4042288718783
2025-02-21_02_16,890.9396743348698
2025-02-11_46_09,890.9396743348698
2025-02-28_07_36,890.9396743348698
2025-02-19_45_42,2042.166268246151
2025-01-25_19_02,890.9396743348698
2025-01-26_46_26,1787.8932201626549
2025-01-01_47_45,3830.77937132846
2025-02-11_02_47,890.9396743348698
2025-02-17_43_47,1947.6466766793071
2025-01-24_47_45,3512.032422564436
2025-01-24_47_08,890.9396743348698
2025-01-24_28_45,1729.8619787211285
2025-02-26_46_48,3689.3366271623377
2025-01-12_47_45,2523.216077575581
2025-01-11_46_26,3079.0925270520215
2025-02-21_11_36,1976.339148163219
2025-01-05_47_05,890.9396743348698
2025-01-18_02_19,890.9396743348698
2025-01-24_45_09,890.9396743348698
2025-01-05_02_47,890.9396743348698
2025-01-25_48_46,3638.3545011239516
2025-02-24_08_47,890.9396743348698
2025-02-05_06_47,890.9396743348698
2025-02-18_44_46,1925.7186020389731
2025-01-19_30_14,1722.8139396037905
2025-01-29_44_46,1806.6790454317984
2025-02-26_47_28,2493.133705240609
2025-01-12_02_24,890.9396743348698
2025-02-02_02_16,890.9396743348698
2025-02-26_46_45,2146.0770062234396
2025-02-02_19_30,2118.0125428834835
2025-01-17_46_44,2700.7003206387094
2025-02-13_09_46,890.9396743348698
2025-02-25_45_09,890.9396743348698
2025-01-24_02_01,890.9396743348698
2025-02-28_09_46,890.9396743348698
2025-02-22_17_23,1379.2257114402664
2025-02-13_47_03,890.9396743348698
2025-02-02_38_36,1783.3221554526517
2025-02-27_44_45,1600.2329989636169
2025-01-28_47_03,890.9396743348698
2025-01-22_47_43,2264.861907107962
2025-01-24_02_30,890.9396743348698
2025-02-02_03_47,890.9396743348698
2025-02-07_11_36,2131.8754604078886
2025-02-15_19_32,1858.5913193252377
2025-02-05_35_46,1772.4427278580706
2025-02-02_30_02,890.9396743348698
2025-02-21_30_14,2702.327350495397
2025-01-12_45_42,2198.4439218336233
2025-01-27_27_36,1822.8723793674067
2025-01-17_02_31,890.9396743348698
2025-02-18_17_23,1387.9304036458807
2025-02-22_48_45,1954.4192823396347
2025-01-24_12_36,2156.0038704366452
2025-01-02_45_47,3755.0568004950796
2025-01-02_38_36,1591.0640225136103
2025-01-26_02_21,890.9396743348698
2025-01-07_07_36,890.9396743348698
2025-02-27_14_30,1699.48369652775
2025-02-12_37_36,4379.557000980674
2025-01-28_08_47,890.9396743348698
2025-02-17_47_28,2034.1646548585736
2025-02-13_45_42,2542.626183938094
2025-02-04_23_13,1534.4295282606672
2025-01-02_05_47,890.9396743348698
2025-02-12_02_14,890.9396743348698
2025-01-28_11_36,1747.1096505813853
2025-01-20_23_25,2728.464664833504
2025-02-09_18_46,2562.3597600932762
2025-01-31_46_45,3006.7123392787553
2025-02-16_36_22,1756.260522157028
2025-02-24_42_45,1838.8614244638588
2025-02-15_02_24,890.9396743348698
2025-02-15_45_47,3356.1723410344684
2025-01-29_45_09,890.9396743348698
2025-02-04_47_10,1491.6843920532044
2025-02-01_02_19,890.9396743348698
2025-02-23_30_14,1693.583792668099
2025-01-21_23_25,3243.550491180412
2025-01-08_47_03,890.9396743348698
2025-01-01_02_30,890.9396743348698
2025-02-04_02_21,890.9396743348698
2025-02-08_37_36,4201.044358339019
2025-01-31_28_45,1781.277380886409
2025-01-10_45_34,3664.1688446353573
2025-02-05_46_26,1452.0888601645493
2025-01-07_45_28,2970.490178190273
2025-02-20_18_46,1768.4054881959194
2025-01-06_14_30,1731.3084134887758
2025-02-22_45_47,2642.0290863931996
2025-02-01_41_36,3153.911680338506
2025-01-09_47_46,2607.953292614614
2025-02-17_14_30,1651.82645900686
2025-01-30_02_21,890.9396743348698
2025-01-02_01_02,890.9396743348698
2025-01-03_08_47,890.9396743348698
2025-01-02_46_44,1956.7878714951999
2025-02-05_02_24,890.9396743348698
2025-02-01_13_23,1918.1872027742031
2025-02-19_16_02,890.9396743348698
2025-02-23_31_02,890.9396743348698
2025-01-27_45_09,890.9396743348698
2025-02-01_43_47,2084.5387950373283
2025-02-18_48_46,2169.4339527641923
2025-01-16_43_47,4282.79655125238
2025-02-07_28_47,1953.6373359109225
2025-01-10_25_23,2709.5266745709796
2025-01-03_45_03,890.9396743348698
2025-02-22_11_36,2265.177298571155
2025-02-16_47_08,890.9396743348698
2025-02-16_03_47,890.9396743348698
2025-02-26_42_45,1865.7831827892646
2025-02-19_23_13,1441.8145825162087
2025-01-01_02_47,890.9396743348698
2025-01-27_36_27,1552.6631405809771
2025-01-16_25_23,2384.9554790997536
2025-01-04_02_01,890.9396743348698
2025-02-24_02_24,890.9396743348698
2025-02-04_02_30,890.9396743348698
2025-02-14_36_07,890.9396743348698
2025-01-08_45_42,1692.5595810603572
2025-02-17_48_45,2058.079409027911
2025-02-23_45_42,2078.8498829740515
2025-01-20_11_36,1692.5595810603572
2025-02-04_43_47,1584.58620638095
2025-02-07_45_34,3294.9753684556117
2025-01-10_46_33,4385.10779583897
2025-02-04_46_44,1729.8784276957379
2025-02-27_25_23,2554.618972784435
2025-02-28_06_47,890.9396743348698
2025-02-08_36_12,2010.032135756809
2025-01-01_39_45,3343.2154036179363
2025-01-21_02_40,890.9396743348698
2025-01-22_19_30,1739.7422627791257
2025-01-31_45_34,3641.2764865948784
2025-01-26_11_36,1947.3722825828622
2025-02-10_47_05,890.9396743348698
2025-02-21_43_47,2028.3640631606131
2025-01-04_12_36,1819.9441187371397
2025-01-08_30_14,1666.2482056841895
2025-02-22_45_05,890.9396743348698
2025-02-28_46_47,2246.826537234915
2025-01-20_36_37,1819.547234773966
2025-01-13_02_16,890.9396743348698
2025-01-23_15_46,2221.9039263531067
2025-01-15_47_28,2444.9061353618417
2025-02-03_32_19,1495.9963835566818
2025-01-22_02_47,890.9396743348698
2025-02-06_28_47,2001.489067378387
2025-02-07_07_36,890.9396743348698
2025-01-02_45_09,890.9396743348698
2025-01-15_03_45,890.9396743348698
2025-02-06_47_08,890.9396743348698
2025-02-12_45_09,890.9396743348698
2025-01-14_02_31,890.9396743348698
2025-02-28_23_13,2120.8947726412084
2025-01-09_25_23,2618.9428892165292
2025-02-27_44_46,2192.787229962058
2025-01-07_46_45,2156.0196175069577
2025-02-23_09_45,890.9396743348698
2025-02-18_36_22,1719.4047036195948
2025-01-12_35_46,2192.062294840047
2025-02-13_38_36,1779.8711175467674
2025-02-28_20_46,2992.9225099535192
2025-01-20_46_44,2138.954000815808
2025-02-17_09_45,890.9396743348698
2025-01-03_28_47,1486.8858552465151
2025-02-06_30_02,890.9396743348698
2025-01-14_11_36,1555.2153985774216
2025-01-31_30_02,890.9396743348698
2025-02-10_03_45,890.9396743348698
2025-02-04_45_42,1799.0373868555962
2025-01-20_18_46,3750.437821203278
2025-02-24_13_23,1921.5880209545608
2025-01-29_15_46,1790.7994945474127
2025-01-06_47_10,2212.535371258381
2025-01-25_07_36,890.9396743348698
2025-01-20_04_29,890.9396743348698
2025-01-27_46_33,1463.4054147241977
2025-02-23_19_32,1780.736042474637
2025-02-13_11_36,2626.1657870312065
2025-01-01_28_47,1893.2989968282038
2025-01-30_09_45,890.9396743348698
2025-01-13_03_45,890.9396743348698
2025-02-22_31_02,890.9396743348698
2025-01-22_01_02,890.9396743348698
2025-01-04_13_23,1690.6018370374795
2025-02-19_08_47,890.9396743348698
2025-02-14_44_45,1693.4924230391928
2025-02-18_45_39,1776.548369291805
2025-02-15_23_25,3056.06698955774
2025-01-19_04_29,890.9396743348698
2025-01-05_25_23,3114.9255691068947
2025-02-13_19_30,2094.9527283839393
2025-01-02_28_47,1591.028557838545
2025-02-03_47_05,890.9396743348698
2025-02-25_02_01,890.9396743348698
2025-01-25_05_47,890.9396743348698
2025-02-14_02_21,890.9396743348698
2025-02-11_47_46,1617.3035097932861
2025-02-04_02_47,890.9396743348698
2025-01-29_46_09,890.9396743348698
2025-01-08_27_36,1638.0678791789403
2025-02-13_43_47,1819.5719540122473
2025-01-05_14_30,2094.879118189463
2025-02-18_18_46,1711.9717437207705
2025-01-07_46_09,890.9396743348698
2025-02-04_39_45,1755.8446372380913
2025-02-14_02_40,890.9396743348698
2025-02-12_45_42,2601.2586968861506
2025-01-27_47_05,890.9396743348698
2025-01-12_04_29,890.9396743348698
2025-01-08_35_46,1732.637427768339
2025-02-05_46_15,2093.514676780298
2025-02-26_03_45,890.9396743348698
2025-01-17_45_09,890.9396743348698
2025-02-10_45_34,1910.2320086380137
2025-01-29_02_30,890.9396743348698
2025-01-26_22_36,1582.32881290068
2025-01-15_09_45,890.9396743348698
2025-01-30_30_02,890.9396743348698
2025-02-02_47_45,3012.250482087692
2025-01-04_46_35,2193.4506890727152
2025-02-26_19_02,890.9396743348698
2025-02-20_22_36,1856.2223944900115
2025-01-26_31_02,890.9396743348698
2025-01-02_48_46,3712.598523287146
2025-02-26_36_41,3383.7488503494806
2025-01-25_30_14,1997.046607068389
2025-02-05_22_36,1629.7555361604736
2025-01-07_14_30,1492.9376290604532
2025-01-29_34_45,2079.280633504616
2025-02-15_20_46,1820.4388650800583
2025-02-01_23_25,3048.3716500189735
2025-02-23_34_45,3404.148103360607
2025-02-03_15_46,2604.8829797646204
2025-01-03_02_40,890.9396743348698
2025-02-16_45_39,1843.2795277927398
2025-02-22_33_46,1573.4988119001362
2025-02-07_47_06,890.9396743348698
2025-01-31_46_48,4020.295552902264
2025-01-08_02_31,890.9396743348698
2025-02-27_02_24,890.9396743348698
2025-01-05_21_02,890.9396743348698
2025-02-05_33_46,1409.95860092769
2025-01-21_47_06,890.9396743348698
2025-02-20_33_46,2225.9841936886137
2025-01-09_36_22,1720.440755164239
2025-02-18_36_27,2134.9615049201716
2025-01-05_02_01,890.9396743348698
2025-01-04_03_45,890.9396743348698
2025-01-01_09_45,890.9396743348698
2025-02-14_22_36,2023.004348161557
2025-02-09_45_28,2877.927220416852
2025-02-01_36_27,2746.142247472675
2025-02-04_13_23,1584.636285726653
2025-02-24_45_09,890.9396743348698
2025-01-20_36_07,890.9396743348698
2025-02-06_14_30,1423.1566449853162
2025-02-11_18_46,2995.806634103552
2025-02-11_19_32,1696.7030850645888
2025-01-30_13_23,1726.47295558402
2025-02-18_35_46,1810.8123779164744
2025-02-06_45_28,2906.2659664945973
2025-02-05_05_45,890.9396743348698
2025-01-18_23_25,3106.99241993412
2025-02-03_42_45,2147.6088529355275
2025-02-11_23_25,2414.2428381362624
2025-01-08_39_45,1687.4970193029171
2025-02-12_33_46,1512.9605175782033
2025-02-12_48_46,2433.6164433434215
2025-02-18_25_23,2200.045805963537
2025-02-26_46_47,1797.3528165912905
2025-01-12_17_23,1593.6590187996878
2025-01-28_46_35,1821.56196630001
2025-01-08_14_30,1652.1571935216223
2025-02-27_46_47,1635.3026127856065
2025-01-30_45_42,2365.6101825732085
2025-01-01_03_47,890.9396743348698
2025-02-21_46_44,2952.660780274011
2025-01-26_20_46,2158.9727093109595
2025-01-04_19_30,2346.4756404969553
2025-01-09_37_36,890.5845438297986
2025-02-01_17_23,1442.9849775758294
2025-01-05_02_14,890.9396743348698
2025-02-01_47_30,2025.4056808830644
2025-02-05_31_02,890.9396743348698
2025-02-08_43_47,2123.5397288765303
2025-01-21_02_19,890.9396743348698
2025-01-10_39_45,1804.7222130627226
2025-02-02_18_46,3064.131319758497
2025-02-18_31_02,890.9396743348698
2025-02-21_17_23,1444.9587946476277
2025-01-06_47_43,2627.420461260246
2025-02-04_21_02,890.9396743348698
2025-01-05_47_30,1825.4955314122117
2025-02-23_46_26,1954.8625617183645
2025-02-12_15_46,1880.1785997093043
2025-01-20_02_19,890.9396743348698
2025-02-27_46_44,2138.1323906390344
2025-01-12_47_28,3599.8902347913495
2025-02-18_45_44,1657.1272992032787
2025-02-08_17_23,1484.4414935187247
2025-01-13_28_47,1942.1807461757467
2025-01-13_26_46,1997.3139578385913
2025-01-18_39_45,2229.129979315783
2025-01-13_42_45,1848.59361514583
2025-02-09_36_22,1752.7430743512093
2025-01-08_43_47,1874.199875222028
2025-01-04_07_36,890.9396743348698
2025-01-11_39_45,2341.0015972253505
2025-01-22_28_45,1839.401906240415
2025-01-05_02_16,890.9396743348698
2025-01-08_45_09,890.9396743348698
2025-02-13_46_33,1657.1272992032787
2025-01-28_05_47,890.9396743348698
2025-02-08_19_32,1951.1648883032308
2025-01-01_48_45,3477.352172192869
2025-02-04_32_19,1606.191066504461
2025-02-20_19_32,2114.6790700897545
2025-01-26_26_46,2317.193195414088
2025-02-17_05_47,890.9396743348698
2025-02-08_02_14,890.9396743348698
2025-01-28_46_45,1722.8301444377748
2025-02-20_45_46,2590.762664266029
2025-01-08_02_19,890.9396743348698
2025-01-23_46_44,1818.1169908715137
2025-01-10_03_47,890.9396743348698
2025-02-06_09_46,890.9396743348698
2025-01-06_42_45,2710.126770163779
2025-02-20_45_44,2020.765679318349
2025-02-16_30_02,890.9396743348698
2025-02-08_44_45,1671.9321036430638
2025-02-10_16_02,890.9396743348698
2025-02-20_45_42,2248.4125915936033
2025-01-17_15_46,3217.43959390963
2025-01-18_03_45,890.9396743348698
2025-02-09_47_28,2428.2281453324867
2025-01-15_16_02,890.9396743348698
2025-02-25_41_36,2814.4355503832503
2025-02-27_02_30,890.9396743348698
2025-02-16_05_47,890.9396743348698
2025-01-24_37_36,1543.5875733055873
2025-02-28_19_30,1831.5196484649318
2025-02-11_46_44,1772.4427278580706
2025-02-14_18_46,1910.249767933756
2025-01-16_02_31,890.9396743348698
2025-01-01_42_45,3247.0327274931687
2025-02-17_02_16,890.9396743348698
2025-02-21_27_36,1653.6737113896297
2025-02-19_39_45,1728.0642800212047
2025-02-27_07_36,890.9396743348698
2025-01-19_18_46,4061.236940209026
2025-02-12_45_34,2052.5140394606565
2025-02-27_47_06,890.9396743348698
2025-02-23_11_36,2334.3866462179567
2025-01-10_47_02,890.9396743348698
2025-01-03_48_45,2376.1615430415263
2025-01-06_45_34,1860.7043504892495
2025-02-26_20_46,1997.815788953676
2025-01-06_43_47,1957.1373516985475
2025-01-11_36_07,890.9396743348698
2025-01-20_47_08,890.9396743348698
2025-02-06_45_47,2825.6628535394752
2025-02-27_45_03,890.9396743348698
2025-01-21_44_46,2508.569827291267
2025-01-04_42_45,2757.344145502293
2025-01-08_44_46,1725.695638859196
2025-02-09_02_19,890.9396743348698
2025-01-24_02_40,890.9396743348698
2025-02-02_19_02,890.9396743348698
2025-02-25_21_02,890.9396743348698
2025-02-15_46_33,1650.1255866816969
2025-02-07_20_46,1692.51837311958
2025-01-11_01_02,890.9396743348698
2025-02-13_02_30,890.9396743348698
2025-02-13_36_12,2806.302136001905
2025-01-26_19_32,1690.7499388441202
2025-01-04_45_34,3097.567496220787
2025-01-02_32_19,1624.97675320343
2025-02-22_12_36,2298.262585166477
2025-01-27_02_31,890.9396743348698
2025-01-23_37_36,1359.45896528076
2025-02-25_23_13,1830.7950274035481
2025-01-28_45_47,3046.471340656908
2025-01-17_47_28,2701.2749573223637
2025-01-17_46_20,2242.2965307488894
2025-01-17_18_46,3558.5283251408573
2025-01-14_45_44,2304.2404911937047
2025-02-26_46_20,2702.3487855044123
2025-02-24_32_19,1563.4498573546955
2025-02-08_38_36,2025.3866379143144
2025-01-08_48_46,3204.1007470253285
2025-01-31_47_10,1693.6170568282553
2025-01-06_28_47,1770.450473648595
2025-01-14_47_05,890.9396743348698
2025-01-05_23_13,1673.7177840504112
2025-02-03_02_16,890.9396743348698
2025-02-12_47_30,1585.4693875038447
2025-01-02_02_47,890.9396743348698
2025-01-08_48_45,1821.3523151759618
2025-02-18_11_36,2145.3465720248155
2025-01-31_33_46,2147.2523412379055
2025-01-01_02_24,890.9396743348698
2025-01-16_32_19,1371.7664321073698
2025-02-19_46_45,2149.425647461142
2025-02-15_28_45,2347.657205890364
2025-01-21_02_21,890.9396743348698
2025-02-24_45_05,890.9396743348698
2025-01-21_45_48,1913.8087237702969
2025-01-03_36_12,2599.332748593715
2025-01-15_40_02,890.9396743348698
2025-01-04_46_44,2472.5447531315785
2025-01-19_46_45,4002.3561060410075
2025-01-13_46_15,4099.546485107353
2025-01-27_36_41,3532.3671038028524
2025-01-02_45_46,3228.3490644245303
2025-02-19_43_47,1606.2077291021174
2025-02-08_02_40,890.9396743348698
2025-02-02_20_46,2766.62666041107
2025-02-09_45_46,3000.2221003958102
2025-02-23_47_06,890.9396743348698
2025-02-12_47_03,890.9396743348698
2025-02-17_47_02,890.9396743348698
2025-02-26_40_02,890.9396743348698
2025-02-09_12_36,1954.4351514802597
2025-01-18_45_39,2488.648449699055
2025-02-09_02_31,890.9396743348698
2025-02-15_32_19,1859.7633668216217
2025-02-05_45_47,2597.553815335284
2025-01-10_34_45,2687.161897992149
2025-02-23_47_46,2094.8034797462115
2025-01-19_36_22,1819.4875319179037
2025-02-14_17_23,1614.948658340701
2025-01-28_36_37,3060.8880614654477
2025-01-24_47_28,3195.1726799251883
2025-02-07_27_36,1710.3693857738858
2025-02-08_30_14,2025.3942367912675
2025-02-05_46_35,2132.4680069473798
2025-02-14_40_02,890.9396743348698
2025-01-21_45_09,890.9396743348698
2025-02-22_02_14,890.9396743348698
2025-01-23_47_08,890.9396743348698
2025-02-20_44_45,1672.3334416098035
2025-01-31_02_01,890.9396743348698
2025-02-13_36_41,3869.22457878347
2025-01-20_46_18,1896.3324897477182
2025-02-03_01_02,890.9396743348698
2025-01-17_02_01,890.9396743348698
2025-02-21_38_36,1735.3826472528215
2025-01-14_02_47,890.9396743348698
2025-02-28_36_22,1885.065388730432
2025-02-05_05_47,890.9396743348698
2025-02-28_47_08,890.9396743348698
2025-01-27_16_02,890.9396743348698
2025-01-09_47_30,1837.580409215014
2025-01-05_26_46,2854.863255100896
2025-02-06_46_09,890.9396743348698
2025-01-02_25_23,3956.7501177502254
2025-02-11_48_45,2242.2155425639626
2025-02-22_47_45,3312.3085528911274
2025-01-27_45_44,1690.874178567785
2025-01-09_36_07,890.9396743348698
2025-02-12_46_09,890.9396743348698
2025-02-03_02_01,890.9396743348698
2025-02-02_47_06,890.9396743348698
2025-01-20_36_12,1704.7656144779498
2025-02-27_02_47,890.9396743348698
2025-01-31_04_29,890.9396743348698
2025-02-28_37_36,2545.1372942168177
2025-01-20_46_45,3214.8105206971472
2025-02-26_04_29,890.9396743348698
2025-01-22_41_36,2598.805689897046
2025-02-10_46_20,2160.4469971169447
2025-02-26_27_36,1760.5773235806187
2025-01-04_44_45,1951.9862553537423
2025-01-11_02_24,890.9396743348698
2025-01-24_05_47,890.9396743348698
2025-02-07_41_36,3151.0744487345837
2025-01-16_47_28,2634.14213479102
2025-02-01_47_10,1844.3722774985754
2025-02-06_02_24,890.9396743348698
2025-01-21_22_36,1496.0047758906662
2025-02-17_46_35,1661.761644853536
2025-02-24_17_23,2102.1213410260257
2025-02-02_45_28,2129.627637290198
2025-02-14_21_02,890.9396743348698
2025-02-16_47_03,890.9396743348698
2025-02-22_46_44,2111.1718686546606
2025-01-26_47_05,890.9396743348698
2025-01-19_45_44,1715.9825328226154
2025-01-04_19_02,890.9396743348698
2025-02-05_02_01,890.9396743348698
2025-01-16_01_02,890.9396743348698
2025-02-08_34_45,2297.295357632055
2025-02-27_19_30,1646.3597255071163
2025-01-28_02_21,890.9396743348698
2025-02-03_45_48,1671.6917294010818
2025-02-10_36_41,3815.4010332367316
2025-01-03_46_48,2839.5271204793644
2025-02-11_45_46,2774.3411829814268
2025-02-21_41_36,2684.377565801244
2025-01-24_46_48,3361.1058156591434
2025-02-28_47_03,890.9396743348698
2025-02-24_02_19,890.9396743348698
2025-01-20_31_02,890.9396743348698
2025-01-25_36_07,890.9396743348698
2025-01-06_11_36,1739.0487769381707
2025-01-05_47_46,2721.9927251783192
2025-01-13_03_47,890.9396743348698
2025-02-05_44_45,1661.365981610632
2025-02-21_36_11,2894.0993888475246
2025-01-01_02_16,890.9396743348698
2025-01-05_18_46,2845.8457660679605
2025-01-18_15_46,3566.21183363911
2025-02-23_44_46,2995.998244722313
2025-01-09_35_46,1954.224823332459
2025-01-29_12_36,1617.6544918385994
2025-02-20_39_45,1566.6261214786919
2025-01-09_47_28,3010.1106631328557
2025-02-20_47_08,890.9396743348698
2025-01-31_14_30,1825.7227205902586
2025-01-14_03_45,890.9396743348698
2025-01-09_45_39,2542.8799737691916
2025-02-21_01_02,890.9396743348698
2025-02-08_30_02,890.9396743348698
2025-01-18_31_02,890.9396743348698
2025-01-11_45_28,4399.327516042111
2025-02-12_36_37,4403.391112547395
2025-01-17_19_30,2280.9221813460185
2025-02-18_38_36,1582.4116376077113
2025-02-23_45_46,3114.3416173992455
2025-01-24_23_13,2434.339626904493
2025-02-14_23_13,1551.9839413622271
2025-01-21_47_10,1308.837426839691
2025-01-03_46_20,1951.7218946443222
2025-02-05_25_23,2124.542824143207
2025-01-11_47_08,890.9396743348698
2025-01-23_46_20,2175.3971516500474
2025-01-13_02_19,890.9396743348698
2025-02-09_16_02,890.9396743348698
2025-02-17_02_47,890.9396743348698
2025-01-19_47_30,2033.244228235706
2025-02-08_09_46,890.9396743348698
2025-01-22_45_39,2206.2736525897617
2025-01-29_19_02,890.9396743348698
2025-02-04_46_48,2076.106315580045
2025-01-11_15_46,2685.3177820868023
2025-02-02_36_07,890.9396743348698
2025-01-01_15_46,4369.556092820256
2025-01-26_37_36,1775.4905676107992
2025-01-02_30_02,890.9396743348698
2025-01-30_18_46,1760.7867712240804
2025-02-01_46_48,3823.8077573210176
2025-01-03_45_44,2419.690513237891
2025-01-21_38_36,1572.406179776794
2025-02-08_12_36,1975.8617960597119
2025-02-10_46_35,1943.1939274356578
2025-02-06_02_16,890.9396743348698
2025-02-25_02_40,890.9396743348698
2025-02-20_16_02,890.9396743348698
2025-01-07_36_37,1367.827009499948
2025-02-27_46_20,2407.4785076216012
2025-01-10_45_47,3286.257099293517
2025-01-02_37_36,1187.0628488393656
2025-02-28_40_02,890.9396743348698
2025-02-27_04_29,890.9396743348698
2025-02-05_37_36,2450.8544843863165
2025-01-15_46_09,890.9396743348698
2025-02-03_19_30,2106.9169202293715
2025-02-13_46_09,890.9396743348698
2025-02-20_46_44,2241.239653998279
2025-01-12_46_48,4791.691303973533
2025-02-27_36_11,2202.0930742751407
2025-02-06_19_30,1907.8140412627579
2025-01-09_23_25,3308.577561365456
2025-02-27_18_46,3097.0999170387636
2025-01-04_36_27,1638.051186063706
2025-02-15_13_23,1606.2410542974299
2025-02-03_02_19,890.9396743348698
2025-02-18_47_28,2038.7855887946203
2025-01-26_45_42,2234.5692104059103
2025-01-13_02_40,890.9396743348698
2025-01-17_28_45,2322.7168323884007
2025-01-28_15_46,1764.7003565189418
2025-02-15_47_30,1977.2764469085762
2025-02-23_47_45,2850.6472833124267
2025-01-12_05_45,890.9396743348698
2025-02-22_47_06,890.9396743348698
2025-02-07_28_45,2026.0021086129632
2025-02-27_37_36,2942.7652726009565
2025-01-29_36_12,2110.3655257378114
2025-01-19_45_03,890.9396743348698
2025-02-21_28_47,1677.2825058431763
2025-02-02_02_24,890.9396743348698
2025-02-02_48_45,3138.4086311282235
2025-01-29_02_21,890.9396743348698
2025-01-27_47_06,890.9396743348698
2025-02-24_44_45,1721.6268527285795
2025-01-05_45_09,890.9396743348698
2025-01-16_46_18,2708.480352958287
2025-01-05_38_36,1582.0117726603592
2025-01-27_43_47,1665.8382465147924
2025-02-21_47_08,890.9396743348698
2025-02-26_47_10,1584.9265010158024
2025-02-10_47_43,2011.9841098688885
2025-01-19_46_09,890.9396743348698
2025-01-19_36_37,2242.1698300459257
2025-02-05_28_45,2134.9835621228403
2025-02-22_46_15,2008.988255610729
2025-01-16_45_46,3356.47332939324
2025-01-20_07_36,890.9396743348698
2025-02-09_39_45,2462.767759758563
2025-01-06_47_46,1663.6417727607538
2025-01-08_12_36,1844.3213372270989
2025-02-06_48_45,2134.9835621228403
2025-02-20_26_46,1433.7424769413358
2025-02-18_22_36,1485.134348518975
2025-02-26_32_19,1711.9717437207705
2025-02-07_47_10,1645.2148398372717
2025-01-08_02_01,890.9396743348698
2025-01-11_37_36,1476.4008074719673
2025-02-05_03_45,890.9396743348698
2025-02-20_28_45,1835.8504272498067
2025-02-12_17_23,1427.4974676094741
2025-02-05_18_46,2015.595260867968
2025-01-26_03_47,890.9396743348698
2025-02-19_36_27,2162.097625197275
2025-01-19_45_42,1878.3531519249645
2025-01-28_45_42,1784.4401879459701
2025-02-21_23_13,1653.6737113896297
2025-01-02_44_45,2244.038319774604
2025-02-24_20_46,1632.7616554710753
2025-01-01_46_15,2391.565932245196
2025-01-10_46_35,4354.673686241493
2025-02-04_45_28,2221.1551579993443
2025-01-07_04_29,890.9396743348698
2025-01-02_02_14,890.9396743348698
2025-02-01_02_14,890.9396743348698
2025-01-18_08_47,890.9396743348698
2025-02-24_47_05,890.9396743348698
2025-01-31_20_46,2163.0621371193834
2025-02-16_03_45,890.9396743348698
2025-02-15_41_36,3205.8299580924286
2025-02-08_46_18,3463.7671467520477
2025-02-23_18_46,2618.3810626114146
2025-02-21_02_01,890.9396743348698
2025-02-25_17_23,1454.7134921306747
2025-02-04_02_40,890.9396743348698
2025-02-23_45_09,890.9396743348698
2025-01-30_32_19,1535.588326977315
2025-02-18_01_02,890.9396743348698
2025-02-16_45_42,2024.6482004896466
2025-01-27_35_46,2176.000701315913
2025-01-08_45_39,1985.4303842043478
2025-02-04_09_45,890.9396743348698
2025-01-28_30_02,890.9396743348698
2025-01-22_46_09,890.9396743348698
2025-01-26_02_47,890.9396743348698
2025-02-10_41_36,3081.5424865482337
2025-02-28_46_45,3189.9058697577275
2025-01-12_31_02,890.9396743348698
2025-01-07_46_47,1768.637020632316
2025-01-20_22_36,1639.2837834399033
2025-02-09_45_39,1968.943214367318
2025-02-23_40_02,890.9396743348698
2025-01-14_23_25,2761.4580897176456
2025-01-04_41_36,3318.256993258715
2025-02-17_28_45,2407.4189402659595
2025-01-06_48_46,3239.7229072255186
2025-01-12_47_08,890.9396743348698
2025-01-27_02_19,890.9396743348698
2025-01-22_22_36,1586.3605783387882
2025-01-08_23_25,2891.189507089194
2025-01-27_46_47,1558.5313272999515
2025-02-06_04_29,890.9396743348698
2025-02-28_36_37,2785.2495367355705
2025-02-06_46_44,2141.7926004410115
2025-01-15_02_30,890.9396743348698
2025-01-09_02_14,890.9396743348698
2025-01-26_07_36,890.9396743348698
2025-02-26_33_46,1559.7149413489474
2025-02-22_23_13,1818.5042429924167
2025-01-13_46_26,2131.687551806732
2025-01-04_11_36,1747.1096505813853
2025-01-05_45_03,890.9396743348698
2025-01-03_32_19,1778.9205698920416
2025-01-14_33_46,2111.727096482539
2025-02-22_47_30,2467.946345157517
2025-02-19_09_46,890.9396743348698
2025-01-30_37_36,2867.358362010503
2025-02-13_36_07,890.9396743348698
2025-01-17_45_28,3065.4967639849797
2025-01-09_45_46,2444.534720441754
2025-02-13_46_15,2242.2155425639626
2025-02-19_27_36,1810.6915353287263
2025-02-21_46_48,3690.983172572494
2025-01-23_36_12,1836.2298214438879
2025-01-28_02_30,890.9396743348698
2025-01-03_36_11,1876.5443528831324
2025-02-13_19_02,890.9396743348698
2025-02-17_47_45,2352.5748211178343
2025-01-25_19_32,1757.6435039020462
2025-01-28_47_02,890.9396743348698
2025-01-08_31_02,890.9396743348698
2025-02-02_26_46,2244.1735239393383
2025-02-12_02_21,890.9396743348698
2025-01-25_44_46,1940.0068750798932
2025-02-08_45_03,890.9396743348698
2025-01-18_45_47,3494.820987280942
2025-01-01_45_44,2142.3708298972333
2025-01-17_21_02,890.9396743348698
2025-02-21_44_46,2021.683549569123
2025-02-21_02_24,890.9396743348698
2025-01-24_04_29,890.9396743348698
2025-02-18_46_45,2031.6150434158253
2025-02-12_21_02,890.9396743348698
2025-02-14_02_47,890.9396743348698
2025-01-13_13_23,1690.5688780531045
2025-01-23_02_31,890.9396743348698
2025-01-20_21_02,890.9396743348698
2025-01-08_47_30,1777.3256229781637
2025-01-01_16_02,890.9396743348698
2025-02-01_39_45,2210.89819482609
2025-02-25_46_09,890.9396743348698
2025-02-02_02_47,890.9396743348698
2025-01-13_38_36,1534.558129334886
2025-02-19_36_37,4826.65344167345
2025-02-08_46_35,2781.5530963734036
2025-01-24_47_43,2605.1486544480085
2025-01-13_06_47,890.9396743348698
2025-01-10_02_31,890.9396743348698
2025-01-07_46_35,1934.4928940311606
2025-01-03_02_01,890.9396743348698
2025-01-23_46_33,1679.8872203977319
2025-02-25_36_11,2205.9012398602536
2025-02-19_04_29,890.9396743348698
2025-02-19_20_46,1584.6947574063406
2025-01-06_45_09,890.9396743348698
2025-01-19_02_30,890.9396743348698
2025-02-03_02_40,890.9396743348698
2025-02-17_46_26,1495.9838103144943
2025-02-07_13_23,1564.3647494957336
2025-02-12_28_45,1792.4777454790378
2025-01-28_14_30,1657.1272992032787
2025-02-26_11_36,1928.736416230648
2025-01-01_05_45,890.9396743348698
2025-02-09_07_36,890.9396743348698
2025-02-17_08_47,890.9396743348698
2025-01-10_45_28,4490.391678117007
2025-01-11_02_14,890.9396743348698
2025-01-17_48_45,2876.0749789081356
2025-02-19_07_36,890.9396743348698
2025-01-15_13_23,1656.33541091223
2025-01-25_46_45,3346.1505794793
2025-01-29_47_46,1797.3528165912905
2025-02-23_45_48,2128.300298097658
2025-01-27_12_36,1930.3238709952043
2025-01-14_46_45,2768.1074009291083
2025-01-01_36_22,1770.4267757814514
2025-01-04_46_18,2191.5079858714425
2025-01-04_33_46,1589.0341993768573
2025-01-25_15_46,2241.2240900334355
2025-02-08_47_46,2499.080783455737
2025-01-20_02_31,890.9396743348698
2025-01-01_19_30,2608.3575459626486
2025-02-10_30_14,1720.8435984050705
2025-01-07_45_47,2528.5229217736887
2025-02-09_32_19,1790.0066412965093
2025-02-25_30_02,890.9396743348698
2025-02-08_45_09,890.9396743348698
2025-01-12_06_47,890.9396743348698
2025-02-14_15_46,1980.6829171633321
2025-01-17_46_35,2225.644746782861
2025-02-10_22_36,1677.6618941274228
2025-01-20_30_02,890.9396743348698
2025-01-19_47_46,2586.082511383349
2025-02-22_18_46,1993.3625179407372
2025-02-03_03_45,890.9396743348698
2025-02-25_03_45,890.9396743348698
2025-02-18_46_20,1830.8143755480794
2025-01-02_36_12,1910.3867703937447
2025-01-19_23_13,1748.652101871669
2025-01-28_19_32,1477.9910687907304
2025-02-04_31_02,890.9396743348698
2025-01-22_36_41,4256.704439071546
2025-01-09_46_18,3716.625809092543
2025-01-21_46_33,1502.7809359524804
2025-02-16_47_46,2400.3950457224105
2025-02-24_26_46,1760.7627844076742
2025-01-01_47_28,1847.9921315094352
2025-02-04_46_18,1938.69597407601
2025-02-20_02_24,890.9396743348698
2025-02-06_38_36,1768.4816676398455
2025-01-25_36_22,1792.6576787878248
2025-02-07_02_16,890.9396743348698
2025-01-23_18_46,2141.8700540542927
2025-02-17_21_02,890.9396743348698
2025-01-18_26_46,2096.3255011077144
2025-02-18_02_21,890.9396743348698
2025-02-20_47_02,890.9396743348698
2025-01-05_02_21,890.9396743348698
2025-02-23_45_03,890.9396743348698
2025-01-05_47_03,890.9396743348698
2025-01-15_23_25,3372.9094997654242
2025-02-24_30_02,890.9396743348698
2025-02-27_45_44,1834.6503890636627
2025-01-26_45_39,2235.8654165391463
2025-01-11_36_11,1839.319661367368
2025-02-19_05_45,890.9396743348698
2025-02-23_45_39,1860.515001235819
2025-01-13_36_07,890.9396743348698
2025-01-24_22_36,1699.0453293513729
2025-01-18_33_46,3262.2940643324237
2025-01-21_23_13,1637.3928608683934
2025-02-04_17_23,1586.3397348329288
2025-01-18_03_47,890.9396743348698
2025-01-01_46_48,3502.7362382458487
2025-02-08_47_05,890.9396743348698
2025-01-05_20_46,3074.8488164865894
2025-02-03_47_02,890.9396743348698
2025-01-04_47_08,890.9396743348698
2025-02-12_13_23,1555.2476183257406
2025-01-19_28_45,3483.859198054393
2025-02-04_35_46,1707.9721467533368
2025-02-07_47_28,3353.2050640477455
2025-01-23_46_26,1861.102153734649
2025-02-23_47_10,1552.0299486963725
2025-02-17_02_01,890.9396743348698
2025-02-28_38_36,1775.4871752288605
2025-01-14_02_40,890.9396743348698
2025-01-07_08_47,890.9396743348698
2025-02-11_12_36,1832.4107352124201
2025-01-14_09_46,890.9396743348698
2025-01-16_02_30,890.9396743348698
2025-01-25_46_20,2248.869304667762
2025-02-17_42_45,2003.6049599690632
2025-02-17_11_36,2340.2238457104772
2025-02-11_28_45,1863.5214330251395
2025-02-13_36_27,2302.0013171618507
2025-02-19_47_10,1359.45896528076
2025-02-16_31_02,890.9396743348698
2025-01-30_28_47,1683.2559798207822
2025-01-11_03_47,890.9396743348698
2025-02-25_36_07,890.9396743348698
2025-02-07_46_33,2622.382851970718
2025-01-19_05_47,890.9396743348698
2025-02-12_45_44,1542.8406918505084
2025-02-25_16_02,890.9396743348698
2025-02-17_34_45,2245.4644212896897
2025-01-07_31_02,890.9396743348698
2025-01-20_20_46,3163.6727771099454
2025-02-16_47_05,890.9396743348698
2025-01-04_45_46,3087.85541285032
2025-02-11_22_36,1671.5458250000536
2025-02-26_46_33,1545.305199907149
2025-02-25_33_46,1545.6168315777338
2025-01-13_36_11,1671.4683404101766
2025-02-07_09_46,890.9396743348698
2025-01-21_46_47,1693.4924230391928
2025-02-07_16_02,890.9396743348698
2025-01-13_30_14,1863.5539647634207
2025-01-27_46_26,1728.2598032566202
2025-02-27_28_47,1701.102970218913
2025-02-20_02_16,890.9396743348698
2025-02-13_02_14,890.9396743348698
2025-01-20_47_43,2101.88952576905
2025-02-01_05_45,890.9396743348698
2025-02-09_02_30,890.9396743348698
2025-02-02_45_48,2340.1375737584203
2025-01-11_44_46,2806.302136001905
2025-01-20_37_36,1408.510608136524
2025-02-06_45_03,890.9396743348698
2025-01-20_46_15,1915.4523919246603
2025-01-29_47_45,2109.34244979625
2025-01-05_03_45,890.9396743348698
2025-02-24_45_39,1809.9952464057135
2025-02-24_12_36,1941.5003161487443
2025-02-09_43_47,2080.484487122341
2025-02-17_41_36,2551.196672255229
2025-02-09_46_33,1827.713891566112
2025-01-19_30_02,890.9396743348698
2025-02-01_31_02,890.9396743348698
2025-02-17_02_14,890.9396743348698
2025-01-17_09_45,890.9396743348698
2025-01-16_35_46,4281.322816976137
2025-02-01_36_07,890.9396743348698
2025-01-17_02_19,890.9396743348698
2025-01-29_39_45,1657.731721897592
2025-01-24_36_11,2415.042890478312
2025-01-05_09_45,890.9396743348698
2025-01-02_30_14,1944.0270213636563
2025-01-10_02_24,890.9396743348698
2025-01-19_21_02,890.9396743348698
2025-01-24_47_06,890.9396743348698
2025-01-07_06_47,890.9396743348698
2025-02-16_47_28,2260.154149035321
2025-01-26_41_36,3297.433655147241
2025-02-12_45_47,3519.873080767986
2025-02-27_46_45,2269.410254447698
2025-02-16_11_36,3075.434442621569
2025-01-11_46_44,4527.6251232092745
2025-02-10_46_26,1641.721066445618
2025-01-05_45_42,1845.933547590289
2025-02-12_45_39,2084.3216282755156
2025-02-03_45_46,2913.46203051285
2025-01-14_22_36,1779.9331292655174
2025-01-23_47_05,890.9396743348698
2025-01-20_02_16,890.9396743348698
2025-01-28_05_45,890.9396743348698
2025-02-07_03_47,890.9396743348698
2025-02-12_09_46,890.9396743348698
2025-01-04_30_02,890.9396743348698
2025-01-26_28_45,2444.375495018667
2025-01-28_46_09,890.9396743348698
2025-02-10_33_46,1953.6544168671983
2025-02-25_01_02,890.9396743348698
2025-02-07_01_02,890.9396743348698
2025-02-25_07_36,890.9396743348698
2025-02-11_42_45,1830.4545394295285
2025-02-06_44_46,1678.3885184421927
2025-01-20_09_45,890.9396743348698
2025-02-26_36_22,1804.3557326204527
2025-02-13_15_46,1858.5913193252377
2025-01-12_46_26,2402.8621895461038
2025-02-24_04_29,890.9396743348698
2025-02-18_20_46,1475.2496301482693
2025-02-20_02_21,890.9396743348698
2025-01-06_36_12,1836.2134410221238
2025-02-25_45_47,2534.654034822921
2025-02-06_19_32,1584.5193728848562
2025-02-23_14_30,2487.8866833052543
2025-01-17_33_46,2806.464614516048
2025-02-26_02_19,890.9396743348698
2025-01-13_09_46,890.9396743348698
2025-01-03_01_02,890.9396743348698
2025-01-06_16_02,890.9396743348698
2025-02-20_05_47,890.9396743348698
2025-02-18_03_45,890.9396743348698
2025-02-04_28_45,2049.099560287155
2025-01-26_45_05,890.9396743348698
2025-01-02_02_19,890.9396743348698
2025-02-07_43_47,1865.1139932136546
2025-02-14_45_44,2581.3100932211896
2025-02-07_02_21,890.9396743348698
2025-02-26_45_39,1947.281447475974
2025-01-26_16_02,890.9396743348698
2025-02-13_27_36,1869.499624982639
2025-01-17_07_36,890.9396743348698
2025-02-09_19_30,2327.558735511604
2025-02-14_25_23,2401.407563006097
2025-02-08_46_47,1770.4892668529776
2025-02-22_47_02,890.9396743348698
2025-02-13_47_05,890.9396743348698
2025-02-23_45_47,3312.6410659876965
2025-02-18_47_08,890.9396743348698
2025-02-19_26_46,1840.0940687307757
2025-01-27_45_03,890.9396743348698
2025-02-04_45_39,1584.469263021575
2025-01-22_06_47,890.9396743348698
2025-02-14_46_09,890.9396743348698
2025-01-12_47_43,4540.056885904587
2025-01-26_44_46,3073.3307533908637
2025-02-11_45_47,3240.7595295514975
2025-02-17_45_03,890.9396743348698
2025-02-09_04_29,890.9396743348698
2025-02-09_27_36,2461.8544510928277
2025-02-10_36_07,890.9396743348698
2025-02-03_02_31,890.9396743348698
2025-02-17_36_07,890.9396743348698
2025-01-03_19_32,1656.77770693932
2025-02-12_03_47,890.9396743348698
2025-01-24_32_19,1779.8380059745018
2025-02-19_34_45,1764.2885753541225
2025-01-11_46_48,5180.4126468677505
2025-01-31_30_14,3070.7945005247248
2025-01-11_28_47,2575.4078033053247
2025-02-19_17_23,1477.6443832832565
2025-02-16_45_09,890.9396743348698
2025-01-25_45_03,890.9396743348698
2025-01-28_43_47,1485.242725870132
2025-01-04_02_30,890.9396743348698
2025-01-07_18_46,1837.409755999512
2025-02-16_09_45,890.9396743348698
2025-01-10_45_46,3659.263269798482
2025-01-12_46_33,3782.7592110136793
2025-01-13_02_24,890.9396743348698
2025-02-01_47_08,890.9396743348698
2025-02-04_30_14,2057.8376461920157
2025-01-22_47_08,890.9396743348698
2025-01-13_25_23,2065.4769002043836
2025-01-15_44_46,3667.991232391595
2025-02-15_42_45,1939.8364417393136
2025-01-24_19_32,1801.5960532961556
2025-02-26_03_47,890.9396743348698
2025-02-26_02_40,890.9396743348698
2025-01-26_02_31,890.9396743348698
2025-02-17_37_36,3175.3884241573774
2025-01-06_45_48,1788.1268510021928
2025-02-06_41_36,3061.237895107688
2025-01-06_46_45,2585.113063110178
2025-01-13_34_45,2854.9771772200365
2025-02-15_30_14,2306.136511994098
2025-02-25_37_36,3290.155107710065
2025-01-21_19_02,890.9396743348698
2025-02-08_28_47,2121.150377805029
2025-01-12_45_48,3747.7416930138784
2025-01-14_28_47,2384.335624728455
2025-01-22_43_47,2195.548713006177
2025-01-25_26_46,2024.4219664072768
2025-02-11_35_46,2406.1037270859597
2025-02-07_36_41,4607.264200809409
2025-01-13_22_36,1657.1070355314037
2025-01-13_02_14,890.9396743348698
2025-02-13_31_02,890.9396743348698
2025-02-18_47_30,1777.3256229781637
2025-01-09_33_46,1434.9371879403186
2025-02-16_46_26,2102.924959655514
2025-01-08_47_10,3329.677172083703
2025-01-15_35_46,3640.898781048946
2025-02-24_37_36,2907.3981419639254
2025-02-16_02_24,890.9396743348698
2025-01-10_46_20,4711.814166807159
2025-01-23_47_02,890.9396743348698
2025-02-03_25_23,2423.806711662066
2025-01-13_41_36,3278.8262948710526
2025-01-26_02_30,890.9396743348698
2025-01-15_45_44,1876.420471386185
2025-01-14_45_42,1731.2864499594014
2025-02-16_44_46,3230.6641240086724
2025-01-23_46_47,1898.963514136715
2025-02-12_02_31,890.9396743348698
2025-02-03_46_09,890.9396743348698
2025-01-31_02_30,890.9396743348698
2025-02-14_05_47,890.9396743348698
2025-01-13_31_02,890.9396743348698
2025-02-01_47_06,890.9396743348698
2025-02-18_09_46,890.9396743348698
2025-01-07_45_42,1690.585357545292
2025-02-21_40_02,890.9396743348698
2025-01-01_36_11,1844.3805172446691
2025-01-01_14_30,2828.691576177981
2025-02-26_39_45,1695.5145144947116
2025-01-11_46_47,2592.874669038376
2025-01-28_02_01,890.9396743348698
2025-02-02_02_19,890.9396743348698
2025-01-15_48_46,4657.508650927159
2025-01-21_48_45,2285.9409802026303
2025-01-03_47_06,890.9396743348698
2025-02-25_05_47,890.9396743348698
2025-01-03_46_47,1744.479522093427
2025-02-16_46_44,2064.6496978043942
2025-01-31_05_47,890.9396743348698
2025-01-14_34_45,2947.8002561519097
2025-01-24_45_46,3287.5320684395538
2025-01-17_39_45,2113.2168765406204
2025-01-22_04_29,890.9396743348698
2025-02-10_39_45,2154.604095940113
2025-01-03_42_45,2410.3612612771262
2025-02-27_20_46,2731.567862071562
2025-01-03_09_45,890.9396743348698
2025-02-06_22_36,1641.7188986751623
2025-02-22_46_45,2278.744371849999
2025-01-16_31_02,890.9396743348698
2025-02-18_46_44,1863.5214330251395
2025-01-12_21_02,890.9396743348698
2025-01-02_47_08,890.9396743348698
2025-01-31_45_44,2954.186943020928
2025-02-11_02_40,890.9396743348698
2025-01-27_42_45,2016.6969236619548
2025-02-19_45_47,3226.597831642599
2025-02-24_02_21,890.9396743348698
2025-01-01_21_02,890.9396743348698
2025-02-21_23_25,3547.0120395934273
2025-02-17_46_47,2209.000102625746
2025-02-02_43_47,2026.7601208635424
2025-01-08_36_12,1946.876606922008
2025-01-31_45_39,3176.791968684486
2025-01-29_30_02,890.9396743348698
2025-02-25_46_45,2096.0693859038847
2025-02-15_18_46,1944.059400514047
2025-01-29_36_27,1674.628514646383
2025-01-03_45_05,890.9396743348698
2025-01-18_36_12,2330.0238915341706
2025-02-21_36_37,7196.686380000185
2025-01-21_36_07,890.9396743348698
2025-01-23_19_02,890.9396743348698
2025-01-31_18_46,2576.246331106236
2025-02-12_05_47,890.9396743348698
2025-02-27_47_08,890.9396743348698
2025-01-11_34_45,2801.546570833958
2025-02-18_05_45,890.9396743348698
2025-01-17_27_36,1647.810178140763
2025-01-09_43_47,1981.0154181035452
2025-01-10_45_44,3579.998946793334
2025-01-31_45_46,3285.587978318893
2025-02-25_45_03,890.9396743348698
2025-01-02_19_32,1690.5359495863077
2025-02-06_02_47,890.9396743348698
2025-01-10_35_46,1891.7303548140821
2025-01-06_36_22,1842.7526324435398
2025-02-11_44_45,1992.3037045498295
2025-02-04_46_20,1710.485779273181
2025-02-01_46_09,890.9396743348698
2025-02-08_47_45,2570.0246349091626
2025-02-17_27_36,2105.0166310356385
2025-01-28_46_15,2438.61363300236
2025-02-02_01_02,890.9396743348698
2025-01-11_46_15,4785.334919696189
2025-01-26_09_45,890.9396743348698
2025-02-19_38_36,1877.0944084586968
2025-01-29_22_36,1425.529764815119
2025-01-10_28_45,2131.295871231672
2025-02-22_46_48,4113.038208609648
2025-01-30_43_47,1742.3893720527171
2025-01-01_17_23,1551.9630673387896
2025-01-18_46_47,2065.495851620399
2025-01-16_45_42,1851.3427168001738
2025-01-31_42_45,2071.4300144494373
2025-01-09_09_45,890.9396743348698
2025-02-12_47_10,1555.099154702456
2025-02-11_08_47,890.9396743348698
2025-02-04_47_28,2214.3179935366766
2025-01-03_12_36,2100.158724590196
2025-01-27_02_47,890.9396743348698
2025-02-19_47_03,890.9396743348698
2025-02-18_02_30,890.9396743348698
2025-02-16_33_46,2533.101568682811
2025-01-27_39_45,2221.1280007606783
2025-02-02_44_45,2757.975396235628
2025-01-08_13_23,1573.4389178630438
2025-01-04_02_31,890.9396743348698
2025-01-07_47_06,890.9396743348698
2025-01-20_45_48,1827.620928836702
2025-02-04_18_46,2028.5693149470135
2025-02-14_31_02,890.9396743348698
2025-01-21_02_16,890.9396743348698
2025-01-07_48_46,2863.0224381541098
2025-02-01_36_11,2548.993268519816
2025-02-24_44_46,1959.0742930675333
2025-02-17_33_46,1552.6547177294146
2025-01-15_06_47,890.9396743348698
2025-02-17_16_02,890.9396743348698
2025-01-29_45_39,1930.6052661750168
2025-02-15_38_36,2097.8032854111116
2025-01-26_46_35,1680.4068154056333
2025-01-06_47_06,890.9396743348698
2025-02-01_01_02,890.9396743348698
2025-01-27_47_46,1591.028557838545
2025-01-23_02_24,890.9396743348698
2025-02-01_45_44,2702.1653000075903
2025-02-19_46_09,890.9396743348698
2025-02-26_37_36,3475.73689053544
2025-02-01_08_47,890.9396743348698
2025-02-06_45_39,2615.646574437865
2025-01-11_45_47,3030.2808091598286
2025-01-01_44_45,3099.5067195322717
2025-02-11_01_02,890.9396743348698
2025-01-29_02_19,890.9396743348698
2025-01-26_36_11,1555.2153985774216
2025-01-20_02_47,890.9396743348698
2025-01-01_36_12,2372.876418477146
2025-02-08_02_01,890.9396743348698
2025-02-16_46_47,2134.0223163506516
2025-02-16_28_47,2270.434584386502
2025-02-16_46_18,2127.9693183822737
2025-01-10_05_45,890.9396743348698
2025-01-25_31_02,890.9396743348698
2025-02-04_30_02,890.9396743348698
2025-01-29_01_02,890.9396743348698
2025-02-17_45_47,3143.1053297146063
2025-02-17_46_44,1705.706849985975
2025-01-08_45_05,890.9396743348698
2025-02-05_23_13,1452.4608642002756
2025-02-23_02_31,890.9396743348698
2025-01-20_08_47,890.9396743348698
2025-02-05_47_05,890.9396743348698
2025-02-08_46_44,2673.3484903718045
2025-02-13_28_47,1905.058272589156
2025-01-11_22_36,1750.340345792613
2025-01-28_45_28,2204.4068387017
2025-01-13_39_45,2340.638409051374
2025-02-13_46_18,2234.5535854059103
2025-02-21_02_40,890.9396743348698
2025-01-25_03_45,890.9396743348698
2025-02-21_45_39,3470.4737068224536
2025-01-21_34_45,2229.7499004213505
2025-01-17_47_10,1964.552741758383
2025-01-17_45_03,890.9396743348698
2025-01-14_45_39,1947.2889761075608
2025-02-16_16_02,890.9396743348698
2025-02-14_47_46,2409.246501663427
2025-01-27_47_08,890.9396743348698
2025-02-26_19_32,1428.1597761931223
2025-02-16_08_47,890.9396743348698
2025-01-25_02_19,890.9396743348698
2025-02-19_28_45,2061.5781635355547
2025-01-02_05_45,890.9396743348698
2025-01-09_20_46,1530.1005605162031
2025-01-30_08_47,890.9396743348698
2025-01-21_33_46,1868.970013122194
2025-01-04_46_45,2609.5609390867403
2025-01-31_46_09,890.9396743348698
2025-01-08_19_32,1756.2694872833915
2025-02-08_48_45,2019.3534922344393
2025-02-17_45_09,890.9396743348698
2025-02-27_36_12,2064.633798146191
2025-01-31_19_02,890.9396743348698
2025-02-17_36_41,3658.694800977356
2025-02-12_46_33,1371.7622511991667
2025-02-05_07_36,890.9396743348698
2025-01-30_45_03,890.9396743348698
2025-01-01_25_23,4290.324976869622
2025-02-02_05_45,890.9396743348698
2025-02-04_45_48,1750.0690519451334
2025-01-29_46_44,2181.3617674667994
2025-01-02_35_46,2822.542216790125
2025-01-30_47_08,890.9396743348698
2025-02-23_02_16,890.9396743348698
2025-01-20_16_02,890.9396743348698
2025-01-27_46_15,1951.7643353411256
2025-02-09_45_34,2160.2196798281466
2025-02-18_47_43,2149.7509814247146
2025-02-15_03_45,890.9396743348698
2025-02-15_45_48,2418.9653111128464
2025-01-27_46_48,2130.0232342507834
2025-02-02_12_36,2203.1182636449525
2025-02-17_45_28,2532.339853694229
2025-02-22_28_47,2307.920727256321
2025-02-25_47_30,1637.3928608683934
2025-02-06_20_46,1617.3035097932861
2025-01-15_25_23,2626.660798271625
2025-01-30_46_20,2097.17711975357
2025-01-13_02_30,890.9396743348698
2025-02-03_46_18,1924.158932627567
2025-02-20_12_36,2085.3888810255453
2025-01-26_19_30,2313.8539495712917
2025-01-05_46_18,2416.7686681330483
2025-02-20_21_02,890.9396743348698
2025-01-29_45_05,890.9396743348698
2025-02-13_16_02,890.9396743348698
2025-01-24_42_45,2230.5509921798703
2025-01-12_47_46,2339.3121687101093
2025-01-31_15_46,2974.485892858559
2025-02-15_27_36,1899.5224609526792
2025-02-11_06_47,890.9396743348698
2025-01-07_32_19,1615.786459304154
2025-02-21_02_30,890.9396743348698
2025-02-27_02_14,890.9396743348698
2025-01-01_26_46,2671.93806939092
2025-01-23_03_45,890.9396743348698
2025-01-19_20_46,4024.556672016675
2025-02-14_19_02,890.9396743348698
2025-02-10_46_48,2625.8649621450727
2025-02-22_47_46,1932.5123425128327
2025-02-03_46_47,1569.298722827065
2025-01-30_46_18,2975.990592819927
2025-02-07_18_46,2146.663246458693
2025-02-08_45_42,2340.058776130399
2025-01-24_36_22,1879.2580619261453
2025-02-23_46_47,2118.8725878136274
2025-02-02_46_45,3076.40213231669
2025-02-20_46_18,2034.0987953178028
2025-02-07_14_30,1917.423742176307
2025-01-12_09_45,890.9396743348698
2025-01-02_43_47,2152.7175453279106
2025-01-27_19_02,890.9396743348698
2025-01-14_02_21,890.9396743348698
2025-02-08_25_23,2339.982252713845
2025-02-23_02_19,890.9396743348698
2025-02-06_46_20,2102.5714400705356
2025-01-16_07_36,890.9396743348698
2025-02-27_15_46,2138.8411444181584
2025-01-27_47_43,1927.9174744672812
2025-02-11_02_19,890.9396743348698
2025-02-02_09_46,890.9396743348698
2025-02-26_36_12,2030.7607750542938
2025-01-09_48_45,2303.9776766437
2025-02-25_35_46,2001.5976937637515
2025-01-03_02_30,890.9396743348698
2025-02-02_16_02,890.9396743348698
2025-01-18_36_11,1976.3069521182972
2025-01-30_31_02,890.9396743348698
2025-02-04_46_26,1525.3032325349252
2025-02-26_22_36,1743.9613336168645
2025-01-24_46_18,2718.4573116433453
2025-02-11_45_39,1768.2162792115444
2025-02-25_46_18,2655.3844308207863
2025-01-22_46_45,2234.960506594316
2025-01-06_09_46,890.9396743348698
2025-02-10_04_29,890.9396743348698
2025-01-20_44_45,2556.694221531231
2025-02-22_45_48,2493.484547404731
2025-01-01_38_36,1609.6365448394442
2025-01-26_27_36,1722.8526831865038
2025-01-08_20_46,1533.0666594968463
2025-02-06_17_23,1452.4608642002756
2025-02-27_47_02,890.9396743348698
2025-01-23_47_45,3104.8080088209936
2025-02-21_47_05,890.9396743348698
2025-01-08_18_46,1786.7755069823174
2025-02-12_25_23,2148.7492396983794
2025-01-26_13_23,2025.440013158455
2025-02-03_02_24,890.9396743348698
2025-02-01_40_02,890.9396743348698
2025-02-06_33_46,1489.5344366236213
2025-01-14_43_47,2405.3523700219844
2025-02-03_47_03,890.9396743348698
2025-02-05_45_48,1939.3309352287174
2025-02-07_15_46,2222.988038494709
2025-01-27_40_02,890.9396743348698
2025-01-29_06_47,890.9396743348698
2025-01-10_19_02,890.9396743348698
2025-01-13_23_25,2603.322475622375
2025-01-27_02_40,890.9396743348698
2025-01-03_02_24,890.9396743348698
2025-01-19_45_39,2072.8317602238567
2025-01-07_35_46,1835.2798512534623
2025-01-29_20_46,1893.5105133833158
2025-01-08_46_26,1569.298722827065
2025-02-28_45_03,890.9396743348698
2025-02-02_14_30,2358.5454146411894
2025-01-09_28_45,1721.6062335308968
2025-02-05_46_33,1520.8465792435863
2025-02-13_45_03,890.9396743348698
2025-01-18_38_36,1627.0847462185575
2025-02-27_45_42,2102.7409594982237
2025-01-02_33_46,2001.5074389604183
2025-01-21_46_09,890.9396743348698
2025-02-07_46_09,890.9396743348698
2025-01-11_30_14,2108.6457660689243
2025-01-29_23_13,1510.3024471836907
2025-01-20_02_24,890.9396743348698
2025-01-10_02_30,890.9396743348698
2025-01-08_38_36,1435.5966046954743
2025-02-20_47_46,1859.0197657899994
2025-01-12_47_02,890.9396743348698
2025-02-09_05_45,890.9396743348698
2025-02-11_03_45,890.9396743348698
2025-02-24_45_46,2962.8562491344437
2025-02-21_47_30,2157.992847185979
2025-02-21_16_02,890.9396743348698
2025-01-13_33_46,1586.3814218446475
2025-01-19_11_36,1739.4166940027899
2025-02-02_47_30,2057.7528471910277
2025-01-27_36_22,1947.2691396817795
2025-02-08_40_02,890.9396743348698
2025-01-29_13_23,1664.0554297366073
2025-01-26_47_02,890.9396743348698
2025-01-05_17_23,1485.8753741634573
2025-02-04_46_15,1780.736042474637
2025-01-11_41_36,3932.0075322934176
2025-01-19_03_45,890.9396743348698
2025-01-12_22_36,1575.4552327985737
2025-01-08_01_02,890.9396743348698
2025-01-02_02_21,890.9396743348698
2025-01-14_46_26,2028.342684680778
2025-01-08_45_44,2144.1377346404743
2025-01-04_37_36,1284.763258140036
2025-02-01_19_02,890.9396743348698
2025-01-13_47_46,2248.820895544996
2025-02-23_36_37,4670.933985854013
2025-02-04_36_11,1934.168621563777
2025-01-31_09_46,890.9396743348698
2025-02-05_36_41,4059.9264152499027
2025-01-24_09_46,890.9396743348698
2025-01-25_08_47,890.9396743348698
2025-01-26_38_36,1739.9840531450263
2025-02-02_22_36,1717.396039370395
2025-01-29_48_45,2000.3221580827671
2025-01-23_44_45,1650.1255866816969
2025-02-09_38_36,2534.4511214964596
2025-02-16_36_37,5047.294898179451
2025-02-16_12_36,1990.4079126862025
2025-01-16_28_45,3177.2232663602936
2025-02-23_07_36,890.9396743348698
2025-02-21_46_15,2254.577423825743
2025-01-02_36_27,1772.95375914833
2025-02-25_09_46,890.9396743348698
2025-02-28_17_23,1937.648145300667
2025-01-16_47_46,2080.504079407497
2025-01-31_46_18,3290.79794910244
2025-02-26_45_47,2698.276164348082
2025-01-08_02_40,890.9396743348698
2025-01-05_04_29,890.9396743348698
2025-01-28_23_13,1575.4552327985737
2025-02-08_20_46,2109.679448488283
2025-02-25_36_27,2322.6388904938694
2025-01-04_09_46,890.9396743348698
2025-01-20_02_40,890.9396743348698
2025-02-11_47_06,890.9396743348698
2025-01-12_28_47,2382.208960034112
2025-01-26_46_09,890.9396743348698
2025-01-30_40_02,890.9396743348698
2025-01-09_21_02,890.9396743348698
2025-02-16_25_23,2675.4256750985387
2025-02-10_28_47,1834.6495047226524
2025-02-05_21_02,890.9396743348698
2025-01-02_45_42,2510.6815422862655
2025-02-13_47_30,2290.362231997841
2025-01-02_22_36,1624.4004799584895
2025-02-12_46_20,1802.1685179069884
2025-01-05_27_36,1836.1968624595129
2025-01-29_26_46,1534.558129334886
2025-01-01_22_36,1935.575840213734
2025-02-06_21_02,890.9396743348698
2025-01-22_46_44,2044.6009333109796
2025-02-09_45_42,2144.60247347528
2025-01-06_02_14,890.9396743348698
2025-02-10_03_47,890.9396743348698
2025-01-11_46_33,4257.165446006742
2025-02-24_23_13,1954.4787916169785
2025-01-15_47_02,890.9396743348698
2025-02-21_05_45,890.9396743348698
2025-01-04_26_46,2256.8078969268054
2025-01-06_06_47,890.9396743348698
2025-01-17_05_45,890.9396743348698
2025-02-02_05_47,890.9396743348698
2025-02-13_09_45,890.9396743348698
2025-01-22_47_05,890.9396743348698
2025-01-06_34_45,3686.350385485422
2025-01-05_46_35,1950.6748743474714
2025-01-27_19_32,1495.2194387227462
2025-02-22_13_23,1804.7382042736601
2025-01-24_47_10,1700.5624536993018
2025-01-01_47_30,2111.4893783029574
2025-02-25_45_39,2044.677349444712
2025-02-02_47_02,890.9396743348698
2025-02-16_20_46,2297.295357632055
2025-01-18_30_02,890.9396743348698
2025-01-10_30_02,890.9396743348698
2025-02-03_05_47,890.9396743348698
2025-02-27_45_34,2167.662545587367
2025-02-24_47_28,2332.1584599437047
2025-01-29_09_45,890.9396743348698
2025-01-04_47_30,2233.327568416591
2025-01-01_35_46,3493.0050779239127
2025-01-24_30_02,890.9396743348698
2025-01-26_35_46,2885.902748105471
2025-02-08_46_48,3544.5333878818974
2025-02-06_27_36,1584.715631429778
2025-01-06_46_33,1591.6055850806051
2025-02-21_46_33,1989.8070027347212
2025-02-11_09_45,890.9396743348698
2025-01-18_19_30,2209.6236822682395
2025-02-26_36_07,890.9396743348698
2025-01-08_02_24,890.9396743348698
2025-02-28_46_26,1898.213033612265
2025-01-24_46_20,2583.1999218836118
2025-01-30_02_16,890.9396743348698
2025-01-17_20_46,3011.27343840961
2025-01-04_36_07,890.9396743348698
2025-02-26_09_45,890.9396743348698
2025-02-14_46_18,2560.4503844106102
2025-02-14_46_20,2106.8277802100088
2025-01-30_46_48,3417.336960472001
2025-01-04_48_46,3485.7539008586396
2025-02-07_36_22,1876.1363894873768
2025-02-07_04_29,890.9396743348698
2025-02-28_45_47,3093.5136844500134
2025-01-26_30_02,890.9396743348698
2025-01-31_46_15,3578.3149146893293
2025-02-25_39_45,1910.3952065897065
2025-01-02_03_45,890.9396743348698
2025-01-14_45_48,2958.1703693901663
2025-02-28_02_30,890.9396743348698
2025-01-11_43_47,2383.908220187357
2025-02-10_47_03,890.9396743348698
2025-02-07_44_46,1958.2106104314557
2025-01-28_48_45,1977.0608973395242
2025-02-22_02_40,890.9396743348698
2025-02-25_30_14,2416.7686681330483
2025-01-26_45_44,2132.588955073416
2025-01-28_47_10,1531.0831232226194
2025-02-09_44_46,3105.2036994341934
2025-02-27_05_45,890.9396743348698
2025-01-04_06_47,890.9396743348698
2025-01-29_25_23,2195.0899339113753
2025-02-18_19_32,1671.4848809375203
2025-01-23_45_46,3051.835194299255
2025-01-29_36_22,1673.169260768063
2025-02-12_26_46,1658.5588104328021
2025-01-16_13_23,1564.3616367027648
2025-02-03_02_21,890.9396743348698
2025-01-10_46_44,4778.12143569754
2025-02-16_45_03,890.9396743348698
2025-02-14_46_33,2495.876060112891
2025-02-04_23_25,2716.5280110177355
2025-01-28_22_36,1535.7165313230182
2025-01-24_46_45,3477.37954108137
2025-01-30_17_23,1434.9580009285999
2025-02-06_47_45,2696.0397206100747
2025-01-01_01_02,890.9396743348698
2025-02-13_07_36,890.9396743348698
2025-02-13_46_20,1872.3206190640756
2025-01-06_01_02,890.9396743348698
2025-01-04_23_25,2933.814011365379
2025-02-23_45_28,2333.0286703439688
2025-02-11_05_45,890.9396743348698
2025-02-28_36_07,890.9396743348698
2025-02-21_15_46,1638.0061322013198
2025-02-21_22_36,1736.7373140743916
2025-01-06_19_30,1640.6700748923959
2025-01-30_45_05,890.9396743348698
2025-02-01_26_46,2206.4865036904016
2025-01-14_02_19,890.9396743348698
2025-01-23_43_47,1852.6495878463759
2025-01-03_44_46,2060.4696516469808
2025-02-10_46_47,1608.8557299772494
2025-02-20_02_01,890.9396743348698
2025-01-29_16_02,890.9396743348698
2025-02-17_47_05,890.9396743348698
2025-02-01_36_41,4282.741916766574
2025-02-09_28_45,2521.150146502957
2025-02-12_47_46,1649.4865723394976
2025-01-23_04_29,890.9396743348698
2025-01-31_36_37,4933.254570397416
2025-01-04_39_45,2228.699854717479
2025-02-03_14_30,1988.307532537839
2025-02-09_02_14,890.9396743348698
2025-01-12_45_47,3387.3131772414577
2025-01-11_47_06,890.9396743348698
2025-02-14_45_09,890.9396743348698
2025-01-21_11_36,1425.5045572955878
2025-02-09_46_45,2861.057652639075
2025-01-06_27_36,1584.8846919337711
2025-01-26_32_19,1666.3357316284118
2025-01-25_47_30,2255.0943550534516
2025-02-25_14_30,1564.819605111553
2025-02-24_45_44,1520.8465792435863
2025-02-03_45_05,890.9396743348698
2025-01-23_01_02,890.9396743348698
2025-01-07_47_10,2600.017344722066
2025-01-23_47_30,1940.7514288581347
2025-01-13_46_47,1962.8073704121664
2025-02-26_45_44,1741.1665438107198
2025-01-07_39_45,1677.4607984298495
2025-01-21_47_03,890.9396743348698
2025-01-23_36_22,1627.0847462185575
2025-01-14_44_46,2640.140659931685
2025-01-28_44_45,1503.6154225508517
2025-02-19_46_44,1810.8449401723337
2025-02-03_47_10,1307.75051238793
2025-02-24_36_11,2169.418022588411
2025-01-14_07_36,890.9396743348698
2025-02-19_46_20,1705.8872549619
2025-01-11_45_03,890.9396743348698
2025-02-16_43_47,2351.0307689041238
2025-02-02_08_47,890.9396743348698
2025-02-10_36_27,2187.7520962390468
2025-01-16_36_12,1956.7561332139499
2025-01-20_45_47,2058.4965329123233
2025-02-09_34_45,2905.20261045218
2025-02-16_45_28,1941.5452032502385
2025-01-25_46_47,1671.5560069310686
2025-02-01_02_30,890.9396743348698
2025-02-10_47_46,1749.1692108948366
2025-01-28_25_23,2376.057281039937
2025-01-10_45_03,890.9396743348698
2025-01-17_45_39,2995.2392849138705
2025-01-02_19_30,2229.5759481976133
2025-01-01_47_06,890.9396743348698
2025-01-25_25_23,3501.3550544787036
2025-01-28_09_46,890.9396743348698
2025-02-26_46_15,1959.570597851923
2025-02-06_03_45,890.9396743348698
2025-02-16_15_46,2597.640180081378
2025-01-08_37_36,1348.616645632499
2025-01-06_08_47,890.9396743348698
2025-01-30_48_46,2896.5872496989195
2025-01-14_46_33,2124.092730945358
2025-01-03_23_25,3399.9705747109465
2025-01-27_45_47,1977.0008951808056
2025-01-25_45_42,2475.9224305214375
2025-02-02_41_36,2662.166273377392
2025-01-23_27_36,1572.406179776794
2025-01-30_39_45,1685.7080130377644
2025-01-10_42_45,1780.8655581506632
2025-02-18_45_47,3236.258596233124
2025-01-26_34_45,3093.9694966181614
2025-02-21_31_02,890.9396743348698
2025-01-29_28_45,1673.0540052662734
2025-01-15_02_16,890.9396743348698
2025-02-18_02_19,890.9396743348698
2025-02-22_15_46,1671.6009087695516
2025-02-12_36_07,890.9396743348698
2025-02-06_46_33,1741.126077502126
2025-01-11_28_45,1897.8395144873768
2025-02-02_06_47,890.9396743348698
2025-02-02_07_36,890.9396743348698
2025-01-12_37_36,1278.6096890615577
2025-01-30_19_30,2041.610191315424
2025-01-25_47_10,1475.9095728393918
2025-02-06_02_30,890.9396743348698
2025-01-08_46_09,890.9396743348698
2025-02-18_21_02,890.9396743348698
2025-02-02_09_45,890.9396743348698
2025-01-04_46_09,890.9396743348698
2025-02-23_44_45,2492.9708890180696
2025-01-27_03_45,890.9396743348698
2025-02-06_47_10,1626.940481864997
2025-02-04_19_02,890.9396743348698
2025-01-27_44_45,1574.926193501492
2025-01-14_36_27,1836.2133419517004
2025-01-15_08_47,890.9396743348698
2025-01-28_46_20,1952.7793484706685
2025-02-21_08_47,890.9396743348698
2025-02-10_36_22,1592.2935387500254
2025-01-08_36_11,1714.4754856351565
2025-01-05_08_47,890.9396743348698
2025-02-15_46_20,2240.9247068424193
2025-01-03_45_48,2161.4565767980785
2025-02-14_47_30,2041.7473173728931
2025-01-19_38_36,1584.6947574063406
2025-01-16_47_06,890.9396743348698
2025-02-03_46_45,2680.188997601524
2025-01-16_44_45,2950.2203004520334
2025-02-10_25_23,2530.9034850113103
2025-02-19_22_36,1501.9992303763572
2025-01-05_44_45,2538.8558438930845
2025-01-04_18_46,2916.896837444743
2025-01-18_36_41,4444.043827740371
2025-02-27_16_02,890.9396743348698
2025-01-15_14_30,1624.3796974877864
2025-02-18_30_14,2055.659181698524
2025-02-16_23_25,2920.684149695272
2025-01-16_16_02,890.9396743348698
2025-01-25_09_46,890.9396743348698
2025-02-14_36_22,1879.1980643675515
2025-02-23_03_45,890.9396743348698
2025-01-28_28_47,1705.4308058083184
2025-01-04_43_47,1790.7994945474127
2025-01-06_46_20,1689.5379708642072
2025-02-24_02_30,890.9396743348698
2025-02-25_47_03,890.9396743348698
2025-02-01_02_01,890.9396743348698
2025-01-22_15_46,2079.9085701792483
2025-01-15_47_08,890.9396743348698
2025-02-16_02_31,890.9396743348698
2025-02-14_19_30,2010.014024758933
2025-01-21_04_29,890.9396743348698
2025-01-03_34_45,3492.85125196195
2025-02-22_36_12,2080.5290135101277
2025-02-26_47_30,1633.7751442651302
2025-01-15_34_45,2456.703984642234
2025-02-11_40_02,890.9396743348698
2025-02-22_02_16,890.9396743348698
2025-01-21_45_28,2095.396573016395
2025-01-31_02_19,890.9396743348698
2025-02-27_02_21,890.9396743348698
2025-02-20_46_20,1953.9130240830905
2025-01-08_02_47,890.9396743348698
2025-02-18_34_45,2141.259166709786
2025-01-17_16_02,890.9396743348698
2025-01-11_02_30,890.9396743348698
2025-01-23_36_11,1780.7136243901637
2025-01-11_32_19,1690.7334898695108
2025-01-28_47_06,890.9396743348698
2025-02-07_45_03,890.9396743348698
2025-01-31_40_02,890.9396743348698
2025-01-25_45_28,2734.4139525987302
2025-01-11_23_25,3260.4000810831762
2025-01-05_05_45,890.9396743348698
2025-01-18_45_03,890.9396743348698
2025-02-08_03_47,890.9396743348698
2025-01-31_23_25,3540.696528375333
2025-01-29_19_30,1709.1760584987342
2025-01-08_02_16,890.9396743348698
2025-01-01_47_03,890.9396743348698
2025-01-18_17_23,1416.9941806924019
2025-02-24_45_47,2940.7434935189094
2025-02-23_45_05,890.9396743348698
2025-01-29_27_36,1482.5661532622285
2025-02-21_02_21,890.9396743348698
2025-01-22_36_12,1827.637316776155
2025-01-19_46_33,1907.1206041840733
2025-01-31_02_40,890.9396743348698
2025-02-21_04_29,890.9396743348698
2025-01-10_20_46,2097.583740853808
2025-02-23_15_46,2695.4647659893694
2025-01-08_46_18,2699.012554382468
2025-02-27_36_22,1655.0305012361778
2025-01-14_26_46,2139.8546105184805
2025-01-28_28_45,1989.1772330989347
2025-01-26_09_46,890.9396743348698
2025-02-12_47_28,2284.6775101474695
2025-01-17_36_27,1985.0304035022132
2025-01-10_32_19,1870.6334681584494
2025-02-09_45_44,2017.2793272471206
2025-02-23_36_11,2296.905567857655
2025-01-13_32_19,1569.9142596599188
2025-02-11_07_36,890.9396743348698
2025-01-10_04_29,890.9396743348698
2025-01-23_46_35,1934.4766891971763
2025-01-25_03_47,890.9396743348698
2025-01-25_45_39,2563.139325884227
2025-02-25_45_46,3078.6526064028926
2025-02-17_02_31,890.9396743348698
2025-02-18_47_02,890.9396743348698
2025-01-11_46_18,4533.046027995934
2025-01-13_47_06,890.9396743348698
2025-01-31_03_47,890.9396743348698
2025-02-11_13_23,1560.9003352512336
2025-01-09_46_33,2519.3630892830292
2025-02-09_46_44,2648.6245752417094
2025-02-04_45_47,2315.068238945393
2025-02-18_23_25,2689.5908637425164
2025-01-26_46_15,2022.2592563532635
2025-01-28_06_47,890.9396743348698
2025-02-06_36_22,1770.0386350944884
2025-01-01_45_42,2471.529797818571
2025-01-02_14_30,1923.69249585507
2025-01-30_02_14,890.9396743348698
2025-02-15_47_08,890.9396743348698
2025-02-06_02_40,890.9396743348698
2025-01-31_47_08,890.9396743348698
2025-01-01_46_47,2021.7690946604282
2025-02-15_02_16,890.9396743348698
2025-02-13_45_46,2714.9950670080707
2025-01-18_47_02,890.9396743348698
2025-01-01_45_48,2690.4206754919687
2025-02-03_08_47,890.9396743348698
2025-02-10_30_02,890.9396743348698
2025-02-21_35_46,2213.309083416584
2025-02-12_40_02,890.9396743348698
2025-01-06_31_02,890.9396743348698
2025-01-28_45_05,890.9396743348698
2025-01-03_39_45,2022.9695737081909
2025-02-26_30_14,1876.5443528831324
2025-02-08_46_20,3212.4919513184136
2025-02-12_35_46,1942.1754786857487
2025-02-05_09_46,890.9396743348698
2025-01-15_45_42,1859.3506015403873
2025-02-20_31_02,890.9396743348698
2025-01-17_36_22,1836.1762630942785
2025-01-02_46_35,2086.978600832395
2025-01-10_07_36,890.9396743348698
2025-02-07_02_47,890.9396743348698
2025-02-04_33_46,1552.0299486963725
2025-01-03_40_02,890.9396743348698
2025-01-07_46_26,1390.2896251401478
2025-02-06_18_46,1991.7011283626066
2025-02-19_47_02,890.9396743348698
2025-02-17_46_09,890.9396743348698
2025-02-05_20_46,1732.6494516941202
2025-02-21_18_46,2001.9255683739966
2025-01-30_42_45,1691.3473000646359
2025-01-27_06_47,890.9396743348698
2025-02-22_47_28,2608.830090652798
2025-02-26_12_36,1924.3722552465902
2025-02-20_30_02,890.9396743348698
2025-01-01_46_33,2126.7147623513365
2025-01-06_45_03,890.9396743348698
2025-02-05_47_06,890.9396743348698
2025-01-06_02_19,890.9396743348698
2025-01-13_48_45,2131.389484926637
2025-01-15_46_33,2259.985318254444
2025-02-17_02_24,890.9396743348698
2025-01-19_12_36,2590.2477336261845
2025-02-25_45_34,2506.011047061565
2025-02-06_34_45,2011.0212290616132
2025-02-05_47_10,1564.377292220343
2025-02-18_36_11,2587.972443406389
2025-02-28_04_29,890.9396743348698
2025-01-09_47_02,890.9396743348698
2025-01-23_09_45,890.9396743348698
2025-01-22_33_46,1542.8406918505084
2025-02-28_47_30,1960.0192346990339
2025-02-22_02_30,890.9396743348698
2025-01-26_47_45,2503.596246218317
2025-02-20_36_37,5622.226272240372
2025-01-18_47_05,890.9396743348698
2025-01-22_46_33,1500.854330727871
2025-01-29_03_45,890.9396743348698
2025-01-12_42_45,2042.5765807744356
2025-02-26_45_34,2093.0745541047845
2025-02-22_47_05,890.9396743348698
2025-02-22_44_46,2205.7430878634227
2025-02-24_36_07,890.9396743348698
2025-02-18_39_45,2022.3823821604747
2025-01-13_45_44,2848.797802403147
2025-01-04_02_40,890.9396743348698
2025-02-24_27_36,1652.177609781388
2025-02-03_02_47,890.9396743348698
2025-01-19_19_02,890.9396743348698
2025-01-06_39_45,2015.419492304648
2025-02-27_30_14,2117.300501579295
2025-02-05_19_32,1649.0564726277617
2025-01-03_45_34,3225.194768845749
2025-02-09_47_05,890.9396743348698
2025-01-06_03_45,890.9396743348698
2025-02-23_27_36,1824.1992126110338
2025-01-18_46_26,2010.286041295603
2025-01-05_46_45,3257.1487829024272
2025-02-06_46_45,3009.8206924762626
2025-02-09_47_03,890.9396743348698
2025-02-11_19_02,890.9396743348698
2025-02-03_47_43,1722.2897052105843
2025-01-31_31_02,890.9396743348698
2025-01-22_45_48,2228.02814642633
2025-01-10_36_12,2512.8380027115504
2025-02-25_43_47,1716.303030801172
2025-01-07_23_25,3132.039359992458
2025-01-31_35_46,2173.81322612311
2025-02-17_36_12,1971.4217793809244
2025-01-04_45_39,2235.823058140709
2025-01-24_45_48,3096.9988428200136
2025-01-16_45_34,2410.181848614255
2025-02-07_48_46,3697.2500961462847
2025-01-29_02_14,890.9396743348698
2025-02-03_44_46,2796.8040537133957
2025-01-19_39_45,2696.5867921183117
2025-01-11_45_39,3051.177800371384
2025-01-14_02_14,890.9396743348698
2025-01-17_42_45,2080.063580705829
2025-01-19_45_34,2220.087964088665
2025-01-02_06_47,890.9396743348698
2025-01-29_45_42,2010.1691082565726
2025-02-28_02_47,890.9396743348698
2025-01-12_02_14,890.9396743348698
2025-01-23_19_30,1885.3019222442806
2025-01-19_47_08,890.9396743348698
2025-01-16_46_44,2381.6472903510107
2025-02-04_06_47,890.9396743348698
2025-02-16_02_21,890.9396743348698
2025-01-15_20_46,3388.9848065116503
2025-02-14_28_47,2011.8650613352145
2025-02-06_36_11,2361.8111631667066
2025-01-02_28_45,1902.7348415542758
2025-02-08_23_13,1731.246319344167
2025-02-26_47_06,890.9396743348698
2025-01-10_12_36,2382.7408984413387
2025-02-13_36_22,1833.6465233702602
2025-02-24_02_47,890.9396743348698
2025-01-05_02_31,890.9396743348698
2025-01-27_17_23,2251.39792871555
2025-01-10_47_46,4004.042448116203
2025-02-24_05_45,890.9396743348698
2025-02-15_40_02,890.9396743348698
2025-02-10_17_23,2010.7349963245256
2025-01-15_43_47,3530.2861352669315
2025-01-03_14_30,1828.5896566585939
2025-02-02_34_45,2910.373275444478
2025-01-31_09_45,890.9396743348698
2025-02-26_36_37,2902.959311812643
2025-02-08_48_46,3640.6954526108702
2025-01-11_18_46,2318.293929071302
2025-02-21_45_05,890.9396743348698
2025-01-20_45_09,890.9396743348698
2025-02-09_01_02,890.9396743348698
2025-01-01_20_46,3426.543916545739
2025-01-17_46_18,2778.6029553951516
2025-01-12_33_46,1556.667886142293
2025-02-27_03_47,890.9396743348698
2025-02-09_09_46,890.9396743348698
2025-02-07_45_44,2640.554349336294
2025-02-11_46_35,1716.1920497828912
2025-01-07_20_46,1552.6756833055865
2025-01-18_13_23,1804.0568543010133
2025-01-25_21_02,890.9396743348698
2025-01-11_47_10,4534.4188243811495
2025-01-07_21_02,890.9396743348698
2025-02-27_01_02,890.9396743348698
2025-02-13_35_46,1981.833695479475
2025-02-09_46_47,1977.111220470758
2025-02-16_13_23,1652.7687001993593
2025-02-27_34_45,1950.5239911898448
2025-01-01_27_36,1670.0097211258553
2025-02-20_46_15,2080.56038558044
2025-01-24_46_33,2528.1509582102326
2025-01-16_20_46,3883.2078493692784
2025-02-16_46_15,1741.4959013103678
2025-02-19_02_30,890.9396743348698
2025-01-31_05_45,890.9396743348698
2025-01-31_19_30,2351.556897462722
2025-01-22_25_23,3220.352340761447
2025-01-20_02_14,890.9396743348698
2025-02-23_09_46,890.9396743348698
2025-02-03_28_45,1927.6382716266448
2025-01-19_36_11,1523.22678567833
2025-01-24_09_45,890.9396743348698
2025-02-15_47_45,2522.5929010366717
2025-01-12_16_02,890.9396743348698
2025-02-10_08_47,890.9396743348698
2025-02-08_45_47,3525.778525875182
2025-02-07_02_24,890.9396743348698
2025-01-30_05_45,890.9396743348698
2025-01-03_46_35,2042.5884106667115
2025-01-22_36_22,1703.7552942754737
2025-02-19_45_46,2091.5388591667106
2025-02-05_43_47,1584.7031192227469
2025-02-08_19_30,1920.9297071115222
2025-01-16_15_46,3747.4703573892903
2025-01-26_05_45,890.9396743348698
2025-01-31_13_23,1835.2798512534623
2025-02-23_22_36,1647.7693456212317
2025-02-03_45_47,2348.837803268388
2025-02-06_19_02,890.9396743348698
2025-02-22_45_44,2102.552519172098
2025-02-02_44_46,3642.8045617194293
2025-01-06_18_46,1785.1880001792142
2025-02-20_45_09,890.9396743348698
2025-02-15_06_47,890.9396743348698
2025-02-25_46_35,1848.5788013655417
2025-02-21_34_45,2371.6030255013998
2025-01-05_11_36,1943.7867418113779
2025-02-26_47_03,890.9396743348698
2025-01-07_36_22,1770.0386350944884
2025-02-10_36_11,2345.0540685236733
2025-01-11_17_23,1425.5508219440253
2025-01-31_46_47,2131.6687224610287
2025-02-11_11_36,2080.6028292439287
2025-02-08_47_02,890.9396743348698
2025-01-30_47_46,1748.652101871669
2025-02-03_03_47,890.9396743348698
2025-02-22_02_19,890.9396743348698
2025-01-22_45_47,3363.7569066643573
2025-02-01_48_45,2418.5455921731946
2025-01-01_18_46,3814.2272760604633
2025-02-07_02_31,890.9396743348698
2025-01-21_39_45,1896.3584831926112
2025-02-02_30_14,1840.9770153669551
2025-01-10_11_36,1805.6703250192145
2025-02-11_47_28,2249.237856832514
2025-02-20_02_31,890.9396743348698
2025-01-11_30_02,890.9396743348698
2025-01-24_44_45,1884.2281625090689
2025-02-27_46_15,2184.6365756003747
2025-01-24_19_30,2225.226622283064
2025-01-18_19_02,890.9396743348698
2025-01-15_15_46,3686.5512366017247
2025-01-15_11_36,1649.526138818666
2025-02-23_48_46,3733.8586766065946
2025-01-24_44_46,1783.2563034964119
2025-01-18_44_46,3241.1652509002106
2025-01-15_19_32,1513.5969898275507
2025-01-31_07_36,890.9396743348698
2025-01-10_36_11,1878.752441862964
2025-02-08_36_07,890.9396743348698
2025-01-22_03_45,890.9396743348698
2025-02-03_26_46,1789.0804667333796
2025-01-31_28_47,2131.130931238684
2025-02-16_47_10,1584.6947574063406
2025-02-09_02_01,890.9396743348698
2025-01-31_45_03,890.9396743348698
2025-02-08_02_31,890.9396743348698
2025-02-27_02_31,890.9396743348698
2025-02-11_28_47,2028.2285184210123
2025-01-08_45_03,890.9396743348698
2025-02-09_02_24,890.9396743348698
2025-01-25_14_30,1843.7645834164064
2025-01-25_23_13,1756.1214575033773
2025-01-20_36_22,1783.2807736167142
2025-02-03_46_15,1827.6045103796707
2025-01-05_28_45,2978.8757484752723
2025-01-21_45_39,2025.980734777781
2025-02-05_48_46,3428.87012680118
2025-02-11_21_02,890.9396743348698
2025-01-06_47_45,3454.0529757486115
2025-02-13_05_45,890.9396743348698
2025-01-16_45_09,890.9396743348698
2025-02-27_39_45,1777.1353256447023
2025-01-24_46_44,2274.0404201179012
2025-01-09_44_45,1640.1154145901492
2025-01-10_23_25,3755.8033532691275
2025-01-23_02_40,890.9396743348698
2025-02-06_47_03,890.9396743348698
2025-01-20_41_36,3627.630324943294
2025-01-31_02_31,890.9396743348698
2025-01-19_43_47,4586.009816108244
2025-01-03_43_47,1650.1107682103661
2025-02-18_07_36,890.9396743348698
2025-02-04_36_27,2191.5079858714425
2025-01-29_03_47,890.9396743348698
2025-02-17_46_20,1582.1358876505935
2025-01-28_21_02,890.9396743348698
2025-02-05_11_36,1721.6228045758187
2025-01-11_47_02,890.9396743348698
2025-02-01_45_42,2235.836582644009
2025-02-21_05_47,890.9396743348698
2025-02-27_36_41,3511.5474188476956
2025-02-20_19_30,2010.014024758933
2025-01-04_15_46,2835.4489532088896
2025-02-23_25_23,2735.0152356119816
2025-02-24_05_47,890.9396743348698
2025-01-08_07_36,890.9396743348698
2025-02-16_19_32,2054.25519180627
2025-01-19_42_45,2613.79948794035
2025-01-11_14_30,1975.0921732569775
2025-01-18_02_47,890.9396743348698
2025-02-27_48_46,3644.690170032358
2025-01-28_35_46,1555.2153985774216
2025-01-11_06_47,890.9396743348698
2025-02-03_31_02,890.9396743348698
2025-01-16_14_30,1427.2925991459351
2025-02-04_42_45,2017.137902064665
2025-01-06_19_02,890.9396743348698
2025-01-18_28_47,2644.074480170415
2025-02-06_47_30,2057.3388725732448
2025-02-03_45_28,2448.1824160834326
2025-02-08_47_08,890.9396743348698
2025-02-10_09_45,890.9396743348698
2025-01-12_20_46,2132.0736977595334
2025-02-13_23_13,1650.4382706941221
2025-01-06_45_44,1604.1337447045444
2025-01-14_36_41,4370.166768278719
2025-01-02_12_36,2147.2891759547024
2025-02-18_09_45,890.9396743348698
2025-01-15_46_48,3407.161074441572
2025-02-23_47_03,890.9396743348698
2025-01-12_45_09,890.9396743348698
2025-01-17_37_36,1355.1805839331037
2025-01-08_47_45,2649.471744325704
2025-01-24_45_42,3056.0765993990153
2025-01-22_47_03,890.9396743348698
2025-01-16_46_48,3320.6483405047056
2025-02-06_47_02,890.9396743348698
2025-02-18_41_36,2418.9325190662353
2025-02-15_12_36,2026.5130194594412
2025-01-14_47_06,890.9396743348698
2025-02-07_37_36,2478.7198939432387
2025-01-05_46_26,1896.1974568469564
2025-02-20_48_45,1926.898335544779
2025-02-28_45_46,3627.0424978155443
2025-01-09_36_12,2065.9998335991395
2025-01-15_19_02,890.9396743348698
2025-02-21_02_14,890.9396743348698
2025-01-10_23_13,1561.6118021534671
2025-02-11_46_20,1648.5919687887563
2025-02-01_37_36,3224.1680150184975
2025-01-23_33_46,1401.1932729975326
2025-01-28_46_18,2104.814990656916
2025-02-25_02_14,890.9396743348698
2025-01-11_09_46,890.9396743348698
2025-01-31_02_47,890.9396743348698
2025-01-27_45_28,2102.5639022287387
2025-01-19_37_36,2109.326781530007
2025-02-10_46_09,890.9396743348698
2025-02-12_48_45,1764.5821956451662
2025-01-15_45_39,1940.471945280895
2025-01-01_46_45,3382.4386970932205
2025-01-31_37_36,2021.7537443186313
2025-01-08_36_07,890.9396743348698
2025-01-18_21_02,890.9396743348698
2025-01-02_47_02,890.9396743348698
2025-02-02_46_48,3098.6947220921033
2025-01-26_36_22,1844.4134762290441
2025-01-27_21_02,890.9396743348698
2025-02-04_47_45,2189.049064725558
2025-01-04_30_14,2007.279421845385
2025-02-20_40_02,890.9396743348698
2025-01-27_45_42,1570.464988497385
2025-02-18_45_46,2146.431070692146
2025-01-16_02_01,890.9396743348698
2025-01-06_07_36,890.9396743348698
2025-01-14_13_23,1555.2643419585531
2025-01-07_01_02,890.9396743348698
2025-02-06_16_02,890.9396743348698
2025-02-01_03_47,890.9396743348698
2025-02-13_47_28,2996.7598095819753
2025-02-03_46_44,1733.037781684901
2025-01-25_47_28,2252.1294297797394
2025-02-28_23_25,3637.763588425566
2025-02-10_45_39,1782.8148570887192
2025-01-27_36_07,890.9396743348698
2025-02-05_02_19,890.9396743348698
2025-01-19_47_43,2119.979864788774
2025-01-22_31_02,890.9396743348698
2025-02-25_08_47,890.9396743348698
2025-01-24_30_14,2946.795835054808
2025-02-18_46_47,1658.5588104328021
2025-02-07_46_26,2298.2004818949927
2025-02-03_23_25,2696.6221109356547
2025-02-28_11_36,1979.7859317097625
2025-02-23_36_22,1583.759441737338
2025-01-09_02_24,890.9396743348698
2025-01-08_03_45,890.9396743348698
2025-02-07_34_45,2436.1411625817027
2025-01-09_02_01,890.9396743348698
2025-02-14_16_02,890.9396743348698
2025-01-16_12_36,2274.950305629367
2025-02-16_45_48,2135.1776841683713
2025-02-13_47_43,2724.5565050968585
2025-01-09_46_47,1984.6920714244798
2025-02-11_30_14,1984.2310026527332
2025-02-28_32_19,1662.4755703231676
2025-02-16_36_07,890.9396743348698
2025-01-12_45_39,2288.5998053543694
2025-01-19_02_19,890.9396743348698
2025-01-30_21_02,890.9396743348698
2025-01-19_28_47,3229.4490679818787
2025-02-08_44_46,2093.530545920923
2025-02-28_05_45,890.9396743348698
2025-02-21_36_41,4454.993983717761
2025-01-05_22_36,1721.6186847027718
2025-02-13_45_09,890.9396743348698
2025-02-21_02_47,890.9396743348698
2025-01-08_44_45,1484.462306507006
2025-02-18_44_45,1671.6031063542068
2025-01-26_02_19,890.9396743348698
2025-01-10_45_09,890.9396743348698
2025-01-02_45_34,2451.1071596843103
2025-02-23_42_45,2633.4663258450496
2025-01-03_45_09,890.9396743348698
2025-02-06_25_23,2382.771507572198
2025-01-29_18_46,2134.972956523336
2025-01-16_02_24,890.9396743348698
2025-01-04_36_12,2162.4337852606186
2025-01-05_44_46,2706.6407976651035
2025-02-03_45_09,890.9396743348698
2025-01-25_46_33,2137.7072862191526
2025-01-27_36_11,1564.3647494957336
2025-01-15_27_36,1605.5440196747795
2025-02-06_03_47,890.9396743348698
2025-02-23_08_47,890.9396743348698
2025-01-05_36_12,1945.9848937677882
2025-01-02_02_01,890.9396743348698
2025-01-29_05_45,890.9396743348698
2025-02-15_11_36,2427.0583821670853
2025-02-25_19_32,1533.083413647237
2025-02-05_41_36,2808.6371458909207
2025-01-01_02_21,890.9396743348698
2025-01-22_44_46,1940.777457875703
2025-01-28_09_45,890.9396743348698
2025-01-24_07_36,890.9396743348698
2025-01-22_44_45,1874.5658406235364
2025-01-25_45_47,2444.682012085966
2025-01-31_45_28,3173.6178604119677
2025-01-13_28_45,1830.963311771291
2025-01-11_38_36,1475.9095728393918
2025-02-25_48_46,3260.714483391298
2025-02-26_46_09,890.9396743348698
2025-01-22_47_10,1475.9095728393918
2025-01-27_08_47,890.9396743348698
2025-01-30_36_22,1639.9187948030906
2025-02-12_02_19,890.9396743348698
2025-01-14_06_47,890.9396743348698
2025-02-07_47_43,3169.574469701616
2025-02-17_05_45,890.9396743348698
2025-01-03_47_05,890.9396743348698
2025-02-03_19_02,890.9396743348698
2025-01-20_34_45,2179.9939654509963
2025-01-01_37_36,1168.7249518558442
2025-01-22_16_02,890.9396743348698
2025-01-12_46_15,3195.231516371196
2025-02-15_46_48,3244.54943411052
2025-01-15_05_45,890.9396743348698
2025-01-30_47_06,890.9396743348698
2025-02-13_02_19,890.9396743348698
2025-01-10_45_42,2647.069123605421
2025-01-15_07_36,890.9396743348698
2025-01-25_37_36,2142.2481058068247
2025-01-07_11_36,1771.2075158487064
2025-01-24_46_09,890.9396743348698
2025-01-08_45_34,2268.5980335278555
2025-02-05_47_28,2231.4277317290107
2025-01-08_36_37,1393.2108834647445
2025-01-09_11_36,1649.5760045413222
2025-02-17_44_45,2140.6336169693486
2025-02-28_19_02,890.9396743348698
2025-01-15_36_07,890.9396743348698
2025-02-08_36_27,1887.1892411554363
2025-01-24_34_45,2374.5919906507656
2025-01-28_26_46,1407.763137361505
2025-02-28_36_41,4198.441097565049
2025-02-15_04_29,890.9396743348698
2025-01-12_45_03,890.9396743348698
2025-02-11_09_46,890.9396743348698
2025-01-09_46_26,1950.6986170232526
2025-01-09_47_03,890.9396743348698
2025-02-19_02_21,890.9396743348698
2025-01-07_36_41,4071.2605594241827
2025-01-29_45_44,2026.9181008859957
2025-02-14_34_45,2801.847410502339
2025-01-17_02_21,890.9396743348698
2025-02-21_47_10,1928.3526542694117
2025-02-12_47_08,890.9396743348698
2025-02-03_36_12,1637.8859539786636
2025-02-08_47_30,2025.4247848869707
2025-01-07_30_14,1490.8793379923068
2025-02-02_36_41,3516.2189095770364
2025-01-30_04_29,890.9396743348698
2025-01-04_02_14,890.9396743348698
2025-01-22_36_07,890.9396743348698
2025-01-20_02_21,890.9396743348698
2025-01-16_40_02,890.9396743348698
2025-01-02_47_45,3330.4569391749255
2025-02-27_09_45,890.9396743348698
2025-01-19_02_14,890.9396743348698
2025-02-23_16_02,890.9396743348698
2025-01-25_30_02,890.9396743348698
2025-01-23_20_46,1869.0497860714127
2025-02-13_05_47,890.9396743348698
2025-01-22_12_36,1718.5713903216906
2025-01-10_47_30,2694.1203528074307
2025-02-05_46_47,1535.7165313230182
2025-02-06_47_46,1771.9669432258734
2025-01-14_25_23,2240.5404560247935
2025-02-18_03_47,890.9396743348698
2025-01-06_17_23,1894.2548995213037
2025-02-07_08_47,890.9396743348698
2025-01-08_36_27,1833.6240621761763
2025-01-28_19_02,890.9396743348698
2025-01-10_17_23,1348.6292799098428
2025-02-12_39_45,1815.4909461836837
2025-02-25_47_02,890.9396743348698
2025-01-13_45_47,2409.2278859407706
2025-02-05_38_36,1605.5644664521233
2025-01-27_48_45,2076.7735796269553
2025-02-16_39_45,3438.172867563441
2025-02-19_47_08,890.9396743348698
2025-02-05_46_09,890.9396743348698
2025-01-01_23_25,3093.70282451033
2025-02-20_42_45,1902.2723521041405
2025-01-10_30_14,2829.8182634188424
2025-02-22_04_29,890.9396743348698
2025-02-17_09_46,890.9396743348698
2025-02-01_47_03,890.9396743348698
2025-01-28_36_07,890.9396743348698
2025-01-20_47_10,1637.3928608683934
2025-01-26_23_25,3059.636607246131
2025-01-20_42_45,2325.970346824176
2025-02-03_47_08,890.9396743348698
2025-01-25_34_45,1957.1362840310135
2025-01-16_47_43,2181.377514537112
2025-01-18_09_46,890.9396743348698
2025-02-20_27_36,1827.4726900726805
2025-01-08_47_05,890.9396743348698
2025-02-12_36_41,3786.97234739885
2025-01-05_47_43,2545.4734806318293
2025-02-01_35_46,2224.3639091856885
2025-01-23_14_30,1629.7555361604736
2025-02-20_02_47,890.9396743348698
2025-02-04_02_19,890.9396743348698
2025-02-22_02_01,890.9396743348698
2025-01-04_02_19,890.9396743348698
2025-01-13_45_28,3265.27174391875
2025-02-19_14_30,1726.1861519980725
2025-01-17_46_45,2257.419238325015
2025-02-01_02_24,890.9396743348698
2025-01-23_26_46,1722.6920687930326
2025-01-09_38_36,1407.763137361505
2025-02-16_22_36,1741.1665438107198
2025-02-27_23_13,1609.6724591223845
2025-02-23_13_23,1838.5136988706058
2025-02-20_36_41,4113.41496388298
2025-01-28_02_19,890.9396743348698
2025-02-23_02_47,890.9396743348698
2025-02-28_13_23,1768.2793895631069
2025-02-18_26_46,1671.6172251927874
2025-01-11_19_30,1853.7555302804772
2025-01-22_02_01,890.9396743348698
2025-02-17_06_47,890.9396743348698
2025-01-21_16_02,890.9396743348698
2025-02-18_47_10,1425.529764815119
2025-01-07_30_02,890.9396743348698
2025-02-06_35_46,1924.3722933883107
2025-02-16_48_45,2862.265084341404
2025-01-12_26_46,1956.47044922858
2025-02-03_46_26,2099.665415563195
2025-01-07_03_45,890.9396743348698
2025-01-24_14_30,1832.5505881405654
2025-02-12_45_46,1977.2268573891697
2025-01-18_45_46,2882.1380881416653
2025-02-06_46_35,1928.5082174877639
2025-01-24_03_47,890.9396743348698
2025-01-12_45_46,3260.826857068349
2025-01-04_45_44,2226.9597286291023
2025-01-18_18_46,3938.0144385149392
2025-02-23_19_30,2232.115024727041
2025-02-27_47_30,1611.862958883764
2025-01-24_06_47,890.9396743348698
2025-02-14_03_47,890.9396743348698
2025-01-25_45_44,2025.3866379143144
2025-01-04_32_19,1673.0540052662734
2025-02-17_47_03,890.9396743348698
2025-01-02_04_29,890.9396743348698
2025-01-28_16_02,890.9396743348698
2025-01-16_30_02,890.9396743348698
2025-01-05_15_46,3316.7783987682615
2025-01-23_45_05,890.9396743348698
2025-01-31_47_02,890.9396743348698
2025-02-17_22_36,1491.6843920532044
2025-02-06_36_27,2126.750574823796
2025-02-08_15_46,2374.6031600843594
2025-02-19_23_25,2835.461526451077
2025-02-28_30_14,2623.57862043955
2025-02-18_43_47,1564.3448825523742
2025-02-15_36_27,2419.0752887697445
2025-02-03_02_14,890.9396743348698
2025-02-07_22_36,1811.8202858615473
2025-02-03_48_45,2716.9732151197477
2025-01-09_45_03,890.9396743348698
2025-01-26_05_47,890.9396743348698
2025-01-10_47_28,4674.95953557949
2025-02-27_46_48,3470.115029339403
2025-01-11_04_29,890.9396743348698
2025-02-28_47_10,1906.1133424958207
2025-01-25_22_36,1609.6365448394442
2025-02-27_36_07,890.9396743348698
2025-02-24_36_22,1913.5979504162297
2025-01-10_02_47,890.9396743348698
2025-02-06_23_25,3180.3660973358233
2025-02-23_43_47,2177.947718748045
2025-01-24_03_45,890.9396743348698
2025-01-06_45_39,1710.514417279824
2025-02-12_18_46,2474.536152981931
2025-01-30_45_34,2363.3265338303613
2025-02-25_42_45,1768.3739635377162
2025-02-16_07_36,890.9396743348698
2025-01-08_16_02,890.9396743348698
2025-01-03_11_36,1584.58620638095
2025-01-23_46_45,2366.0589763468142
2025-01-17_36_11,2434.2717108832258
2025-01-01_47_10,1911.5842022297256
2025-02-22_16_02,890.9396743348698
2025-02-25_36_41,3583.075727717661
2025-01-06_45_47,3166.2086964363666
2025-01-18_37_36,1395.5439820775086
2025-02-21_46_26,2071.6222421608454
2025-01-14_48_46,3762.9092584653263
2025-01-07_45_09,890.9396743348698
2025-01-16_47_30,1951.5914358243576
2025-02-15_02_14,890.9396743348698
2025-02-17_19_32,1584.9265010158024
2025-01-23_35_46,1976.7467305527994
2025-01-15_09_46,890.9396743348698
2025-02-27_02_16,890.9396743348698
2025-02-26_45_42,1979.7945517421074
2025-01-05_19_02,890.9396743348698
2025-02-04_47_02,890.9396743348698
2025-02-24_23_25,2956.724279936301
2025-02-02_36_27,2000.0787449050292
2025-01-29_36_41,3551.2619692717653
2025-02-26_47_43,1790.5342246828743
2025-02-25_47_06,890.9396743348698
2025-01-13_23_13,1452.0888601645493
2025-01-10_01_02,890.9396743348698
2025-02-21_47_28,3023.8538322338645
2025-02-14_45_46,3268.5018258347145
2025-02-24_40_02,890.9396743348698
2025-01-21_19_30,1650.3924960708384
2025-01-23_21_02,890.9396743348698
2025-01-08_21_02,890.9396743348698
2025-01-23_47_06,890.9396743348698
2025-01-28_03_45,890.9396743348698
2025-02-27_33_46,1427.5183111153335
2025-01-25_36_11,1868.384861303533
2025-01-31_48_46,3600.712779001321
2025-01-31_44_45,2045.4950410865354
2025-01-18_46_45,2357.9920237992355
2025-01-07_36_12,1965.2449317603437
2025-02-11_47_10,1441.8356091275368
2025-01-18_34_45,2460.8996961739854
2025-02-04_14_30,1680.1504510923387
2025-02-17_36_27,1761.4396366340882
2025-01-27_48_46,2505.390441592815
2025-02-09_02_40,890.9396743348698
2025-02-13_46_48,2823.3612422165397
2025-01-31_46_20,3500.5046191248757
2025-01-06_45_28,2095.467833874519
2025-02-19_46_47,1651.9696130667187
2025-02-28_28_45,1851.3427168001738
2025-01-02_18_46,2999.147903406295
2025-01-31_45_42,3037.064471193353
2025-02-20_13_23,1496.0131682246506
2025-01-26_46_48,3098.4591866597516
2025-01-27_19_30,1949.2540888517606
2025-02-15_36_11,2608.5906053838585
2025-02-12_44_46,1941.7640766948996
2025-02-18_14_30,1704.7282609623248
2025-01-15_45_03,890.9396743348698
2025-02-19_11_36,2285.014666791812
2025-02-09_44_45,2215.575340927347
2025-02-01_21_02,890.9396743348698
2025-02-20_36_27,2405.415053127453
2025-01-15_36_12,1947.2730764493576
2025-02-11_45_03,890.9396743348698
2025-01-25_02_40,890.9396743348698
2025-01-17_47_45,3397.3996316900675
2025-02-27_31_02,890.9396743348698
2025-02-11_30_02,890.9396743348698
2025-01-07_44_45,1617.7312740651619
2025-01-16_21_02,890.9396743348698
2025-01-09_03_47,890.9396743348698
2025-02-01_47_02,890.9396743348698
2025-02-24_45_42,2024.694953419334
2025-01-13_20_46,1964.5727002544768
2025-01-06_45_42,1743.8082345301336
2025-01-31_36_41,5156.204040094139
2025-02-18_45_09,890.9396743348698
2025-02-07_45_42,2629.6176264366836
2025-02-27_46_26,1836.000838284855
2025-01-12_47_30,1727.8673419293343
2025-02-11_02_24,890.9396743348698
2025-01-01_43_47,2248.809001933387
2025-02-11_23_13,1547.520498864238
2025-01-04_47_02,890.9396743348698
2025-02-17_48_46,2721.2983501080407
2025-01-26_36_07,890.9396743348698
2025-01-20_32_19,1713.1098612337048
2025-02-18_15_46,1671.6917294010818
2025-01-05_19_32,1798.505284129583
2025-01-18_14_30,1954.3796094880722
2025-01-05_33_46,2424.062495622853
2025-02-22_36_37,5391.255563598184
2025-02-04_36_41,3490.0619447872086
2025-02-16_45_44,1891.8453350049263
2025-01-12_45_28,3609.3039731825806
2025-02-05_02_30,890.9396743348698
2025-01-30_23_13,1434.9788444344592
2025-01-02_36_22,1772.937188103408
2025-02-26_45_28,2643.392004190308
2025-02-12_27_36,1953.9328299912936
2025-02-08_04_29,890.9396743348698
2025-01-25_32_19,1665.5665535001451
2025-01-06_02_30,890.9396743348698
2025-01-02_41_36,4184.592080408985
2025-01-30_46_44,2648.31156610606
2025-01-19_45_09,890.9396743348698
2025-02-27_02_01,890.9396743348698
2025-01-08_03_47,890.9396743348698
2025-01-21_15_46,2617.2549742863275
2025-02-27_13_23,1626.6729886226096
2025-02-28_47_06,890.9396743348698
2025-02-19_32_19,1551.9965146044146
2025-01-09_18_46,1739.4658578211493
2025-01-21_36_41,3777.521139686843
2025-02-14_01_02,890.9396743348698
2025-01-18_43_47,4405.446398527532
2025-02-24_46_26,1439.9256587544946
2025-01-21_46_18,1927.8687378950156
2025-01-11_33_46,2286.541090558757
2025-02-02_46_35,1819.5326063807943
2025-01-07_13_23,1568.1480243083563
2025-01-10_08_47,890.9396743348698
2025-01-03_02_31,890.9396743348698
2025-01-24_35_46,1783.6354221105569
2025-01-09_47_43,5135.534900285719
2025-02-07_42_45,2346.858289756059
2025-02-21_45_28,2987.0036188562917
2025-01-21_44_45,2021.286681772745
2025-01-08_47_46,1982.3147883366796
2025-02-15_36_37,5992.510068646705
2025-02-01_42_45,2045.928521817961
2025-01-14_36_22,1656.2403437637686
2025-01-30_22_36,1558.5103922413577
2025-01-07_33_46,1168.7291632816255
2025-02-18_45_28,2656.2042849639342
2025-02-06_47_43,2510.0806464846737
2025-02-15_47_06,890.9396743348698
2025-01-20_28_47,2232.0100775563224
2025-02-20_46_09,890.9396743348698
2025-02-10_42_45,1920.9046216623035
2025-02-02_37_36,2845.137999563008
2025-02-11_03_47,890.9396743348698
2025-01-18_47_45,2905.984602465147
2025-01-12_27_36,1564.4201999351867
2025-02-15_44_46,1840.9040796530044
2025-01-17_41_36,3336.7256102110005
2025-02-13_04_29,890.9396743348698
2025-02-05_36_11,2407.9365321500954
2025-01-14_30_02,890.9396743348698
2025-02-19_47_43,2271.615006436421
2025-01-14_46_44,3128.0046475209956
2025-01-25_11_36,1830.374447084645
2025-02-25_02_19,890.9396743348698
2025-01-12_40_02,890.9396743348698
2025-02-22_47_08,890.9396743348698
2025-01-27_45_05,890.9396743348698
2025-01-12_25_23,2803.368953171357
2025-02-18_47_03,890.9396743348698
2025-01-03_22_36,1641.7188986751623
2025-01-15_22_36,1614.948658340701
2025-01-09_04_29,890.9396743348698
2025-02-11_02_31,890.9396743348698
2025-02-22_43_47,1693.567191105599
2025-02-26_45_46,2184.217795282504
2025-01-27_46_20,1661.2190432685663
2025-01-13_46_48,4941.5353932571115
2025-01-27_31_02,890.9396743348698
2025-01-05_45_46,3332.849566596105
2025-01-22_45_09,890.9396743348698
2025-01-07_03_47,890.9396743348698
2025-02-07_48_45,2110.7865499688787
2025-01-01_36_07,890.9396743348698
2025-01-05_42_45,3533.2490122938366
2025-01-17_04_29,890.9396743348698
2025-01-08_28_47,1850.5521561576277
2025-02-07_46_44,3094.412244020326
2025-01-20_03_45,890.9396743348698
2025-02-12_47_43,2170.431011851565
2025-02-20_36_07,890.9396743348698
2025-01-30_27_36,1607.2625390432872
2025-01-06_40_02,890.9396743348698
2025-01-15_37_36,1605.430295986932
2025-02-28_19_32,1742.4234432446333
2025-02-04_03_45,890.9396743348698
2025-02-19_01_02,890.9396743348698
2025-02-17_04_29,890.9396743348698
2025-01-14_18_46,2541.4571694538804
2025-01-03_38_36,1379.2257114402664
2025-02-28_09_45,890.9396743348698
2025-02-02_36_37,4339.988627647743
2025-01-21_41_36,2813.343881525493
2025-01-02_26_46,2241.4783408688513
2025-02-20_38_36,1581.9910512248123
2025-01-01_46_35,2293.9900940658827
2025-02-22_45_28,2921.162423849059
2025-02-05_45_09,890.9396743348698
2025-01-01_02_14,890.9396743348698
2025-01-25_47_45,2377.6083562001345
2025-02-17_36_22,1629.7555361604736
2025-01-20_15_46,2790.5684982261173
2025-01-06_02_31,890.9396743348698
2025-02-19_02_31,890.9396743348698
2025-01-28_20_46,1970.5660937907262
2025-02-18_48_45,2117.2691295089826
2025-01-24_47_05,890.9396743348698
2025-01-17_45_44,2167.739996497808
2025-02-03_22_36,1832.3025246616573
2025-01-24_47_30,2146.1187013179115
2025-01-06_46_09,890.9396743348698
2025-01-02_45_28,2114.165574355886
2025-02-24_02_01,890.9396743348698
2025-01-24_46_47,1964.453132383383
2025-02-28_44_46,2224.104460133958
2025-01-29_33_46,1505.6093045162538
2025-02-10_12_36,2299.7350143146996
2025-02-14_19_32,1948.5410708491506
2025-02-15_02_31,890.9396743348698
2025-01-30_19_02,890.9396743348698
2025-01-25_13_23,1776.7149486415465
2025-01-11_27_36,1664.4625156701647
2025-01-31_02_24,890.9396743348698
2025-01-21_02_24,890.9396743348698
2025-02-13_47_08,890.9396743348698
2025-02-22_35_46,2032.1560459040447
2025-01-31_02_16,890.9396743348698
2025-01-12_45_34,2602.1762061560758
2025-01-27_15_46,1931.2405141934983
2025-01-28_38_36,1504.6699966722103
2025-02-17_01_02,890.9396743348698
2025-02-24_46_33,1673.9785521226208
2025-02-13_44_45,1582.4116376077113
2025-01-09_46_09,890.9396743348698
2025-02-09_36_27,2015.8633612563162
2025-01-05_45_05,890.9396743348698
2025-02-23_46_44,1926.6457437075371
2025-01-12_08_47,890.9396743348698
2025-02-16_09_46,890.9396743348698
2025-01-04_46_47,1912.856458142136
2025-02-20_25_23,2470.4330781307794
2025-02-01_12_36,1864.8867013274282
2025-01-10_16_02,890.9396743348698
2025-01-27_47_30,1610.5525617496273
2025-01-27_28_47,1872.3005384976693
2025-01-29_28_47,1814.424845847308
2025-01-19_46_35,2368.8454335842757
2025-01-02_08_47,890.9396743348698
2025-02-04_36_12,1771.2401696573002
2025-01-07_25_23,2340.148833503446
2025-02-03_39_45,2298.9428388079937
2025-01-18_07_36,890.9396743348698
2025-01-31_11_36,1884.232129794225
2025-02-10_45_09,890.9396743348698
2025-01-22_34_45,2071.660267063189
2025-02-05_02_31,890.9396743348698
2025-01-26_47_06,890.9396743348698
2025-01-13_02_47,890.9396743348698
2025-02-10_43_47,1761.4803705301285
2025-01-07_45_05,890.9396743348698
2025-02-02_46_09,890.9396743348698
2025-01-03_47_02,890.9396743348698
2025-01-27_47_28,2080.641255921169
2025-01-16_45_28,2678.835468186154
2025-01-24_45_44,2310.8254840855707
2025-02-05_13_23,1542.8364804247271
2025-02-05_45_44,1645.9538390878033
2025-01-30_36_37,3924.1269708851987
2025-02-24_46_20,2095.150245106905
2025-02-01_09_46,890.9396743348698
2025-01-13_01_02,890.9396743348698
2025-01-17_23_25,2956.710473627076
2025-02-20_48_46,2585.877948520876
2025-02-18_47_46,1600.4267017708748
2025-02-14_45_42,3077.215831418706
2025-01-19_35_46,4663.856752376365
2025-02-23_33_46,2117.7345543661368
2025-02-01_04_29,890.9396743348698
2025-01-20_46_35,2338.7681787540523
2025-01-25_45_09,890.9396743348698
2025-02-10_07_36,890.9396743348698
2025-02-19_47_05,890.9396743348698
2025-01-05_36_41,4306.480912522062
2025-02-04_45_46,2268.618907551293
2025-01-29_04_29,890.9396743348698
2025-02-12_02_30,890.9396743348698
2025-02-11_05_47,890.9396743348698
2025-02-25_36_37,4959.856175638459
2025-01-18_32_19,1830.963311771291
2025-01-26_47_43,1931.0345161812033
2025-02-07_46_35,3102.131701472603
2025-01-15_04_29,890.9396743348698
2025-01-12_45_05,890.9396743348698
2025-02-27_28_45,1830.963311771291
2025-02-09_46_18,2535.64843505204
2025-02-19_36_11,2397.8102943465174
2025-01-26_06_47,890.9396743348698
2025-01-25_27_36,1839.377278554868
2025-01-26_19_02,890.9396743348698
2025-02-06_15_46,1859.7633668216217
2025-01-25_46_09,890.9396743348698
2025-01-26_43_47,1896.2356269547495
2025-01-20_27_36,1737.0598675259312
2025-01-06_44_45,1905.1609382360239
2025-01-14_36_37,1693.525687199349
2025-01-08_33_46,1433.8312251629845
2025-01-02_39_45,2528.7474655511464
2025-01-05_46_47,2138.0181827330866
2025-01-04_34_45,4319.986529233616
2025-02-02_47_46,2265.0540966632407
2025-01-14_47_10,2254.558136716368
2025-01-16_41_36,3273.485921785388
2025-01-20_47_02,890.9396743348698
2025-01-29_02_24,890.9396743348698
2025-01-29_08_47,890.9396743348698
2025-01-09_01_02,890.9396743348698
2025-02-13_36_37,5496.557412616873
2025-01-07_28_45,1865.26976734762
2025-01-04_36_11,1832.4591360913264
2025-02-21_47_45,2845.9006977085855
2025-02-24_33_46,1418.4314281393158
2025-02-05_36_07,890.9396743348698
2025-02-23_45_44,2037.565648414149
2025-02-25_46_33,1843.5823845903801
2025-01-06_46_48,2860.9907317541797
2025-01-13_47_03,890.9396743348698
2025-02-24_14_30,1778.8103452638404
2025-02-24_06_47,890.9396743348698
2025-02-01_45_46,2891.01168116146
2025-02-28_46_09,890.9396743348698
2025-01-01_09_46,890.9396743348698
2025-02-20_36_11,2667.3632425814026
2025-02-06_46_26,1605.5644664521233
2025-02-17_02_21,890.9396743348698
2025-02-20_06_47,890.9396743348698
2025-02-25_46_48,5161.486999078514
2025-01-06_32_19,1674.5952504862269
2025-01-27_18_46,1805.8194461343317
2025-02-25_47_45,2495.8317485894536
2025-02-06_28_45,1924.3722552465902
2025-01-12_39_45,2301.9761681803084
2025-01-26_47_10,1478.0078839762773
2025-02-11_45_28,2164.987389043489
2025-02-13_40_02,890.9396743348698
2025-02-24_46_35,1880.1785997093043
2025-02-19_46_18,1973.1421380155468
2025-02-09_45_48,2288.6136908524163
2025-01-01_02_40,890.9396743348698
2025-02-23_46_18,1941.7640766948996
2025-01-16_46_15,2225.5983905816893
2025-02-16_46_20,1818.1971874968044
2025-02-22_40_02,890.9396743348698
2025-02-02_02_21,890.9396743348698
2025-01-23_45_39,2774.02837701493
2025-02-26_19_30,1848.2733008509317
2025-01-18_46_09,890.9396743348698
2025-02-13_46_44,2135.3608119069054
2025-01-16_23_13,1611.780927633764
2025-02-15_28_47,2130.143278161949
2025-02-02_48_46,4416.4539197668655
2025-01-07_47_45,3304.126905556522
2025-01-02_11_36,1747.1096505813853
2025-02-01_45_28,2564.7515261128206
2025-01-26_15_46,2640.5330785843407
2025-02-22_20_46,1832.3025246616573
2025-01-03_27_36,1653.6531730595516
2025-01-18_40_02,890.9396743348698
2025-01-23_47_28,2905.665220622645
2025-01-01_45_28,2655.892580356138
2025-01-22_45_46,2224.242489016191
2025-01-06_35_46,2078.012488688869
2025-02-03_30_02,890.9396743348698
2025-01-18_47_10,1627.7932956994616
2025-01-29_45_48,2600.0674851029253
2025-02-15_02_01,890.9396743348698
2025-01-23_45_03,890.9396743348698
2025-02-09_03_47,890.9396743348698
2025-02-15_34_45,2565.2549268428324
2025-02-25_44_46,1631.6550204392158
2025-02-07_45_46,3372.5786341873254
2025-02-15_47_03,890.9396743348698
2025-02-09_47_10,1377.458078726077
2025-02-15_46_47,2030.5683839329624
2025-01-02_02_31,890.9396743348698
2025-02-03_45_34,1722.3319594608824
2025-01-17_02_16,890.9396743348698
2025-02-03_33_46,1983.3667083991031
2025-01-06_33_46,1364.2617429156005
2025-01-10_13_23,1878.1083229754622
2025-01-29_23_25,2604.734899534112
2025-01-03_45_47,2615.984363347291
2025-02-03_04_29,890.9396743348698
2025-02-23_46_15,1732.6695017429483
2025-02-19_36_12,1955.212411897217
2025-02-13_02_24,890.9396743348698
2025-02-20_07_36,890.9396743348698
2025-02-16_42_45,2738.6101912451645
2025-01-03_45_39,2582.3641628423584
2025-01-11_46_45,2786.8634256828727
2025-01-22_46_26,1652.6304016852007
2025-01-09_09_46,890.9396743348698
2025-02-05_26_46,1566.6382369572075
2025-02-05_02_40,890.9396743348698
2025-01-22_47_28,1963.5563461628435
2025-01-06_45_05,890.9396743348698
2025-02-12_36_11,2306.7585804352757
2025-01-19_46_20,2752.8496587720692
2025-02-26_45_09,890.9396743348698
2025-02-26_08_47,890.9396743348698
2025-01-18_02_21,890.9396743348698
2025-01-17_45_05,890.9396743348698
2025-02-14_47_03,890.9396743348698
2025-01-19_45_46,3093.57050029158
2025-01-16_47_10,1673.7177840504112
2025-01-14_19_02,890.9396743348698
2025-01-30_02_19,890.9396743348698
2025-01-26_03_45,890.9396743348698
2025-01-07_28_47,1741.1665438107198
2025-01-05_46_33,1671.7239559635818
2025-01-11_25_23,2851.071405832493
2025-01-29_31_02,890.9396743348698
2025-01-07_26_46,1423.1359540673475
2025-01-24_46_15,2513.7099858253555
2025-02-04_02_31,890.9396743348698
2025-02-21_46_18,2699.021253610986
2025-01-24_19_02,890.9396743348698
2025-01-17_44_46,3243.308931673211
2025-01-03_07_36,890.9396743348698
2025-01-17_47_06,890.9396743348698
2025-02-18_06_47,890.9396743348698
2025-02-22_27_36,1727.355794226739
2025-01-30_46_33,2119.4877446045584
2025-01-22_46_35,1821.56196630001
2025-02-14_02_14,890.9396743348698
2025-01-19_25_23,2876.197690089776
2025-01-12_02_47,890.9396743348698
2025-01-17_47_08,890.9396743348698
2025-02-25_34_45,2113.2168765406204
2025-01-20_46_09,890.9396743348698
2025-01-19_23_25,3018.7758701741013
2025-01-15_30_14,1713.0773600130017
2025-02-05_45_46,2131.9111964283898
2025-02-20_45_48,2748.8286551455153
2025-01-22_45_42,2020.7580194062396
2025-01-28_36_22,1678.4051200046927
2025-02-03_12_36,2123.9840888900862
2025-01-27_45_48,2045.928521817961
2025-01-02_20_46,2867.840570983501
2025-02-11_16_02,890.9396743348698
2025-01-29_11_36,1790.0393561402593
2025-02-14_45_48,3223.632006381676
2025-01-21_19_32,1725.841553727336
2025-02-20_19_02,890.9396743348698
2025-01-07_02_16,890.9396743348698
2025-01-20_44_46,3034.3582210237905
2025-01-16_37_36,956.5640361297876
2025-02-13_41_36,2862.5810487326808
2025-02-08_47_06,890.9396743348698
2025-01-28_12_36,2273.657500209879
2025-02-23_30_02,890.9396743348698
2025-02-18_45_03,890.9396743348698
2025-02-03_23_13,1466.1954435235182
2025-02-02_27_36,1822.8120454084647
2025-01-17_02_30,890.9396743348698
2025-01-05_02_19,890.9396743348698
2025-01-04_45_03,890.9396743348698
2025-01-29_47_03,890.9396743348698
2025-01-18_46_35,1941.4968939240666
2025-01-29_14_30,1688.2411128830709
2025-02-28_46_44,3361.3971055017237
2025-02-21_13_23,2026.0820341500726
2025-02-23_46_48,3364.2334294836155
2025-01-15_26_46,2368.2181093777544
2025-01-02_46_45,3497.0024479354593
2025-02-08_22_36,1940.7713263190722
2025-01-17_13_23,1712.0820644313287
2025-01-14_47_28,2401.326848025889
2025-02-03_45_42,1826.493958892774
2025-02-09_23_13,1551.9839413622271
2025-01-30_09_46,890.9396743348698
2025-01-18_45_05,890.9396743348698
2025-02-15_25_23,2819.0231625763577
2025-02-16_26_46,1920.5334155976927
2025-01-26_28_47,2586.933614591285
2025-02-21_45_42,3058.239185534794
2025-01-24_48_46,3675.6295352018483
2025-01-15_30_02,890.9396743348698
2025-02-14_41_36,3114.0610078999957
2025-01-30_47_43,2134.9453916389216
2025-01-12_34_45,2994.863740150906
2025-02-17_47_30,1647.7693456212317
2025-01-22_46_48,2264.223723514212
2025-02-23_32_19,1904.6731395982313
2025-01-05_48_45,2958.6136488827196
2025-01-30_44_46,1832.4107352124201
2025-01-12_19_02,890.9396743348698
2025-02-08_33_46,1596.6233759537795
2025-01-16_05_47,890.9396743348698
2025-02-09_42_45,2365.524494353143
2025-01-14_47_08,890.9396743348698
2025-01-29_36_37,2522.322636009094
2025-02-21_42_45,2025.980734777781
2025-01-11_02_47,890.9396743348698
2025-02-06_39_45,1764.795632397848
2025-02-17_03_45,890.9396743348698
2025-01-31_43_47,1814.2603366119185
2025-01-13_47_02,890.9396743348698
2025-02-14_06_47,890.9396743348698
2025-01-19_45_28,2456.1985505458824
2025-01-14_47_43,2923.111366739209
2025-02-14_02_16,890.9396743348698
2025-01-08_45_28,3797.802499931724
2025-02-14_28_45,2020.080393616086
2025-02-27_32_19,1495.2194387227462
2025-02-07_19_02,890.9396743348698
2025-02-07_26_46,2130.0847454471054
2025-02-28_02_16,890.9396743348698
2025-01-01_12_36,2506.1634124222696
2025-02-24_19_02,890.9396743348698
2025-02-15_46_45,3363.122042562571
2025-01-30_36_41,3757.967450982532
2025-01-10_46_47,3004.15312720726
2025-01-15_02_14,890.9396743348698
2025-01-24_48_45,2066.134020099478
2025-02-09_02_21,890.9396743348698
2025-01-18_30_14,2510.5454045009587
2025-02-11_44_46,2247.484161767233
2025-01-20_26_46,2752.8496587720692
2025-01-16_30_14,1726.6082959737876
2025-02-14_48_46,3118.0413230864406
2025-01-29_05_47,890.9396743348698
2025-02-24_39_45,2038.9769311294149
2025-01-13_45_34,2284.9689306248247
2025-02-21_36_12,2449.637077816863
2025-01-27_30_14,1557.7418044749402
2025-02-11_47_03,890.9396743348698
2025-02-28_01_02,890.9396743348698
2025-01-10_48_46,3702.3959310182954
2025-02-28_26_46,2023.0524198557407
2025-02-04_16_02,890.9396743348698
2025-02-26_02_14,890.9396743348698
2025-01-06_45_46,2626.3315575022816
2025-02-12_03_45,890.9396743348698
2025-02-08_02_24,890.9396743348698
2025-01-18_02_01,890.9396743348698
2025-01-16_27_36,1660.52406732097
2025-01-26_33_46,2549.970435603862
2025-01-15_47_43,2380.7997585911853
2025-02-18_47_45,2223.2192623348437
2025-01-08_36_41,4591.5886430439505
2025-01-31_21_02,890.9396743348698
2025-01-07_47_28,2634.771315269906
2025-02-06_43_47,1989.6849973212395
2025-02-03_46_20,1788.2126309882667
2025-01-18_02_16,890.9396743348698
2025-01-15_46_35,2536.4414771368333
2025-01-31_16_02,890.9396743348698
2025-02-13_45_28,3308.4373636115497
2025-02-09_30_14,1659.1922095217635
2025-01-06_47_03,890.9396743348698
2025-01-16_11_36,1669.0658466124487
2025-02-03_28_47,1791.1233904032301
2025-01-06_26_46,1568.2962422066444
2025-02-11_47_05,890.9396743348698
2025-02-02_46_18,2623.368907222066
2025-01-15_28_45,3230.479218002813
2025-01-04_36_37,1416.9049544157785
2025-01-28_02_47,890.9396743348698
2025-01-22_45_28,2174.5210015727152
2025-02-08_46_09,890.9396743348698
2025-01-13_47_28,3302.688078633817
2025-01-01_05_47,890.9396743348698
2025-01-11_02_19,890.9396743348698
2025-01-28_04_29,890.9396743348698
2025-02-21_06_47,890.9396743348698
2025-02-05_45_39,1985.4608407473165
2025-01-28_36_41,3990.531814671926
2025-01-11_45_42,2528.28588961662
2025-02-10_02_21,890.9396743348698
2025-02-01_03_45,890.9396743348698
2025-02-07_47_46,2225.567506792627
2025-01-21_20_46,2301.6675472618813
2025-02-04_45_03,890.9396743348698
2025-01-22_02_40,890.9396743348698
2025-01-26_02_40,890.9396743348698
2025-01-14_15_46,2965.2680579214707
2025-01-22_02_14,890.9396743348698
2025-02-03_46_35,1743.8902657801336
2025-02-25_28_47,1760.5197606431973
2025-01-16_45_39,2423.829947618713
2025-02-18_13_23,1690.6018370374795
2025-01-15_36_37,1771.5411527167823
2025-01-16_34_45,2093.3316351409176
2025-01-23_45_09,890.9396743348698
2025-02-24_15_46,1673.1955627098116
2025-02-26_02_01,890.9396743348698
2025-02-28_47_28,2686.6144650479373
2025-02-15_45_03,890.9396743348698
2025-02-14_47_10,1758.2263524468603
2025-02-26_28_45,2141.8700540542927
2025-01-17_03_47,890.9396743348698
2025-02-03_17_23,1900.260381192961
2025-02-15_45_42,2458.9081024207817
2025-01-27_47_10,1146.313360420182
2025-01-28_46_48,1969.880978810604
2025-02-06_48_46,3240.807775627626
2025-01-28_40_02,890.9396743348698
2025-02-22_32_19,1810.828643785615
2025-02-01_15_46,2444.460672478279
2025-02-09_46_15,2611.8531599447606
2025-02-09_40_02,890.9396743348698
2025-02-13_45_48,2618.8178865331683
2025-02-13_13_23,1678.7191575059665
2025-01-12_09_46,890.9396743348698
2025-02-14_36_41,4049.2154501147775
2025-02-08_16_02,890.9396743348698
2025-02-25_45_42,2136.6371582117563
2025-02-15_19_02,890.9396743348698
2025-01-23_30_14,1939.9436426580182
2025-02-07_46_48,3201.6870661715807
2025-01-28_02_31,890.9396743348698
2025-01-18_01_02,890.9396743348698
2025-02-08_45_48,2945.5207923142343
2025-02-02_45_03,890.9396743348698
2025-02-23_47_28,2166.7068933194723
2025-01-12_36_41,4260.98904600514
2025-02-15_02_40,890.9396743348698
2025-01-10_36_22,1761.4721002664567
2025-02-07_02_40,890.9396743348698
2025-01-23_28_47,1996.501893042508
2025-02-15_47_46,1770.4470394533264
2025-01-12_07_36,890.9396743348698
2025-01-10_36_37,2441.9505111364183
2025-01-31_34_45,2634.147193406811
2025-01-04_45_28,2605.525083025295
2025-02-05_45_05,890.9396743348698
2025-01-12_45_44,2495.7532754970507
2025-01-30_01_02,890.9396743348698
2025-02-16_37_36,4288.940865351378
2025-02-22_47_43,2139.1330465144265
2025-01-31_46_44,3373.8211980474193
2025-02-16_01_02,890.9396743348698
2025-01-04_28_47,1688.2614986252584
2025-01-14_46_09,890.9396743348698
2025-02-28_08_47,890.9396743348698
2025-01-12_46_35,3845.4821749796956
2025-01-05_05_47,890.9396743348698
2025-02-15_02_21,890.9396743348698
2025-02-10_44_45,2437.689483224827
2025-02-06_45_46,2838.6778097184733
2025-02-22_45_39,2619.9957272373463
2025-01-29_32_19,1540.9789917626185
2025-02-14_45_47,3460.3796991331624
2025-02-21_30_02,890.9396743348698
2025-02-24_36_37,5610.187698021622
2025-02-21_28_45,1730.144918085141
2025-01-10_31_02,890.9396743348698
2025-02-20_09_46,890.9396743348698
2025-02-01_28_47,1801.6127865317785
2025-01-20_46_26,1605.5235118622795
2025-01-18_27_36,1827.8003386247603
2025-02-15_36_22,1891.7833333297071
2025-02-12_46_44,1780.7136243901637
2025-02-24_09_46,890.9396743348698
2025-01-20_38_36,1668.4764999614301
2025-01-28_46_47,1485.2511182041164
2025-01-19_47_28,2204.2881869284997
2025-01-06_13_23,1913.8087237702969
2025-01-31_32_19,1633.535898587715
2025-01-01_47_08,890.9396743348698
2025-02-24_47_30,1610.826374097716
2025-02-16_45_47,2783.163183432925
2025-01-16_45_05,890.9396743348698
2025-01-05_30_02,890.9396743348698
2025-01-17_08_47,890.9396743348698
2025-01-16_36_07,890.9396743348698
2025-01-19_09_46,890.9396743348698
2025-01-15_42_45,1809.4390676755766
2025-02-03_47_30,1670.0097211258553
2025-02-14_26_46,1926.1306048318884
2025-01-17_46_48,3633.6471842384944
2025-02-11_17_23,1492.9376290604532
2025-01-09_17_23,1284.7590467142547
2025-01-04_05_45,890.9396743348698
2025-02-08_45_39,2565.9835680869032
2025-01-09_02_21,890.9396743348698
2025-02-11_31_02,890.9396743348698
2025-02-24_38_36,1825.6824068695555
2025-01-18_46_44,2786.718451856054
2025-02-02_36_12,2044.5848505473077
2025-01-05_23_25,3112.5472480958915
2025-01-21_02_31,890.9396743348698
2025-01-24_25_23,2670.554645775813
2025-02-06_12_36,1707.9225556888837
2025-01-21_13_23,1641.2270419235908
2025-02-28_45_28,3099.6991349466816
2025-01-02_42_45,2453.5526378392187
2025-02-13_02_47,890.9396743348698
2025-01-21_45_34,1910.1325236613905
2025-01-31_38_36,1542.3476190809797
2025-01-27_23_25,2716.858974152501
2025-02-01_18_46,2930.7909078918237
2025-01-04_04_29,890.9396743348698
2025-02-24_34_45,2436.588305573657
2025-02-12_34_45,1772.3201535132457
2025-02-22_30_02,890.9396743348698
2025-02-12_36_22,1737.4774981725834
2025-01-28_46_26,1627.282784033981
2025-01-07_12_36,1725.071885892994
2025-01-25_36_27,2333.3222318280586
2025-01-30_45_28,2846.979453650629
2025-01-25_45_05,890.9396743348698
2025-02-01_27_36,1591.028557838545
2025-01-13_47_08,890.9396743348698
2025-02-20_46_45,3084.7018432980894
2025-01-13_08_47,890.9396743348698
2025-02-21_03_47,890.9396743348698
2025-02-28_45_09,890.9396743348698
2025-02-08_46_26,2333.3467764102334
2025-02-17_44_46,2080.4977329925496
2025-02-11_46_48,2618.7194845755985
2025-01-11_40_02,890.9396743348698
2025-02-12_44_45,1797.3730192280093
2025-02-20_14_30,1671.8708336913091
2025-02-11_15_46,2603.4656946165155
2025-01-08_15_46,1722.705888578541
2025-01-19_48_45,3532.7212445352907
2025-01-11_08_47,890.9396743348698
2025-01-28_47_30,1669.08665960073
2025-01-13_40_02,890.9396743348698
2025-02-24_22_36,1625.9659291238959
2025-02-08_06_47,890.9396743348698
2025-01-31_47_45,2698.4478781499297
2025-01-13_12_36,1718.1136644574472
2025-01-29_09_46,890.9396743348698
2025-01-16_02_19,890.9396743348698
2025-01-07_46_33,1671.5426815495193
2025-01-18_19_32,1959.0902232433145
2025-02-25_46_20,3723.651311501135
2025-02-28_47_02,890.9396743348698
2025-01-09_47_45,3143.7667797810636
2025-02-26_13_23,1666.2159791216895
2025-02-25_36_12,1786.9160606203743
2025-02-19_35_46,1690.6018370374795
2025-02-25_40_02,890.9396743348698
2025-02-04_40_02,890.9396743348698
2025-01-27_20_46,1926.1502581522009
2025-02-19_30_02,890.9396743348698
2025-02-10_13_23,1723.4170170195162
2025-01-28_31_02,890.9396743348698
2025-02-19_45_34,2081.4655727046866
2025-02-15_05_47,890.9396743348698
2025-01-18_11_36,1986.5592501257804
2025-02-15_33_46,1531.0831232226194
2025-02-26_06_47,890.9396743348698
2025-01-30_47_30,2111.470426886942
2025-01-23_47_46,1876.5903488957717
2025-01-23_17_23,1478.0078839762773
2025-01-25_33_46,1551.9420712450396
2025-01-06_48_45,2854.4230085188647
2025-02-08_23_25,3118.7145111891314
2025-02-25_05_45,890.9396743348698
2025-01-20_03_47,890.9396743348698
2025-01-19_13_23,2238.417801714509
2025-02-07_46_45,3487.2537736901404
2025-02-10_06_47,890.9396743348698
2025-01-23_25_23,2618.7077780611717
2025-01-19_34_45,3029.9244803664287
2025-01-25_46_15,2354.6890975843594
2025-02-23_47_05,890.9396743348698
2025-02-20_20_46,1710.3693857738858
2025-01-11_02_31,890.9396743348698
2025-01-10_27_36,1811.8202858615473
2025-01-09_45_47,4276.016762324284
2025-01-18_47_28,2315.5627265504086
2025-02-16_36_11,2656.023603291186
2025-01-25_47_03,890.9396743348698
2025-01-15_02_24,890.9396743348698
2025-01-09_41_36,3022.4943523871934
2025-02-19_47_30,1673.1280339279785
2025-02-10_02_31,890.9396743348698
2025-02-10_40_02,890.9396743348698
2025-02-10_11_36,2080.484487122341
2025-01-23_36_07,890.9396743348698
2025-01-22_40_02,890.9396743348698
2025-02-15_48_46,3220.361074874065
2025-01-13_48_46,2930.111590426214
2025-01-09_36_27,1586.3647592469913
2025-02-16_46_35,2119.254300455279
2025-02-17_03_47,890.9396743348698
2025-01-20_48_46,3846.5257205459193
2025-01-04_45_47,2680.0802320936054
2025-02-22_03_47,890.9396743348698
2025-02-19_30_14,2044.6009333109796
2025-01-16_09_45,890.9396743348698
2025-01-16_22_36,1501.9992303763572
2025-01-19_02_47,890.9396743348698
2025-01-14_46_48,3832.65088830659
2025-02-03_43_47,1638.7515034465184
2025-01-22_23_25,4600.042405704131
2025-01-26_46_18,1963.8109122666842
2025-02-13_39_45,1944.6137830989762
2025-02-01_33_46,2023.8937886403055
2025-01-23_02_16,890.9396743348698
2025-01-28_44_46,1637.831978300034
2025-01-12_46_18,3608.5893921531133
2025-01-25_02_21,890.9396743348698
2025-01-08_47_28,2868.3573827992086
2025-02-02_02_31,890.9396743348698
2025-01-15_47_10,1770.4300879064076
2025-02-04_44_45,1737.3636438271392
2025-02-15_36_07,890.9396743348698
2025-02-15_16_02,890.9396743348698
2025-02-13_12_36,1718.506540468175
2025-01-13_19_32,1677.4607984298495
2025-01-15_48_45,3640.1915559206536
2025-02-18_02_40,890.9396743348698
2025-01-21_27_36,1582.349534336227
2025-01-31_47_28,2958.214379783868
2025-02-07_23_25,3098.55543366263
2025-01-20_14_30,1646.149792456944
2025-01-24_02_31,890.9396743348698
2025-01-12_02_19,890.9396743348698
2025-02-14_46_35,2739.58777157469
2025-01-29_47_05,890.9396743348698
2025-01-14_14_30,1535.588326977315
2025-01-18_48_46,4710.500934385284
2025-02-07_19_32,1742.3893720527171
2025-01-19_19_30,2299.116652177925
2025-01-11_19_02,890.9396743348698
2025-02-14_48_45,1855.1924054427911
2025-01-17_47_05,890.9396743348698
2025-01-25_41_36,2993.414701353321
2025-01-22_07_36,890.9396743348698
2025-01-06_46_26,1495.9838103144943
2025-02-10_19_32,1540.9789917626185
2025-02-11_36_11,2484.512761253975
2025-02-22_23_25,3319.0967405519555
2025-01-02_09_45,890.9396743348698
2025-02-13_30_14,2128.3202149882864
2025-01-15_02_31,890.9396743348698
2025-02-02_46_26,2598.9612911345675
2025-02-05_17_23,1452.4608642002756
2025-02-05_34_45,1671.9321036430638
2025-02-02_36_11,1937.459898549659
2025-02-03_05_45,890.9396743348698
2025-01-21_36_37,1586.30634860246
2025-01-29_41_36,2757.5050081505906
2025-02-05_27_36,1718.854453206035
2025-01-09_02_30,890.9396743348698
2025-02-08_36_11,2359.248588956442
2025-02-16_38_36,2751.7832932893125
2025-01-14_46_35,3596.0801658036144
2025-01-01_45_09,890.9396743348698
2025-01-24_36_27,2302.0486499255226
2025-01-09_40_02,890.9396743348698
2025-01-01_30_14,2054.239383700801
2025-02-01_36_22,1830.317749406646
2025-02-19_02_40,890.9396743348698
2025-01-02_03_47,890.9396743348698
2025-02-27_47_05,890.9396743348698
2025-02-15_02_47,890.9396743348698
2025-01-22_36_27,1806.4201049672556
2025-02-20_37_36,2844.864876893983
2025-02-18_02_01,890.9396743348698
2025-02-14_46_15,2795.250069018337
2025-01-16_02_14,890.9396743348698
2025-02-19_02_01,890.9396743348698
2025-02-21_07_36,890.9396743348698
2025-01-16_46_33,1939.2869529382
2025-01-12_30_14,1638.7515034465184
2025-01-31_47_46,2626.030092760307
2025-01-27_46_44,1701.2537679794941
2025-02-21_26_46,1705.4806192226456
2025-02-22_48_46,3303.070276412328
2025-02-16_36_12,1891.4839801851272
2025-02-23_21_02,890.9396743348698
2025-02-26_48_45,2324.7081762936723
2025-01-04_17_23,1760.782742903768
2025-02-28_21_02,890.9396743348698
2025-01-21_36_12,1681.8708494956054
2025-01-27_34_45,2458.850426631186
2025-01-02_46_20,1939.9278650701276
2025-01-21_47_08,890.9396743348698
2025-01-30_47_28,2556.5739517558404
2025-01-26_46_33,1675.994428829666
2025-02-08_02_47,890.9396743348698
2025-02-12_47_05,890.9396743348698
2025-02-15_45_46,2425.5761333550786
2025-01-28_30_14,1659.2087195315291
2025-01-06_09_45,890.9396743348698
2025-01-03_47_03,890.9396743348698
2025-02-24_31_02,890.9396743348698
2025-02-15_15_46,1994.5712059456087
2025-02-19_47_46,1639.9187948030906
2025-01-25_04_29,890.9396743348698
2025-02-01_46_33,2088.830606126397
2025-01-08_46_33,2345.9786956437424
2025-01-24_33_46,1611.821943258764
2025-01-12_12_36,2074.2662115631642
2025-01-03_02_14,890.9396743348698
2025-01-19_02_01,890.9396743348698
2025-01-16_47_45,3510.093675654517
2025-01-01_45_47,3521.690341920143
2025-02-13_22_36,1738.3412245454272
2025-01-01_28_45,2717.7700381821815
2025-01-08_19_30,1984.6220377518316
2025-01-27_33_46,1487.2571704755896
2025-01-02_02_40,890.9396743348698
2025-02-22_21_02,890.9396743348698
2025-02-19_06_47,890.9396743348698
2025-01-02_47_10,1661.3253321965694
2025-02-24_46_48,3677.56915695464
2025-01-31_02_21,890.9396743348698
2025-02-23_47_43,1910.266125355631
2025-02-22_02_31,890.9396743348698
2025-01-14_45_28,2566.246737088087
2025-02-18_46_09,890.9396743348698
2025-01-18_02_40,890.9396743348698
2025-02-22_46_33,1641.9899042372429
2025-01-01_30_02,890.9396743348698
2025-02-15_26_46,2135.17396102384
2025-02-03_36_37,3111.0502087919285
2025-02-08_46_15,3227.1750270575203
2025-01-17_45_46,3727.172349647098
2025-01-11_05_45,890.9396743348698
2025-01-29_07_36,890.9396743348698
2025-01-10_06_47,890.9396743348698
2025-02-25_45_28,2688.8286932688343
2025-01-19_47_10,1763.1049169760336
2025-01-20_46_33,1584.5695132657156
2025-01-23_05_45,890.9396743348698
2025-02-12_02_16,890.9396743348698
2025-01-14_12_36,1775.646884120418
2025-02-23_26_46,2090.2152314430878
2025-02-05_46_48,3393.844646610043
2025-01-28_17_23,1401.2846568355446
2025-02-24_02_16,890.9396743348698
2025-01-09_45_34,2830.4379190923028
2025-01-17_02_24,890.9396743348698
2025-01-24_02_14,890.9396743348698
2025-02-11_04_29,890.9396743348698
2025-02-28_45_48,3496.764158647575
2025-02-06_36_07,890.9396743348698
2025-02-25_11_36,2041.2091043329724
2025-01-01_32_19,1584.8930842677555
2025-02-14_46_47,2509.381975036034
2025-01-04_21_02,890.9396743348698
2025-02-18_36_41,3508.657492316681
2025-02-28_02_40,890.9396743348698
2025-01-18_36_27,1899.4778747710386
2025-01-13_14_30,1639.9187948030906
2025-01-08_17_23,1446.9905069920774
2025-02-21_25_23,2751.9167616113677
2025-01-27_02_30,890.9396743348698
2025-01-22_47_06,890.9396743348698
2025-01-21_45_42,1769.1009563381513
2025-02-26_23_13,1482.545523379416
2025-02-13_02_16,890.9396743348698
2025-02-09_25_23,2456.600486780183
2025-01-10_44_45,2071.679218479205
2025-02-02_47_03,890.9396743348698
2025-02-02_47_08,890.9396743348698
2025-01-24_47_03,890.9396743348698
2025-01-03_20_46,2189.5310229130127
2025-02-20_04_29,890.9396743348698
2025-01-14_02_01,890.9396743348698
2025-01-11_47_05,890.9396743348698
2025-02-07_46_15,3075.261229424669
2025-02-13_47_06,890.9396743348698
2025-01-16_36_11,2317.1836644026644
2025-01-01_46_09,890.9396743348698
2025-02-26_46_26,1484.4414935187247
2025-01-03_21_02,890.9396743348698
2025-01-15_18_46,4034.260329878961
2025-02-19_47_45,3268.974118313102
2025-01-03_37_36,1278.6096890615577
2025-02-05_46_45,2156.0038704366452
2025-01-23_16_02,890.9396743348698
2025-01-29_46_33,1671.85257483447
2025-01-04_08_47,890.9396743348698
2025-01-13_37_36,960.711050285146
2025-02-01_16_02,890.9396743348698
2025-01-02_36_37,1278.6054776357764
2025-02-02_46_47,2277.0106889633016
2025-02-09_47_43,2231.8239483082007
2025-02-22_02_24,890.9396743348698
2025-01-27_03_47,890.9396743348698
2025-02-05_47_08,890.9396743348698
2025-01-11_47_45,3578.5289405862654
2025-01-23_02_01,890.9396743348698
2025-02-16_47_30,2016.723961789052
2025-01-14_47_30,1639.8983480257468
2025-01-14_45_09,890.9396743348698
2025-01-20_47_30,1672.2936161703503
2025-01-26_42_45,2457.228201698428
2025-01-09_02_31,890.9396743348698
2025-02-26_38_36,2121.73015109655
2025-01-04_46_48,3021.856299855653
2025-01-10_03_45,890.9396743348698
2025-01-28_07_36,890.9396743348698
2025-02-07_36_37,6489.471016589621
2025-01-14_45_47,2735.669301117107
2025-01-15_02_21,890.9396743348698
2025-02-14_32_19,1733.037781684901
2025-01-15_45_28,2750.808490357768
2025-01-08_46_20,2507.187401814976
2025-01-15_47_03,890.9396743348698
2025-02-07_30_14,2710.4557556666314
2025-02-10_02_30,890.9396743348698
2025-01-12_36_27,1750.4176738239212
2025-01-10_46_09,890.9396743348698
2025-01-25_46_35,2014.6908371330646
2025-02-05_46_44,2001.3579474004202
2025-01-23_12_36,1867.0980691425686
2025-01-01_02_01,890.9396743348698
2025-01-16_45_03,890.9396743348698
2025-01-15_46_20,2373.3750763057315
2025-01-21_02_47,890.9396743348698
2025-02-23_45_34,2280.906129099925
2025-02-24_02_31,890.9396743348698
2025-01-27_47_45,2931.4376069565674
2025-02-22_45_03,890.9396743348698
2025-01-18_02_31,890.9396743348698
2025-02-12_45_28,2449.712028988738
2025-02-15_17_23,1583.7021376092791
2025-02-01_19_32,1718.3604833392687
2025-01-22_47_02,890.9396743348698
2025-01-10_47_43,7342.6365142775285
2025-02-27_45_05,890.9396743348698
2025-02-01_45_34,2102.1253430110364
2025-01-18_46_33,2145.148405033355
2025-02-11_47_45,2241.6840757389036
2025-01-05_02_40,890.9396743348698
2025-01-09_02_16,890.9396743348698
2025-01-11_42_45,2164.587492195647
2025-02-23_02_40,890.9396743348698
2025-01-28_32_19,1424.886079018222
2025-01-09_36_41,4673.154626842132
2025-02-04_20_46,1770.4470394533264
2025-01-03_46_33,1710.38961223436
2025-02-06_06_47,890.9396743348698
2025-01-25_44_45,1856.1001085406615
2025-02-09_45_05,890.9396743348698
2025-01-03_03_45,890.9396743348698
2025-02-17_23_25,3139.1943476949646
2025-01-06_46_44,1750.0690519451334
2025-01-21_28_45,2168.3047234965434
2025-01-20_45_34,1890.25361360932
2025-01-06_20_46,2110.8055929376287
2025-01-03_36_41,4402.192634072016
2025-01-23_41_36,3252.759924502393
2025-01-06_05_47,890.9396743348698
2025-02-03_47_45,2819.363763245262
2025-01-28_36_12,1809.2201639561506
2025-02-10_19_02,890.9396743348698
2025-02-06_11_36,1822.7805961094773
2025-01-26_46_20,1856.2223944900115
2025-02-20_47_10,1626.940481864997
2025-01-06_19_32,1495.2194387227462
2025-01-15_41_36,3180.8296698064432
2025-01-04_16_02,890.9396743348698
2025-01-03_33_46,1758.9050491958242
2025-02-17_02_30,890.9396743348698
2025-01-17_12_36,1844.3370537798332
2025-01-10_19_30,1834.767308674996
2025-02-01_02_40,890.9396743348698
2025-01-22_36_11,1733.021210639979
2025-01-18_04_29,890.9396743348698
2025-01-01_45_34,2740.8468121107285
2025-01-04_47_03,890.9396743348698
2025-01-14_30_14,1730.2019838185947
2025-02-26_02_30,890.9396743348698
2025-02-07_33_46,1491.6843920532044
2025-01-07_48_45,1932.7525410396888
2025-01-31_25_23,2994.7626221186338
2025-01-08_34_45,2738.859306679733
2025-02-14_39_45,1906.3686307787361
2025-01-21_47_43,1896.3324897477182
2025-02-20_23_13,1461.1755392862547
2025-02-08_32_19,1490.8793379923068
2025-01-23_23_25,3687.8857764009936
2025-02-09_46_35,2268.473168330289
2025-02-08_45_44,2635.3585117187617
2025-02-11_45_44,1717.8864598275954
2025-01-03_17_23,1558.5313272999515
2025-01-11_23_13,1671.6172251927874
2025-01-19_40_02,890.9396743348698
2025-02-02_28_47,2305.0837520954738
2025-02-12_46_47,1692.51837311958
2025-01-11_47_43,6566.94141453884
2025-02-06_45_09,890.9396743348698
2025-02-04_03_47,890.9396743348698
2025-02-17_45_42,1700.7576675871303
2025-02-10_47_02,890.9396743348698
2025-01-20_48_45,3255.56092119416
2025-01-28_45_46,1985.4227853273946
2025-02-05_32_19,1564.3114352867492
2025-01-10_43_47,3170.2316079645084
2025-01-09_47_08,890.9396743348698
2025-01-02_47_05,890.9396743348698
2025-01-10_33_46,1719.10073741032
2025-01-11_36_37,2660.7949872413005
2025-02-02_47_28,1964.3079902077975
2025-02-05_47_30,1953.9130240830905
2025-01-02_45_44,1654.3438210812858
2025-02-27_35_46,1783.301464534683
2025-01-16_47_03,890.9396743348698
2025-02-15_02_30,890.9396743348698
2025-01-29_21_02,890.9396743348698
2025-01-23_36_41,4394.768256630609
2025-01-03_45_42,2258.2001607450065
2025-01-19_45_47,3263.4739695746675
2025-02-12_02_40,890.9396743348698
2025-02-14_33_46,1589.0341993768573
2025-02-18_02_16,890.9396743348698
2025-02-15_09_45,890.9396743348698
2025-01-08_05_45,890.9396743348698
2025-01-25_02_31,890.9396743348698
2025-02-14_45_34,3584.37843636027
2025-01-02_46_15,2372.080617108904
2025-01-17_48_46,4073.805887539558
2025-01-14_41_36,3686.2131701212284
2025-02-08_47_28,2455.5677716712166
2025-01-09_45_44,3122.6390121116556
2025-01-21_07_36,890.9396743348698
2025-02-17_46_15,1871.2030137718043
2025-01-10_18_46,2302.0959521716163
2025-01-23_38_36,1475.9095728393918
2025-02-18_02_31,890.9396743348698
2025-01-29_36_07,890.9396743348698
2025-02-05_12_36,1911.6021388076115
2025-01-08_46_15,3002.333166784984
2025-01-21_36_22,1584.9265010158024
2025-01-30_02_47,890.9396743348698
2025-01-10_46_26,3121.109295167461
2025-02-13_03_45,890.9396743348698
2025-01-27_30_02,890.9396743348698
2025-01-05_46_09,890.9396743348698
2025-01-11_45_34,2887.968686034338
2025-02-01_47_45,3087.741385241451
2025-02-08_19_02,890.9396743348698
2025-01-08_46_48,3609.432325436118
2025-01-15_47_06,890.9396743348698
2025-01-14_17_23,1442.6084105023294
2025-02-07_30_02,890.9396743348698
2025-02-03_44_45,2681.114233749736
2025-01-14_16_02,890.9396743348698
2025-01-06_44_46,2241.5993894596068
2025-02-02_46_33,1836.1846398253383
2025-01-23_45_34,2701.4282782300334
2025-02-04_02_01,890.9396743348698
2025-02-19_12_36,2106.712797876715
2025-02-08_31_02,890.9396743348698
2025-01-31_01_02,890.9396743348698
2025-02-20_23_25,3453.0373409666513
2025-02-06_02_01,890.9396743348698
2025-02-15_45_44,1843.7039755062501
2025-02-14_07_36,890.9396743348698
2025-02-09_47_08,890.9396743348698
2025-02-25_45_05,890.9396743348698
2025-02-02_03_45,890.9396743348698
2025-01-19_22_36,1741.1665438107198
2025-01-09_02_19,890.9396743348698
2025-02-28_46_33,2518.5281328731317
2025-02-28_28_47,1770.4892668529776
2025-02-21_36_22,1760.6382977017124
2025-02-25_02_16,890.9396743348698
2025-01-13_45_05,890.9396743348698
2025-02-28_25_23,2760.917250770107
2025-02-26_26_46,1726.4875573499949
2025-01-05_37_36,1348.863900698337
2025-01-27_45_39,1910.1916590193473
2025-01-05_06_47,890.9396743348698
2025-02-20_30_14,2476.624429483486
2025-01-22_45_44,1582.0117726603592
2025-01-27_14_30,1835.904425028255
2025-01-21_08_47,890.9396743348698
2025-02-28_14_30,2141.0410264304364
2025-02-24_45_34,2178.5382581199965
2025-02-05_08_47,890.9396743348698
2025-01-20_45_05,890.9396743348698
2025-01-26_30_14,1775.4992899843219
2025-01-30_02_01,890.9396743348698
2025-02-19_47_06,890.9396743348698
2025-01-07_05_45,890.9396743348698
2025-02-21_33_46,1531.1040887987913
2025-01-10_36_41,5372.481637816934
2025-01-01_46_44,2373.440383922919
2025-01-11_45_09,890.9396743348698
2025-01-10_38_36,1584.5277652188406
2025-01-26_23_13,1744.479522093427
2025-01-28_18_46,1666.210356821099
2025-02-15_22_36,2179.9137907613745
2025-01-19_15_46,3946.5558660132833
2025-01-29_42_45,1714.3850241101575
2025-02-10_35_46,2571.163741168688
2025-01-13_45_09,890.9396743348698
2025-01-17_38_36,1425.4877115924628
2025-02-11_36_07,890.9396743348698
2025-02-10_45_28,2589.396106288048
2025-01-19_47_05,890.9396743348698
2025-02-02_15_46,2694.5057097502995
2025-02-10_36_37,5153.59971792858
2025-02-07_40_02,890.9396743348698
2025-02-23_02_24,890.9396743348698
2025-01-29_02_40,890.9396743348698
2025-02-13_45_44,1807.4047075793294
2025-01-09_23_13,1581.9703603068435
2025-02-18_46_35,1743.8246529871649
2025-01-01_31_02,890.9396743348698
2025-01-16_02_47,890.9396743348698
2025-01-06_02_16,890.9396743348698
2025-02-19_44_46,1671.5677666797078
2025-02-23_20_46,2346.710869815991
2025-02-21_12_36,2274.587374338917
2025-02-19_48_46,3078.6526064028926
2025-02-13_36_11,2206.3672568898196
2025-01-14_01_02,890.9396743348698
2025-01-06_02_21,890.9396743348698
2025-01-05_28_47,2552.092368157209
2025-02-08_47_03,890.9396743348698
2025-01-16_48_46,4796.626573733958
2025-01-31_36_11,2589.3813357802355
2025-01-09_27_36,1561.6118021534671
2025-02-07_32_19,1659.175699511998
2025-02-09_31_02,890.9396743348698
2025-02-07_46_20,2692.8707417936876
2025-02-07_44_45,1898.0669503448003
2025-01-19_07_36,890.9396743348698
2025-01-10_05_47,890.9396743348698
2025-01-08_23_13,1058.3715762889965
2025-01-02_02_30,890.9396743348698
2025-02-26_36_27,2131.924166462576
2025-01-29_46_26,1502.7809359524804
2025-01-07_47_03,890.9396743348698
2025-02-12_43_47,1649.5926366214003
2025-01-17_46_15,2774.8337888375195
2025-02-14_09_45,890.9396743348698
2025-01-12_43_47,1954.2208648943802
2025-02-25_47_28,2391.707236388974
2025-01-01_44_46,3887.8804978747435
2025-02-23_36_41,3874.221973123574
2025-01-27_45_46,1702.478277275079
2025-01-27_02_16,890.9396743348698
2025-01-08_42_45,1988.6271644263593
2025-02-23_46_09,890.9396743348698
2025-01-10_02_40,890.9396743348698
2025-01-29_45_34,1913.799283962898
2025-02-28_16_02,890.9396743348698
2025-01-09_19_32,1662.442923328755
2025-02-18_45_42,1930.1812892680844
2025-01-26_45_46,3502.691102747802
2025-02-19_46_48,3075.3230820778404
2025-02-01_44_45,2020.7464532441302
2025-02-15_45_39,2766.6562736281294
2025-01-09_45_42,2053.7864523474327
2025-02-01_09_45,890.9396743348698
2025-02-13_47_45,2797.6512298396783
2025-02-28_46_15,3510.584116908316
2025-02-09_47_45,3699.9493504809275
2025-01-11_48_45,2693.230039502261
2025-01-03_47_43,2906.515684944149
2025-02-09_36_12,2235.5104065298324
2025-02-16_48_46,3898.967011154021
2025-02-07_35_46,1960.2694083604342
2025-01-21_46_48,2229.442633103273
2025-02-20_47_06,890.9396743348698
2025-02-21_46_47,2266.260449762318
2025-01-04_47_46,2456.7538550696127
2025-01-09_36_37,1503.1128992718932
2025-02-22_34_45,2168.289435145283
2025-02-10_46_15,2037.8046154924486
2025-01-21_46_26,1581.9703603068435
2025-01-01_08_47,890.9396743348698
2025-02-27_05_47,890.9396743348698
2025-02-12_19_30,1705.9269583310406
2025-01-08_05_47,890.9396743348698
2025-01-13_36_22,1953.597418918735
2025-01-02_47_43,2167.2977100919697
2025-02-10_48_45,2439.189037437867
2025-01-03_02_16,890.9396743348698
2025-01-03_47_10,1647.4727482836533
2025-01-14_32_19,1462.4351998804477
2025-01-30_41_36,2869.463510278685
2025-01-22_42_45,1977.0424932458582
2025-02-06_02_31,890.9396743348698
2025-02-18_47_05,890.9396743348698
2025-02-28_36_11,2526.1048309113803
2025-02-01_05_47,890.9396743348698
2025-02-21_19_30,2019.9834328602535
2025-02-14_04_29,890.9396743348698
2025-01-17_19_02,890.9396743348698
2025-02-12_20_46,1868.9899716182877
2025-02-08_21_02,890.9396743348698
2025-01-01_02_19,890.9396743348698
2025-01-02_45_48,2354.838384655588
2025-01-05_03_47,890.9396743348698
2025-01-24_36_07,890.9396743348698
2025-01-20_47_06,890.9396743348698
2025-01-15_19_30,2208.0445927437513
2025-01-20_28_45,2432.988325069862
2025-01-26_46_45,2879.4616907867926
2025-01-01_13_23,1778.7780429422928
2025-02-22_46_20,2330.450156632802
2025-01-23_47_10,1651.9696130667187
2025-02-21_48_46,3299.4828392794548
2025-02-03_46_33,1582.094505814656
2025-01-10_45_05,890.9396743348698
2025-02-18_40_02,890.9396743348698
2025-02-24_28_47,1844.865359500483
2025-01-21_45_47,2190.528776406501
2025-01-05_09_46,890.9396743348698
2025-01-10_40_02,890.9396743348698
2025-01-07_02_14,890.9396743348698
2025-01-18_47_08,890.9396743348698
2025-02-18_36_12,1918.1872027742031
2025-01-09_19_02,890.9396743348698
2025-01-26_44_45,2569.9623956071637
2025-02-03_16_02,890.9396743348698
2025-02-12_11_36,2072.7189654212434
2025-02-25_45_44,1828.524174807819
2025-01-06_02_24,890.9396743348698
2025-02-12_14_30,1797.393221864728
2025-02-01_45_48,2717.2074099782253
2025-02-08_47_43,2165.1146168266923
2025-02-05_01_02,890.9396743348698
2025-01-26_18_46,3002.333166784984
2025-02-04_28_47,1991.0421289947963
2025-01-16_46_09,890.9396743348698
2025-01-06_46_35,1969.4230128157976
2025-02-27_36_27,2353.1169261701434
2025-02-21_36_27,2314.928080821317
2025-02-08_46_45,2551.2745586394285
2025-02-01_25_23,2788.182768618021
2025-02-06_45_05,890.9396743348698
2025-01-29_45_47,3166.4085626265896
2025-01-13_16_02,890.9396743348698
2025-01-07_47_46,1705.4396035976456
2025-02-18_08_47,890.9396743348698
2025-02-14_44_46,2186.803762855982
2025-01-15_46_47,1822.9126015353754
2025-01-05_36_37,1165.4699774906098
2025-02-05_42_45,1812.8711847976151
2025-01-24_13_23,1920.358052027986
2025-01-13_05_47,890.9396743348698
2025-01-22_19_02,890.9396743348698
2025-01-17_46_09,890.9396743348698
2025-02-01_36_12,2571.0578756901723
2025-01-09_42_45,1565.8467962736624
2025-01-06_02_01,890.9396743348698
2025-02-03_19_32,1573.366465296853
2025-02-06_05_45,890.9396743348698
2025-02-11_14_30,1600.2526522839294
2025-01-21_48_46,3618.664749223324
2025-02-24_45_28,2306.677511029443
2025-02-02_45_09,890.9396743348698
2025-02-22_19_02,890.9396743348698
2025-02-17_20_46,1723.3593735025709
2025-01-23_03_47,890.9396743348698
2025-01-19_01_02,890.9396743348698
2025-01-12_47_06,890.9396743348698
2025-01-14_45_05,890.9396743348698
2025-02-21_45_44,2814.4420837753532
2025-01-08_36_22,1840.0529920706194
2025-01-24_02_24,890.9396743348698
2025-01-13_47_30,1910.4153653644478
2025-02-01_19_30,2282.623583965176
2025-02-26_47_02,890.9396743348698
2025-02-09_46_48,3715.0137888118998
2025-02-16_47_45,3330.1835016749255
2025-02-11_32_19,1726.3910769219106
2025-01-30_46_26,2119.5841769663043
2025-02-07_47_30,2030.5731267038404
2025-02-27_21_02,890.9396743348698
2025-01-03_06_47,890.9396743348698
2025-02-15_02_19,890.9396743348698
2025-02-16_02_16,890.9396743348698
2025-02-16_45_05,890.9396743348698
2025-01-05_47_28,2160.3290161599134
2025-01-05_45_44,1774.6814853251053
2025-01-17_36_12,2588.1354677492386
2025-01-24_38_36,1672.3135136312878
2025-01-29_47_30,1731.2006218377192
2025-01-18_36_37,1887.2785343922608
2025-02-21_45_46,3225.5885959133952
2025-01-10_47_45,3524.250757051046
2025-02-19_42_45,1737.3261987587798
2025-01-02_16_02,890.9396743348698
2025-02-20_08_47,890.9396743348698
2025-01-19_41_36,3087.1882622063167
2025-01-24_11_36,1913.382363526932
2025-02-13_47_02,890.9396743348698
2025-01-24_36_41,5060.088933333083
2025-01-09_46_48,4026.1204608983526
2025-01-04_47_45,3346.9608198834085
2025-01-31_02_14,890.9396743348698
2025-02-15_19_30,2049.3757083473574
2025-01-29_02_01,890.9396743348698
2025-01-23_06_47,890.9396743348698
2025-01-07_15_46,1940.7474615729784
2025-02-11_02_21,890.9396743348698
2025-02-09_36_41,3510.5486395508206
2025-01-24_46_26,2538.8558438930845
2025-02-22_02_47,890.9396743348698
2025-01-04_46_20,2039.4994356105844
2025-01-29_40_02,890.9396743348698
2025-02-27_19_32,1810.8449401723337
2025-01-22_28_47,1894.9638068574359
2025-02-26_46_35,2330.0238915341706
2025-02-02_47_10,1497.628666605588
2025-02-05_19_02,890.9396743348698
2025-02-12_46_48,2433.64982957389
2025-02-26_43_47,1523.2099704927832
2025-01-22_47_30,1931.2444814786545
2025-01-02_36_07,890.9396743348698
2025-02-24_36_12,2000.7970610055413
2025-01-23_28_45,2154.1936439343335
2025-01-08_11_36,1584.9431941310368
2025-01-25_02_47,890.9396743348698
2025-02-02_21_02,890.9396743348698
2025-01-05_19_30,2231.7338159141545
2025-02-11_45_05,890.9396743348698
2025-01-25_47_05,890.9396743348698
2025-02-20_45_47,3147.697222087349
2025-01-12_02_21,890.9396743348698
2025-01-14_42_45,2105.0796899621882
2025-01-16_46_26,2291.7257891909444
2025-02-22_01_02,890.9396743348698
2025-01-11_36_12,2080.4085378432264
2025-02-19_03_47,890.9396743348698
2025-02-08_42_45,2317.169199070633
2025-01-16_36_41,4609.139990555781
2025-02-23_48_45,2716.0478995879166
2025-02-27_45_09,890.9396743348698
2025-01-04_40_02,890.9396743348698
2025-02-28_39_45,1915.2460850723487
2025-02-10_02_19,890.9396743348698
2025-01-17_45_42,3029.0006896874274
2025-02-19_19_30,2163.172587905654
2025-01-20_45_44,1875.8168041226998
2025-01-09_46_15,3306.0913123306805
2025-01-15_02_47,890.9396743348698
2025-01-04_36_22,2165.162828354717
2025-01-26_45_09,890.9396743348698
2025-02-28_34_45,2143.640785521193
2025-02-10_36_12,1779.8545770194237
2025-02-07_38_36,1585.4693875038447
2025-01-20_35_46,3094.529441640868
2025-02-24_46_15,2010.8072321391046
2025-02-07_46_47,1962.5800167451307
2025-02-16_02_30,890.9396743348698
2025-01-14_38_36,1566.5775374943169
2025-01-05_02_30,890.9396743348698
2025-02-28_03_45,890.9396743348698
2025-02-17_45_48,1708.0246222923283
2025-01-14_19_30,1872.583152793351
2025-02-03_02_30,890.9396743348698
2025-02-23_02_01,890.9396743348698
2025-01-27_01_02,890.9396743348698
2025-02-17_13_23,1560.6595066008017
2025-01-20_19_30,1948.062927361646
2025-01-29_47_10,1635.3231816332627
2025-02-24_02_40,890.9396743348698
2025-02-03_30_14,1534.0871155419154
2025-01-31_45_47,3635.696354030836
2025-02-08_02_19,890.9396743348698
2025-01-13_02_01,890.9396743348698
2025-01-15_05_47,890.9396743348698
2025-02-19_02_14,890.9396743348698
2025-02-27_42_45,1760.4805650589033
2025-01-26_14_30,2181.9075262656165
2025-01-15_45_34,2038.6871696051671
2025-02-06_47_06,890.9396743348698
2025-02-15_14_30,1867.3330088044122
2025-01-17_14_30,1997.1993423954416
2025-01-27_47_03,890.9396743348698
2025-01-19_17_23,1428.8976728173475
2025-02-22_45_09,890.9396743348698
2025-01-25_17_23,1433.8312251629845
2025-02-17_45_34,2147.044688694426
2025-02-13_45_39,2947.472298066865
2025-02-22_19_32,1692.3937260851615
2025-02-04_47_06,890.9396743348698
2025-01-30_33_46,1504.6699966722103
2025-02-02_45_47,3283.7436794576097
2025-01-13_45_39,2664.427475693684
2025-01-17_46_26,1725.1556686685865
2025-01-13_35_46,2176.5062954896066
2025-01-03_46_15,2256.616090777002
2025-01-16_46_45,3175.99085117745
2025-02-14_02_19,890.9396743348698
2025-01-31_47_06,890.9396743348698
2025-02-01_45_03,890.9396743348698
2025-01-24_41_36,2965.3639649497304
2025-01-02_23_25,3560.144329016395
2025-01-24_46_35,2384.118608370951
2025-02-09_33_46,2288.057010697453
2025-01-23_40_02,890.9396743348698
2025-01-31_19_32,2157.8095344991452
2025-02-14_02_30,890.9396743348698
2025-01-04_27_36,1777.3049015426168
2025-02-09_47_46,2239.3404607057405
2025-02-08_45_46,2473.335142088751
2025-01-21_35_46,2849.9578942810667
2025-01-23_32_19,1536.0882757256998
2025-02-17_28_47,2067.167607056702
2025-02-22_09_46,890.9396743348698
2025-02-23_47_02,890.9396743348698
2025-02-16_17_23,1646.258071454382
2025-01-31_46_33,2775.94048791171
2025-01-08_47_08,890.9396743348698
2025-02-08_02_30,890.9396743348698
2025-01-19_32_19,1678.7357590684665
2025-02-02_32_19,1673.004573603892
2025-02-10_45_48,1925.7835434452231
2025-02-15_07_36,890.9396743348698
2025-01-20_02_30,890.9396743348698
2025-01-18_47_06,890.9396743348698
2025-01-14_31_02,890.9396743348698
2025-01-19_02_21,890.9396743348698
2025-01-19_06_47,890.9396743348698
2025-01-30_02_24,890.9396743348698
2025-01-09_14_30,1584.6947574063406
2025-02-05_15_46,2143.003979155771
2025-01-10_47_06,890.9396743348698
2025-01-30_06_47,890.9396743348698
2025-01-09_07_36,890.9396743348698
2025-02-26_17_23,1382.2929822334158
2025-02-01_06_47,890.9396743348698
2025-01-16_45_47,3404.7689090108274
2025-02-10_02_01,890.9396743348698
2025-02-04_27_36,1760.6179729946812
2025-01-11_07_36,890.9396743348698
2025-02-01_47_46,2057.8376461920157
2025-02-18_02_14,890.9396743348698
2025-01-25_36_41,4676.943994517913
2025-01-10_46_15,4114.450947518197
2025-01-04_28_45,2127.415715834347
2025-01-04_19_32,1534.1372254051967
2025-01-24_36_37,2856.5413018377326
2025-01-29_37_36,2776.3775253405397
2025-01-23_05_47,890.9396743348698
2025-02-27_03_45,890.9396743348698
2025-02-08_36_22,1811.8404274631098
2025-02-10_21_02,890.9396743348698
2025-01-03_47_45,3791.877247612094
2025-01-13_04_29,890.9396743348698
2025-02-25_06_47,890.9396743348698
2025-01-04_09_45,890.9396743348698
2025-02-25_46_47,1705.4190957851456
2025-01-09_19_30,2018.0447161646075
2025-01-07_43_47,1656.7940033260388
2025-02-15_35_46,1895.8202961796046
2025-02-20_15_46,1725.825196305461
2025-02-12_06_47,890.9396743348698
2025-01-27_05_45,890.9396743348698
2025-02-20_34_45,1932.201975330957
2025-02-13_45_34,2697.6017152738978
2025-01-06_23_13,1531.0866974042244
2025-02-11_47_43,1721.6062335308968
2025-01-16_47_02,890.9396743348698
2025-01-04_20_46,2928.077503760401
2025-01-09_39_45,1764.6368189212856
2025-01-13_44_45,1868.490956706775
2025-02-26_35_46,1671.4683404101766
2025-01-29_38_36,1379.2257114402664
2025-01-17_36_37,3126.30250283248
2025-01-17_45_47,2841.8856348957684
2025-01-30_46_47,1673.7177840504112
2025-01-25_12_36,2019.3494748200828
2025-02-26_02_24,890.9396743348698
2025-02-16_21_02,890.9396743348698
2025-01-26_45_28,2605.1332953450383
2025-02-08_13_23,1738.6276310016556
2025-01-06_41_36,3079.9537242399233
2025-01-22_09_45,890.9396743348698
2025-02-15_48_45,1906.0722373616184
2025-01-10_41_36,3275.483534557653
2025-01-12_41_36,3833.188294943924
2025-02-14_47_02,890.9396743348698
2025-01-18_45_48,2811.8676578309664
2025-02-17_45_44,1552.0299486963725
2025-01-15_28_47,3012.701452065667
2025-02-13_47_10,1485.2301221103664
2025-01-21_05_47,890.9396743348698
2025-01-14_19_32,1477.9910687907304
2025-02-06_45_34,2676.728183448103
2025-02-04_47_03,890.9396743348698
2025-02-10_34_45,2423.0585295681167
2025-01-01_06_47,890.9396743348698
2025-02-16_19_02,890.9396743348698
2025-02-06_45_48,2251.8540692162746
2025-02-01_44_46,2586.9676893976075
2025-01-12_19_32,1633.535898587715
2025-02-26_18_46,1723.43306926561
2025-02-11_36_27,1940.2127922790596
2025-01-07_38_36,1350.4221587549775
2025-01-17_36_41,4770.178989746223
2025-01-29_48_46,2310.983406699511
2025-01-02_36_41,4087.8301557671807
2025-02-19_33_46,1484.462306507006
2025-01-04_47_10,1836.1846398253383
2025-01-17_47_43,2409.479392684101
2025-01-13_47_43,3329.7787551524348
2025-01-28_34_45,2002.515067627653
2025-01-19_46_26,2572.3927611068
2025-02-16_36_27,2134.9996942260814
2025-01-15_17_23,1485.2511182041164
2025-02-18_12_36,2012.7719325506832
2025-01-16_47_05,890.9396743348698
2025-01-26_12_36,2120.309653652145
2025-02-24_48_45,1941.6647865790194
2025-01-11_05_47,890.9396743348698
2025-01-28_45_34,1854.8074244814056
2025-02-26_30_02,890.9396743348698
2025-01-02_46_26,1909.6869632088742
2025-01-23_45_28,2524.8117708537848
2025-01-28_42_45,1755.8446372380913
2025-01-17_19_32,1656.2569758438467
2025-01-25_38_36,1584.590387289153
2025-02-20_44_46,2164.618955818694
2025-01-13_47_10,2563.851491584863
2025-02-10_47_28,2169.5112629244527
2025-01-30_14_30,2145.1654121542
2025-02-16_44_45,2828.8530796348005
2025-02-20_09_45,890.9396743348698
2025-01-27_02_24,890.9396743348698
2025-01-31_23_13,2033.5298405288404
2025-02-05_23_25,3437.3768668868406
2025-01-06_36_37,1142.5973417434243
2025-01-05_01_02,890.9396743348698
2025-01-28_47_05,890.9396743348698
2025-01-20_45_42,2003.4036874761018
2025-01-19_36_27,1725.695638859196
2025-02-26_41_36,3093.9768603975604
2025-02-16_45_34,1952.7793484706685
2025-02-16_18_46,2680.9658341976647
2025-01-10_47_10,5165.317772660602
2025-01-31_27_36,1693.513236027474
2025-02-28_45_44,2496.762392814671
2025-02-03_36_27,1822.5117151726865
2025-02-07_06_47,890.9396743348698
2025-02-07_31_02,890.9396743348698
2025-01-27_07_36,890.9396743348698
2025-02-20_02_19,890.9396743348698
2025-02-05_45_42,1969.283034547611
2025-02-26_15_46,1671.5677666797078
2025-02-02_45_44,1864.5537372865372
2025-01-02_45_39,2547.38026021758
2025-01-07_46_48,2820.180199406574
2025-02-22_47_10,1693.533987980599
2025-02-20_36_22,1704.686787573653
2025-01-01_41_36,4911.1507287678105
2025-02-07_36_12,2592.2051155576364
2025-02-02_39_45,3280.013867608007
2025-02-11_19_30,1908.864543930728
2025-02-23_19_02,890.9396743348698
2025-02-17_19_02,890.9396743348698
2025-02-16_02_47,890.9396743348698
2025-02-18_30_02,890.9396743348698
2025-02-04_15_46,2118.7532223676008
2025-01-24_05_45,890.9396743348698
2025-02-01_11_36,2025.0870761774822
2025-01-08_09_45,890.9396743348698
2025-01-25_36_37,2626.392159280492
2025-02-05_45_34,2143.880301206539
2025-01-28_02_24,890.9396743348698
2025-02-19_18_46,1586.3147104188663
2025-01-06_15_46,2385.5906688214272
2025-01-07_45_34,2033.3447998277165
2025-01-12_02_31,890.9396743348698
2025-02-14_36_37,7249.5559478712785
2025-02-15_05_45,890.9396743348698
2025-02-14_46_48,3153.350582818577
2025-01-10_48_45,2646.055206350757
2025-02-27_38_36,1712.2546282305061
2025-01-16_46_20,2339.9193306984844
2025-01-14_08_47,890.9396743348698
2025-02-19_13_23,1613.7334912206009
2025-02-05_30_14,1690.7499388441202
2025-02-27_36_37,2542.0246677502805
2025-01-01_36_27,1825.8721937261012
2025-02-02_17_23,1379.2257114402664
2025-02-04_46_09,890.9396743348698
2025-02-14_02_31,890.9396743348698
2025-02-12_47_45,3303.7553675751333
2025-01-23_30_02,890.9396743348698
2025-01-19_14_30,1782.8115989543671
2025-01-15_36_11,1878.3056945162386
2025-02-21_02_31,890.9396743348698
2025-01-20_45_39,1876.3471828975087
2025-02-28_02_01,890.9396743348698
2025-02-28_47_46,2493.9949393527354
2025-02-22_36_41,4296.770388725139
2025-01-03_02_21,890.9396743348698
2025-02-27_45_28,2741.2546153006538
2025-01-19_19_32,1671.551195634786
2025-01-24_23_25,3122.7166152947802
2025-02-19_19_32,1875.5024361635299
2025-02-27_45_47,3725.8126482132084
2025-01-12_47_10,2836.627523879542
2025-01-22_48_45,1954.904976283026
2025-02-12_30_02,890.9396743348698
2025-01-29_46_20,1764.110132401106
2025-01-10_22_36,2248.879519812574
2025-02-21_46_35,3166.773298574245
2025-01-30_47_03,890.9396743348698
2025-02-24_41_36,2538.297485543404
2025-02-01_38_36,1584.8846919337711
2025-01-19_47_03,890.9396743348698
2025-02-11_36_12,1777.1918712488755
2025-01-23_44_46,2026.8241772600268
2025-02-24_36_41,3405.0411691656673
2025-01-14_23_13,1504.6699966722103
2025-01-18_47_30,2294.19287827687
2025-02-20_01_02,890.9396743348698
2025-02-26_46_44,2422.122175193581
2025-01-13_45_48,3114.3983165883437
2025-01-08_26_46,1627.3231587898404
2025-02-03_07_36,890.9396743348698
2025-02-25_26_46,1556.729440097371
2025-02-08_05_47,890.9396743348698
2025-02-19_36_22,1736.7373140743916
2025-01-10_47_08,890.9396743348698
2025-02-22_30_14,2473.149337346291
2025-01-21_36_11,1783.3180050620267
2025-02-11_33_46,1754.284105780813
2025-01-12_46_09,890.9396743348698
2025-02-03_45_03,890.9396743348698
2025-01-30_02_30,890.9396743348698
2025-02-08_11_36,2101.3589032133077
2025-01-01_34_45,4669.652568333015
2025-01-07_02_21,890.9396743348698
2025-02-28_47_05,890.9396743348698
2025-02-11_46_33,1428.1597761931223
2025-02-01_46_35,2728.097839276562
2025-02-25_20_46,1582.0738454142654
2025-01-07_45_44,1728.239753207792
2025-01-05_47_02,890.9396743348698
2025-01-29_46_15,2538.5381811804436
2025-01-29_45_28,2688.1066996452796
2025-01-03_48_46,3227.7708477713613
2025-02-10_32_19,1816.6091185007804
2025-02-19_46_33,1533.0666594968463
2025-02-04_45_09,890.9396743348698
2025-02-11_47_02,890.9396743348698
2025-01-30_47_02,890.9396743348698
2025-02-05_28_47,2016.4044120744306
2025-01-30_03_45,890.9396743348698
2025-02-16_06_47,890.9396743348698
2025-02-13_02_31,890.9396743348698
2025-01-31_36_27,2678.8649786842007
2025-01-20_19_02,890.9396743348698
2025-02-19_36_07,890.9396743348698
2025-02-05_45_28,2779.0891082063863
2025-01-16_45_44,2121.1123834202635
2025-01-17_34_45,2441.356966334891
2025-01-02_02_24,890.9396743348698
2025-02-09_48_45,3021.111617612795
2025-01-07_02_24,890.9396743348698
2025-02-24_46_47,1671.6783824193499
2025-01-13_11_36,1733.037781684901
2025-01-31_45_48,3480.016413489262
2025-02-25_04_29,890.9396743348698
2025-02-26_28_47,1689.648693409506
2025-02-27_02_19,890.9396743348698
2025-02-28_45_05,890.9396743348698
2025-01-01_46_18,2464.573862138237
2025-01-01_19_32,1674.611913083883
2025-01-22_47_46,1702.090463885121
2025-02-07_21_02,890.9396743348698
2025-02-15_46_44,2579.1746608789244
2025-02-27_23_25,3037.5084175075526
2025-02-24_47_06,890.9396743348698
2025-02-15_47_02,890.9396743348698
2025-01-31_47_30,2122.9269068197564
2025-01-18_22_36,1747.066291684099
2025-01-04_47_05,890.9396743348698
2025-02-10_46_44,2015.595260867968
2025-01-22_23_13,1865.8334112339853
2025-02-25_02_24,890.9396743348698
2025-01-28_45_39,1604.0603580239879
2025-02-17_45_39,1795.4054790344426
2025-02-01_47_05,890.9396743348698
2025-01-20_40_02,890.9396743348698
2025-01-11_36_41,4999.469788150019
2025-01-09_08_47,890.9396743348698
2025-01-08_02_30,890.9396743348698
2025-01-09_02_47,890.9396743348698
2025-01-22_47_45,2495.839164360938
2025-02-19_19_02,890.9396743348698
2025-02-19_45_39,2153.0038109024704
2025-02-27_46_35,2716.869471769751
2025-01-10_02_19,890.9396743348698
2025-01-25_47_02,890.9396743348698
2025-01-09_36_11,1651.2466103050597
2025-01-13_47_45,2642.0947318266126
2025-02-01_46_26,2702.4430707445636
2025-01-26_04_29,890.9396743348698
2025-02-03_06_47,890.9396743348698
2025-02-23_05_47,890.9396743348698
2025-02-18_46_48,2838.3158245488676
2025-01-11_45_05,890.9396743348698
2025-01-23_46_48,3399.3624563799012
2025-02-21_46_09,890.9396743348698
2025-01-17_32_19,1649.5926366214003
2025-01-24_45_03,890.9396743348698
2025-01-27_32_19,1618.5467196518853
