route_key,final_seatcount
2025-02-11_46_45,2105.6846
2025-01-20_17_23,1993.3175
2025-01-08_02_14,1142.8928
2025-01-08_08_47,1142.8928
2025-01-08_09_46,1142.8928
2025-01-21_45_05,1142.8928
2025-02-26_47_08,1142.8928
2025-01-03_02_19,1142.8928
2025-02-11_02_30,1142.8928
2025-01-25_05_45,1142.8928
2025-02-04_36_07,1142.8928
2025-01-28_02_14,1142.8928
2025-01-14_47_46,2248.3684
2025-02-04_02_16,1142.8928
2025-02-20_47_43,2379.6692
2025-01-03_19_30,2357.982
2025-02-27_22_36,1707.5983
2025-02-10_47_08,1142.8928
2025-01-27_47_02,1142.8928
2025-01-27_22_36,1635.0134
2025-01-10_36_27,2235.512
2025-02-11_46_15,2215.1626
2025-02-28_42_45,2330.7922
2025-01-22_30_02,1142.8928
2025-01-17_09_46,1142.8928
2025-01-29_46_48,2548.5073
2025-02-27_11_36,2255.8855
2025-02-19_48_45,2107.6157
2025-01-27_23_13,1611.9188
2025-01-14_28_45,2519.0334
2025-01-27_46_18,1838.0529
2025-02-14_47_05,1142.8927
2025-02-20_17_23,1352.9237
2025-02-07_23_13,1851.4489
2025-01-27_36_12,1831.9838
2025-01-11_16_02,1142.8928
2025-02-04_46_33,1358.1998
2025-01-11_48_46,2620.6106
2025-01-24_16_02,1142.8928
2025-01-12_23_13,1677.9086
2025-02-07_46_18,3163.1487
2025-02-26_09_46,1142.8928
2025-02-07_47_05,1142.8928
2025-01-18_36_22,2157.8127
2025-02-07_02_01,1142.8928
2025-01-01_46_26,2456.951
2025-02-08_26_46,2170.0444
2025-01-09_46_44,3400.4946
2025-01-04_02_21,1142.8928
2025-02-08_27_36,2134.3574
2025-01-03_05_47,1142.8928
2025-01-09_26_46,2051.3071
2025-01-14_20_46,2524.7668
2025-02-25_13_23,1276.9049
2025-02-04_45_34,2044.4623
2025-01-20_05_45,1142.8928
2025-02-15_46_15,2404.9924
2025-01-16_19_02,1142.8928
2025-01-07_22_36,1555.17
2025-01-21_32_19,1390.9302
2025-02-13_32_19,1300.132
2025-02-27_02_40,1142.8928
2025-02-22_45_42,2233.1846
2025-01-05_35_46,2763.5059
2025-01-16_26_46,2572.9827
2025-02-09_13_23,1734.8541
2025-01-24_39_45,2223.581
2025-01-13_36_27,1683.38
2025-02-09_45_47,2557.4795
2025-01-21_26_46,2204.6025
2025-02-08_45_05,1142.8928
2025-02-03_35_46,2449.8547
2025-01-03_19_02,1142.8928
2025-02-06_36_12,2247.848
2025-02-04_37_36,2868.5554
2025-01-28_45_44,1650.1935
2025-02-18_46_15,1528.445
2025-02-10_45_46,2397.6145
2025-01-13_02_21,1142.8928
2025-02-23_02_30,1142.8928
2025-02-22_09_45,1142.8928
2025-02-12_30_14,1986.9188
2025-02-27_41_36,2616.9758
2025-01-05_45_47,2665.8389
2025-02-18_46_26,1412.6387
2025-01-11_36_22,1975.1713
2025-02-12_02_01,1142.8928
2025-02-13_17_23,1162.2206
2025-02-08_09_45,1142.8928
2025-02-17_45_05,1142.8928
2025-01-03_36_27,1879.7557
2025-02-14_37_36,3569.6946
2025-01-15_12_36,2165.0205
2025-01-26_02_01,1142.8928
2025-01-26_02_14,1142.8927
2025-02-05_36_12,1828.2872
2025-01-24_02_21,1142.8928
2025-01-18_44_45,2635.086
2025-02-27_47_10,1601.0314
2025-01-14_03_47,1142.8928
2025-02-22_06_47,1142.8928
2025-01-10_44_46,2496.477
2025-01-30_03_47,1142.8928
2025-02-25_15_46,1731.6825
2025-02-13_19_32,1771.2806
2025-02-04_47_46,1871.9053
2025-01-04_47_06,1142.8928
2025-02-06_01_02,1142.8928
2025-01-25_28_45,1982.1674
2025-02-22_47_03,1142.8928
2025-02-05_36_22,1494.7921
2025-02-11_02_14,1142.8928
2025-01-05_43_47,2012.2566
2025-02-04_25_23,2121.9705
2025-01-07_41_36,2843.8826
2025-02-12_46_18,2077.4922
2025-02-20_47_05,1142.8928
2025-02-14_35_46,2113.0803
2025-01-03_45_46,2497.4412
2025-01-17_47_03,1142.8928
2025-02-23_03_47,1142.8928
2025-01-20_09_46,1142.8928
2025-01-13_46_44,4521.1714
2025-02-13_28_45,1908.5273
2025-02-05_47_46,1665.3666
2025-01-18_45_09,1142.8928
2025-02-24_36_27,2115.237
2025-01-28_13_23,1749.8956
2025-02-01_23_13,2223.3232
2025-01-03_28_45,1559.0646
2025-02-06_46_18,2409.4792
2025-01-05_45_28,2440.6301
2025-01-31_46_26,2468.4285
2025-01-18_46_15,2544.5664
2025-02-18_28_47,2512.4524
2025-02-12_12_36,1935.9812
2025-01-30_38_36,1401.7509
2025-01-20_46_48,2685.3865
2025-02-07_39_45,1797.9359
2025-02-20_46_26,1671.3058
2025-01-15_02_19,1142.8928
2025-02-06_42_45,1768.1093
2025-01-02_48_45,2948.698
2025-01-19_03_47,1142.8928
2025-01-21_47_30,1583.2129
2025-01-17_30_02,1142.8928
2025-02-19_21_02,1142.8928
2025-01-08_45_47,2840.7764
2025-01-11_47_46,3467.7449
2025-01-22_46_47,1891.6986
2025-01-22_18_46,2313.0059
2025-02-28_18_46,2330.49
2025-01-17_17_23,1237.1157
2025-02-11_26_46,1769.2954
2025-02-02_02_40,1142.8928
2025-01-11_47_30,2447.0977
2025-02-12_47_06,1142.8928
2025-01-03_35_46,2170.7625
2025-02-10_15_46,2496.0583
2025-02-07_36_27,2288.6465
2025-02-01_46_20,2700.5957
2025-01-12_46_20,4295.2344
2025-02-21_21_02,1142.8928
2025-02-18_47_06,1142.8928
2025-02-13_45_05,1142.8928
2025-02-17_46_45,2418.075
2025-01-03_13_23,1373.5098
2025-02-05_48_45,1806.646
2025-01-07_47_05,1142.8928
2025-02-05_02_21,1142.8928
2025-01-07_44_46,1694.7313
2025-02-26_14_30,1953.7311
2025-02-10_45_42,1971.8772
2025-02-02_46_44,2626.2812
2025-02-17_38_36,2273.312
2025-02-16_46_09,1142.8928
2025-02-21_32_19,1439.495
2025-02-15_47_43,2450.5662
2025-02-26_34_45,2256.681
2025-01-28_47_28,1883.121
2025-01-21_45_46,2239.4417
2025-02-16_30_14,2069.4617
2025-02-24_03_45,1142.8928
2025-02-04_12_36,2020.7043
2025-01-20_43_47,4178.8496
2025-02-04_48_45,2214.2905
2025-01-22_27_36,1600.0402
2025-02-03_47_06,1142.8928
2025-01-23_46_09,1142.8928
2025-02-14_03_45,1142.8928
2025-02-15_36_12,2301.434
2025-02-03_41_36,2956.036
2025-01-12_13_23,2005.1321
2025-02-05_02_16,1142.8928
2025-02-07_05_45,1142.8928
2025-02-17_36_11,2314.138
2025-01-15_46_15,2502.0105
2025-02-02_33_46,2840.8416
2025-02-07_47_02,1142.8928
2025-02-04_48_46,2351.4739
2025-01-06_47_02,1142.8928
2025-01-01_07_36,1142.8928
2025-01-20_36_41,4733.3994
2025-02-15_03_47,1142.8928
2025-01-22_03_47,1142.8928
2025-01-13_36_37,2470.2087
2025-02-18_32_19,1195.6097
2025-01-23_02_19,1142.8928
2025-01-15_47_46,2298.7302
2025-02-26_05_45,1142.8928
2025-01-18_45_34,2309.3167
2025-01-21_21_02,1142.8928
2025-01-14_21_02,1142.8928
2025-02-04_46_47,1516.5674
2025-02-22_41_36,3208.1833
2025-02-25_46_44,2440.9658
2025-01-03_41_36,4458.677
2025-01-13_07_36,1142.8928
2025-01-25_47_08,1142.8928
2025-02-23_47_08,1142.8928
2025-02-07_47_08,1142.8928
2025-02-09_46_09,1142.8928
2025-01-25_47_06,1142.8927
2025-01-28_46_33,1260.2103
2025-01-19_46_47,2437.0354
2025-02-18_19_02,1142.8928
2025-02-14_46_45,2782.6248
2025-01-13_15_46,2152.1082
2025-02-01_48_46,3462.674
2025-02-19_47_28,2537.293
2025-01-10_09_45,1142.8928
2025-02-11_46_26,1792.0621
2025-01-18_02_14,1142.8928
2025-01-31_22_36,2187.0566
2025-01-07_45_46,1956.302
2025-01-02_46_48,2715.637
2025-01-15_21_02,1142.8928
2025-02-28_02_14,1142.8928
2025-01-11_47_03,1142.8928
2025-02-28_02_21,1142.8928
2025-02-01_34_45,2338.823
2025-01-07_09_45,1142.8928
2025-02-19_03_45,1142.8928
2025-01-13_05_45,1142.8928
2025-02-10_02_24,1142.8928
2025-01-21_45_03,1142.8928
2025-01-08_46_44,2655.2522
2025-02-20_03_47,1142.8928
2025-02-16_34_45,3523.7732
2025-02-14_20_46,2059.5593
2025-02-02_45_34,1746.201
2025-02-13_47_46,2254.6082
2025-01-14_45_03,1142.8928
2025-01-23_09_46,1142.8928
2025-02-14_02_24,1142.8927
2025-02-10_02_47,1142.8927
2025-02-04_46_35,1584.6646
2025-02-24_01_02,1142.8928
2025-02-17_17_23,2046.4443
2025-02-15_09_46,1142.8928
2025-02-16_23_13,1517.8865
2025-01-28_37_36,1349.4896
2025-02-19_15_46,1513.9279
2025-01-05_39_45,2597.7727
2025-01-01_02_31,1142.8928
2025-02-04_47_05,1142.8928
2025-01-22_45_05,1142.8928
2025-02-16_19_30,2446.3655
2025-02-11_46_47,1563.7478
2025-01-16_28_47,2586.8186
2025-01-25_19_30,2335.063
2025-02-21_19_32,1585.4574
2025-01-26_46_47,2195.3298
2025-01-05_30_14,1885.3
2025-01-30_26_46,2248.7598
2025-02-13_45_47,2974.5227
2025-01-21_43_47,2790.3816
2025-02-12_47_02,1142.8928
2025-01-21_47_45,2316.4446
2025-01-11_45_44,3676.0056
2025-01-17_30_14,2299.631
2025-01-02_46_33,2503.0706
2025-01-08_47_02,1142.8928
2025-01-14_36_11,1514.9832
2025-02-22_46_09,1142.8928
2025-02-05_36_27,2463.9407
2025-01-17_01_02,1142.8927
2025-02-27_17_23,1402.7418
2025-02-26_45_03,1142.8928
2025-02-27_26_46,1957.6881
2025-02-18_04_29,1142.8928
2025-02-11_36_37,6016.921
2025-01-06_12_36,2082.797
2025-01-20_01_02,1142.8928
2025-02-16_46_48,2447.0354
2025-01-23_45_47,2521.3606
2025-01-27_02_01,1142.8928
2025-02-12_08_47,1142.8928
2025-01-11_02_01,1142.8928
2025-01-14_45_46,2308.2815
2025-01-09_16_02,1142.8928
2025-01-21_02_01,1142.8928
2025-01-16_33_46,3523.302
2025-02-05_44_46,1956.2991
2025-01-12_23_25,2625.3584
2025-02-09_09_45,1142.8928
2025-01-02_13_23,1904.044
2025-01-03_46_18,2323.278
2025-02-14_36_27,2487.2102
2025-01-09_46_35,3800.5603
2025-01-08_25_23,2355.7717
2025-01-30_16_02,1142.8928
2025-01-07_02_47,1142.8928
2025-01-04_45_05,1142.8928
2025-01-03_47_30,2247.1094
2025-01-17_40_02,1142.8928
2025-02-23_36_27,2210.7966
2025-02-02_02_01,1142.8928
2025-02-10_48_46,3428.3352
2025-01-10_46_18,4870.415
2025-02-26_16_02,1142.8928
2025-01-19_46_15,2425.0757
2025-02-24_35_46,2204.552
2025-02-19_45_28,2387.4255
2025-02-05_02_47,1142.8928
2025-01-31_08_47,1142.8928
2025-02-04_05_45,1142.8928
2025-01-02_47_46,2232.7258
2025-02-17_30_14,2161.2896
2025-01-12_28_45,2205.559
2025-01-11_11_36,1587.568
2025-01-25_45_48,2479.1199
2025-02-21_45_47,3412.4446
2025-01-19_08_47,1142.8928
2025-02-16_28_45,2432.5813
2025-01-30_30_14,2045.926
2025-01-19_44_46,4741.5093
2025-02-14_36_12,2374.345
2025-02-11_39_45,1848.0923
2025-02-15_45_28,2688.0374
2025-01-08_04_29,1142.8928
2025-01-10_45_39,3631.262
2025-01-22_02_21,1142.8928
2025-02-07_36_11,2829.7087
2025-02-09_20_46,2436.1445
2025-02-07_45_47,3115.3945
2025-01-12_47_03,1142.8928
2025-02-23_02_14,1142.8928
2025-01-15_33_46,3435.3093
2025-02-25_02_47,1142.8928
2025-01-08_06_47,1142.8927
2025-01-17_45_48,3022.865
2025-01-10_46_48,5709.671
2025-02-12_23_25,3065.5037
2025-02-03_36_22,1835.941
2025-01-20_13_23,1576.7474
2025-02-19_02_24,1142.8928
2025-01-12_03_45,1142.8928
2025-01-04_46_15,2418.032
2025-02-09_46_26,2186.1848
2025-02-20_46_48,2642.3699
2025-01-05_48_46,3691.8972
2025-02-08_05_45,1142.8928
2025-02-21_37_36,3305.368
2025-01-13_46_20,4307.15
2025-01-02_31_02,1142.8928
2025-02-04_19_32,1376.4132
2025-01-31_46_35,2921.2756
2025-02-14_43_47,1985.3331
2025-02-28_45_34,2985.906
2025-01-03_25_23,3145.5847
2025-02-02_45_42,1943.1056
2025-01-26_48_45,2737.2197
2025-02-26_31_02,1142.8928
2025-02-13_21_02,1142.8928
2025-01-24_21_02,1142.8928
2025-02-17_39_45,2337.823
2025-01-12_32_19,1332.8623
2025-01-07_27_36,1407.6902
2025-02-14_02_01,1142.8928
2025-02-06_31_02,1142.8928
2025-02-23_36_12,2045.926
2025-02-25_23_25,2643.0945
2025-02-05_46_20,1869.5953
2025-01-30_36_27,1959.2025
2025-02-27_27_36,2085.2087
2025-01-15_36_27,2216.1697
2025-02-22_38_36,2275.4016
2025-02-26_25_23,2611.4407
2025-02-10_01_02,1142.8928
2025-01-09_47_05,1142.8928
2025-02-10_47_06,1142.8928
2025-01-26_25_23,4839.198
2025-01-15_46_26,2373.6746
2025-02-09_11_36,2663.3865
2025-01-16_04_29,1142.8928
2025-01-07_36_27,1448.2051
2025-02-04_02_24,1142.8928
2025-02-03_45_44,1524.3495
2025-01-07_19_30,1807.2422
2025-01-30_12_36,2276.4375
2025-02-20_46_35,2326.842
2025-01-19_02_16,1142.8928
2025-02-17_32_19,1646.9594
2025-01-08_46_47,1807.8983
2025-01-31_41_36,3683.7551
2025-02-02_46_15,2407.8025
2025-01-12_02_16,1142.8928
2025-02-05_04_29,1142.8928
2025-01-12_44_46,2429.0168
2025-01-17_03_45,1142.8928
2025-02-23_37_36,4690.4375
2025-01-21_25_23,2586.956
2025-01-09_15_46,1674.4075
2025-01-01_47_43,2293.594
2025-01-14_36_12,1840.1635
2025-02-13_08_47,1142.8928
2025-01-12_30_02,1142.8928
2025-02-02_31_02,1142.8928
2025-01-21_47_05,1142.8928
2025-01-09_48_46,2447.7576
2025-01-03_36_07,1142.8928
2025-02-07_47_45,2713.53
2025-01-27_46_35,1705.2896
2025-02-22_26_46,1864.647
2025-01-23_19_32,1589.1539
2025-02-18_16_02,1142.8928
2025-02-09_37_36,5328.5186
2025-01-24_28_47,1685.8229
2025-01-05_47_08,1142.8928
2025-02-02_19_32,1880.2861
2025-01-28_45_48,1654.0837
2025-01-30_45_44,2356.9563
2025-02-12_09_45,1142.8928
2025-01-24_20_46,2293.8564
2025-01-16_42_45,1569.6229
2025-01-12_36_07,1142.8928
2025-02-09_08_47,1142.8928
2025-01-17_47_46,2358.842
2025-01-22_36_37,1752.3357
2025-01-07_47_43,3726.2468
2025-02-05_14_30,2056.8635
2025-01-20_36_11,1906.9413
2025-02-16_41_36,3624.8472
2025-01-22_02_31,1142.8928
2025-01-23_48_45,1798.1982
2025-01-23_02_14,1142.8927
2025-01-21_09_45,1142.8927
2025-02-28_43_47,2068.4563
2025-02-19_02_19,1142.8928
2025-02-22_44_45,1708.5895
2025-01-04_38_36,1565.0668
2025-02-17_45_46,1987.1842
2025-01-16_39_45,2336.8591
2025-01-04_02_47,1142.8928
2025-01-14_02_30,1142.8928
2025-02-03_09_45,1142.8928
2025-01-02_17_23,1710.8998
2025-02-21_36_07,1142.8928
2025-01-02_02_16,1142.8928
2025-01-07_40_02,1142.8928
2025-02-06_46_48,3203.4404
2025-02-05_45_03,1142.8928
2025-02-10_02_14,1142.8928
2025-02-16_14_30,2312.4612
2025-01-16_19_30,2309.066
2025-01-28_03_47,1142.8928
2025-02-12_19_02,1142.8928
2025-02-11_27_36,1861.3456
2025-02-09_46_20,2398.306
2025-02-10_02_40,1142.8928
2025-02-13_06_47,1142.8928
2025-01-23_42_45,2070.4534
2025-02-24_47_46,2057.6597
2025-01-18_28_45,2547.7112
2025-02-04_01_02,1142.8928
2025-02-10_18_46,2738.4348
2025-02-04_09_46,1142.8928
2025-02-20_05_45,1142.8927
2025-01-11_02_16,1142.8927
2025-01-14_47_03,1142.8928
2025-01-25_47_43,2343.5286
2025-02-24_21_02,1142.8928
2025-02-25_09_45,1142.8928
2025-01-21_28_47,1656.7888
2025-01-12_46_44,4549.835
2025-02-14_42_45,2164.015
2025-01-29_44_45,1394.4923
2025-02-26_05_47,1142.8928
2025-01-19_26_46,3227.0354
2025-01-20_06_47,1142.8928
2025-01-15_47_30,2064.2227
2025-02-08_36_37,5313.5586
2025-01-12_36_11,1474.3356
2025-01-13_46_45,2342.9
2025-01-16_48_45,3085.3347
2025-02-21_47_43,2867.8184
2025-01-14_04_29,1142.8928
2025-02-24_47_03,1142.8928
2025-01-20_39_45,2536.7283
2025-02-01_45_39,2672.4026
2025-02-15_46_18,2535.6365
2025-01-26_47_30,1991.3427
2025-01-22_17_23,1390.8632
2025-02-26_44_46,1304.8835
2025-02-28_48_46,3312.838
2025-01-10_02_14,1142.8928
2025-02-16_47_06,1142.8928
2025-01-18_46_18,2660.8699
2025-01-31_06_47,1142.8928
2025-01-14_44_45,2634.249
2025-01-22_46_20,1903.5775
2025-02-10_05_47,1142.8928
2025-02-24_30_14,1616.6019
2025-01-07_36_07,1142.8928
2025-02-14_13_23,1833.3073
2025-01-23_45_44,1742.5717
2025-02-08_35_46,1825.6465
2025-02-21_19_02,1142.8928
2025-02-28_45_39,3799.487
2025-01-12_15_46,2324.8296
2025-02-26_47_05,1142.8928
2025-02-10_23_13,1557.8082
2025-02-01_20_46,2400.6638
2025-01-04_01_02,1142.8928
2025-02-13_37_36,3949.591
2025-01-23_45_42,2424.364
2025-01-24_02_19,1142.8928
2025-01-11_46_20,4739.284
2025-02-18_05_47,1142.8928
2025-01-05_46_20,2317.6497
2025-02-03_40_02,1142.8928
2025-01-07_02_31,1142.8928
2025-01-14_27_36,1369.0876
2025-02-02_40_02,1142.8928
2025-02-28_03_47,1142.8928
2025-01-06_03_47,1142.8928
2025-01-30_45_09,1142.8928
2025-01-25_40_02,1142.8928
2025-01-15_23_13,1285.6149
2025-01-19_48_46,5123.2803
2025-01-15_01_02,1142.8928
2025-01-24_02_47,1142.8927
2025-02-09_03_45,1142.8927
2025-02-07_19_30,1827.3633
2025-02-12_41_36,2985.342
2025-01-29_46_45,1906.6791
2025-02-17_47_08,1142.8928
2025-02-10_47_10,1429.4657
2025-01-31_36_22,1799.6486
2025-02-04_26_46,1423.1984
2025-01-22_46_15,2229.1995
2025-01-19_05_45,1142.8928
2025-02-24_45_03,1142.8928
2025-02-27_45_39,2817.8464
2025-01-06_02_40,1142.8928
2025-01-26_02_16,1142.8928
2025-01-19_36_41,4127.1895
2025-02-16_02_40,1142.8928
2025-01-01_45_05,1142.8928
2025-01-08_41_36,3373.0803
2025-01-14_47_45,2784.91
2025-01-17_11_36,1564.341
2025-01-07_46_18,2361.2214
2025-02-14_45_28,3483.886
2025-01-22_39_45,1682.5929
2025-02-12_46_45,2289.7898
2025-01-22_14_30,1686.814
2025-01-22_08_47,1142.8928
2025-02-28_05_47,1142.8928
2025-02-27_19_02,1142.8928
2025-01-12_36_22,1992.9895
2025-01-18_05_47,1142.8928
2025-01-03_30_02,1142.8928
2025-02-21_45_34,3631.7195
2025-01-03_05_45,1142.8927
2025-01-05_36_22,2332.3237
2025-02-21_02_19,1142.8928
2025-01-14_46_20,2990.9363
2025-01-05_13_23,2077.638
2025-01-22_35_46,2248.5417
2025-02-10_38_36,1880.483
2025-02-19_45_05,1142.8928
2025-01-27_46_09,1142.8928
2025-01-18_09_45,1142.8928
2025-02-11_45_42,1949.437
2025-01-07_46_44,2248.161
2025-01-16_02_21,1142.8928
2025-01-22_46_18,2313.635
2025-01-20_47_28,2374.4597
2025-01-07_45_03,1142.8928
2025-01-15_32_19,1455.8602
2025-01-18_16_02,1142.8928
2025-01-13_19_30,2008.5048
2025-02-06_45_44,2244.116
2025-01-26_36_41,4739.784
2025-02-17_46_33,1307.3905
2025-01-23_08_47,1142.8928
2025-01-04_36_41,4824.0967
2025-01-14_09_45,1142.8928
2025-01-20_46_20,2106.905
2025-01-05_34_45,4816.3926
2025-01-21_02_30,1142.8928
2025-02-07_02_30,1142.8928
2025-01-09_05_45,1142.8928
2025-01-27_46_45,2323.4607
2025-02-11_36_22,1776.554
2025-01-30_44_45,1849.4741
2025-01-10_19_32,1828.025
2025-02-23_23_25,2769.8801
2025-02-25_25_23,2650.4324
2025-02-25_47_46,2061.345
2025-02-09_47_06,1142.8928
2025-01-21_46_20,1873.5524
2025-01-17_02_14,1142.8928
2025-01-22_45_34,2413.7673
2025-01-08_30_02,1142.8928
2025-02-18_46_18,1566.9819
2025-01-29_46_47,1603.6693
2025-01-09_02_40,1142.8928
2025-01-06_47_30,1811.8553
2025-01-16_02_40,1142.8928
2025-01-04_46_26,1962.9716
2025-01-19_46_44,2553.2869
2025-02-06_46_47,1913.1461
2025-01-26_21_02,1142.8928
2025-01-19_16_02,1142.8928
2025-01-13_09_45,1142.8928
2025-01-04_02_24,1142.8928
2025-02-24_45_48,2321.6013
2025-01-22_02_16,1142.8928
2025-02-16_02_14,1142.8928
2025-02-15_46_09,1142.8928
2025-02-17_02_19,1142.8928
2025-01-13_46_33,4179.047
2025-01-13_27_36,1318.2782
2025-02-25_03_47,1142.8928
2025-02-27_06_47,1142.8928
2025-02-14_09_46,1142.8927
2025-02-15_36_41,4342.536
2025-01-24_36_12,2500.0825
2025-02-11_20_46,2633.5142
2025-01-18_47_43,2504.4006
2025-01-18_48_45,2933.9807
2025-01-05_36_27,1561.4376
2025-01-17_06_47,1142.8928
2025-02-22_05_45,1142.8928
2025-01-30_45_46,2838.305
2025-02-16_46_33,1715.848
2025-01-18_02_24,1142.8928
2025-02-11_45_48,1760.7164
2025-01-01_45_03,1142.8928
2025-01-28_36_11,1735.6411
2025-02-18_19_30,2448.881
2025-02-06_09_45,1142.8928
2025-02-09_26_46,2480.273
2025-02-27_47_43,2307.9333
2025-01-22_02_24,1142.8928
2025-01-21_30_02,1142.8928
2025-02-24_25_23,2643.9333
2025-01-05_36_11,1567.2443
2025-01-27_04_29,1142.8928
2025-02-27_46_18,2435.5154
2025-01-09_45_28,4266.472
2025-01-03_36_37,1301.5836
2025-01-23_45_48,2640.4126
2025-01-31_47_05,1142.8928
2025-02-09_06_47,1142.8928
2025-01-25_47_46,2167.2153
2025-02-02_02_14,1142.8928
2025-01-01_48_46,4880.4336
2025-02-04_11_36,1984.0155
2025-01-21_36_27,1728.5167
2025-02-13_02_40,1142.8928
2025-01-21_46_45,2299.6738
2025-02-24_43_47,1767.5786
2025-01-25_02_01,1142.8928
2025-02-25_48_45,1526.0721
2025-01-26_47_46,2075.8816
2025-01-14_02_16,1142.8928
2025-01-20_19_32,1388.0267
2025-02-13_23_25,3246.2908
2025-01-20_12_36,1833.8319
2025-01-29_47_43,2131.8801
2025-02-21_47_46,2436.4065
2025-02-03_37_36,4325.845
2025-02-02_47_43,1843.0669
2025-01-04_47_28,2543.3186
2025-02-18_36_37,5011.084
2025-02-14_47_45,2789.1448
2025-01-08_02_21,1142.8928
2025-02-22_45_46,2340.552
2025-02-06_30_14,2283.6218
2025-02-16_47_43,2074.0525
2025-01-16_23_25,3037.9573
2025-01-27_44_46,2063.4287
2025-01-07_05_47,1142.8928
2025-02-14_45_03,1142.8928
2025-01-07_46_20,2211.2344
2025-02-25_27_36,1890.3796
2025-01-31_47_43,2593.5774
2025-01-23_34_45,2062.966
2025-02-15_44_45,1873.5597
2025-01-28_02_16,1142.8927
2025-01-30_36_12,2222.887
2025-02-28_46_18,3121.5583
2025-01-21_02_14,1142.8928
2025-01-15_02_01,1142.8928
2025-02-14_08_47,1142.8928
2025-01-25_36_12,2369.7751
2025-01-03_15_46,2694.7048
2025-01-06_22_36,1554.179
2025-01-29_19_32,1398.8475
2025-02-02_35_46,3002.4043
2025-02-17_02_40,1142.8928
2025-01-17_28_47,2290.9211
2025-01-22_20_46,2187.9238
2025-01-29_02_31,1142.8928
2025-01-11_45_46,2811.429
2025-01-15_03_47,1142.8928
2025-01-29_45_03,1142.8928
2025-02-26_47_46,1870.5863
2025-01-31_44_46,2383.6528
2025-01-16_02_16,1142.8928
2025-02-22_14_30,2430.7476
2025-02-09_41_36,3132.5886
2025-01-03_04_29,1142.8928
2025-01-11_19_32,1471.4323
2025-02-04_22_36,1644.9102
2025-01-22_32_19,1457.708
2025-01-16_06_47,1142.8928
2025-02-16_36_41,3833.7178
2025-01-17_25_23,2487.3372
2025-02-19_44_45,1576.9456
2025-01-21_31_02,1142.8927
2025-02-17_47_10,1252.9519
2025-01-27_36_37,3594.8901
2025-02-04_47_30,1713.8657
2025-02-25_46_26,1625.1168
2025-02-13_20_46,1812.8463
2025-01-16_17_23,1373.7078
2025-01-18_05_45,1142.8928
2025-02-21_46_45,2969.513
2025-01-18_02_30,1142.8928
2025-01-05_02_24,1142.8928
2025-02-19_05_47,1142.8928
2025-02-12_45_48,1957.6226
2025-01-06_46_18,2197.2756
2025-02-22_25_23,2909.078
2025-01-04_45_09,1142.8928
2025-01-30_47_10,1557.8082
2025-01-06_23_25,2901.4443
2025-01-02_34_45,4722.164
2025-02-17_30_02,1142.8928
2025-02-05_30_02,1142.8928
2025-02-18_27_36,1897.6381
2025-01-21_01_02,1142.8928
2025-01-25_16_02,1142.8928
2025-01-07_36_11,1857.5839
2025-01-02_47_28,2327.1877
2025-01-20_30_14,1785.7919
2025-01-10_26_46,2453.335
2025-01-02_45_05,1142.8928
2025-01-06_30_02,1142.8928
2025-02-05_47_02,1142.8928
2025-02-17_31_02,1142.8928
2025-02-08_02_16,1142.8927
2025-01-07_17_23,2043.1431
2025-01-26_47_08,1142.8928
2025-02-15_23_13,2125.9233
2025-01-12_02_01,1142.8928
2025-02-28_44_45,2074.0784
2025-02-13_48_46,2346.883
2025-01-06_46_47,1682.1936
2025-01-28_45_03,1142.8928
2025-01-04_45_42,2295.3315
2025-02-20_45_28,3006.135
2025-02-06_07_36,1142.8928
2025-01-16_36_22,1746.5289
2025-02-20_45_05,1142.8928
2025-01-13_45_42,2198.4177
2025-02-19_46_35,1551.672
2025-02-13_46_47,2341.9675
2025-02-01_45_47,2658.0828
2025-02-20_47_03,1142.8928
2025-01-27_41_36,3399.954
2025-01-23_02_47,1142.8928
2025-02-01_46_47,2279.4963
2025-01-28_45_09,1142.8928
2025-01-10_02_16,1142.8928
2025-02-14_11_36,2287.2937
2025-01-17_22_36,1604.9884
2025-01-06_36_41,4697.336
2025-02-06_02_14,1142.8928
2025-02-21_45_48,3092.545
2025-02-28_31_02,1142.8928
2025-02-05_16_02,1142.8928
2025-01-25_46_18,2365.9592
2025-02-22_03_45,1142.8927
2025-01-17_36_07,1142.8927
2025-02-04_05_47,1142.8928
2025-01-03_46_44,2298.9185
2025-02-11_02_01,1142.8928
2025-01-15_31_02,1142.8928
2025-02-26_02_47,1142.8928
2025-01-21_06_47,1142.8928
2025-02-04_02_14,1142.8928
2025-01-07_45_48,2054.393
2025-02-21_45_09,1142.8928
2025-02-03_34_45,2512.5571
2025-01-29_35_46,1516.569
2025-01-14_46_15,2826.563
2025-01-14_36_07,1142.8928
2025-02-15_47_10,1684.8317
2025-01-09_30_02,1142.8928
2025-01-20_45_28,2190.0667
2025-01-01_45_39,2477.0662
2025-02-15_43_47,2006.4496
2025-01-17_44_45,2383.946
2025-01-01_33_46,2658.4607
2025-01-12_44_45,2255.3376
2025-02-14_47_28,3394.4778
2025-01-29_45_46,2308.2603
2025-01-30_19_32,1620.2985
2025-01-08_46_45,2208.66
2025-02-17_47_46,1860.6898
2025-01-05_12_36,2173.4875
2025-01-10_14_30,2142.2456
2025-01-10_15_46,2493.8352
2025-01-17_47_30,2723.657
2025-01-09_06_47,1142.8927
2025-02-16_04_29,1142.8927
2025-01-09_44_46,1940.727
2025-02-06_02_19,1142.8928
2025-02-22_36_07,1142.8928
2025-01-22_09_46,1142.8928
2025-01-31_45_05,1142.8928
2025-01-21_46_44,1854.6804
2025-01-25_02_24,1142.8928
2025-01-15_39_45,2274.3557
2025-01-18_06_47,1142.8928
2025-02-09_45_09,1142.8928
2025-02-09_17_23,1373.7078
2025-01-14_46_18,3464.5156
2025-02-20_47_30,2045.5688
2025-01-10_47_03,1142.8928
2025-02-10_14_30,2211.8167
2025-01-21_46_15,2044.3519
2025-01-03_45_28,2808.367
2025-01-15_46_44,2472.9133
2025-02-22_37_36,4921.3984
2025-01-02_47_03,1142.8928
2025-01-03_46_45,2413.0217
2025-02-23_39_45,2880.1501
2025-02-14_27_36,1989.6881
2025-02-06_02_21,1142.8928
2025-02-11_02_16,1142.8928
2025-01-08_40_02,1142.8928
2025-01-21_42_45,1824.5969
2025-02-09_35_46,2499.7468
2025-02-23_35_46,2549.766
2025-01-22_38_36,1284.296
2025-01-01_36_37,1221.0145
2025-02-20_28_47,1822.4152
2025-02-20_45_39,2878.5137
2025-01-23_46_18,2510.1025
2025-01-26_36_37,2494.7356
2025-02-01_14_30,1728.3829
2025-02-23_05_45,1142.8928
2025-02-19_46_15,1923.3068
2025-01-18_46_20,2790.9487
2025-01-17_02_47,1142.8928
2025-01-21_03_45,1142.8928
2025-01-04_45_48,2231.3486
2025-02-10_27_36,2150.4978
2025-01-16_46_35,2546.118
2025-01-23_31_02,1142.8928
2025-02-22_46_47,2083.9517
2025-01-17_43_47,4135.6753
2025-02-11_41_36,2852.0986
2025-02-06_45_42,2385.4978
2025-02-01_45_09,1142.8928
2025-01-09_34_45,2214.3965
2025-02-03_27_36,1967.5847
2025-01-09_32_19,1454.8048
2025-02-17_46_18,1585.4574
2025-02-16_35_46,3133.6345
2025-02-12_22_36,1978.8005
2025-01-05_46_44,2541.968
2025-01-03_23_13,1686.486
2025-02-06_13_23,1694.2064
2025-02-07_02_19,1142.8928
2025-02-04_36_22,1859.0355
2025-02-22_36_22,2226.7925
2025-01-25_20_46,2022.0236
2025-01-12_14_30,2471.2063
2025-01-27_26_46,2107.0872
2025-02-17_47_06,1142.8928
2025-01-14_37_36,1762.8329
2025-01-23_13_23,1903.2511
2025-01-25_46_44,2492.7034
2025-01-09_12_36,1741.9785
2025-01-06_37_36,1178.1893
2025-01-13_46_35,4630.509
2025-02-07_12_36,2204.2388
2025-02-14_45_39,4026.0803
2025-01-09_13_23,1658.8353
2025-02-26_44_45,1579.9188
2025-01-29_36_11,1691.035
2025-02-11_46_18,2077.3464
2025-02-02_42_45,2962.1982
2025-02-15_21_02,1142.8928
2025-02-16_27_36,2307.168
2025-02-27_47_03,1142.8928
2025-01-19_31_02,1142.8928
2025-01-13_36_12,2140.2014
2025-01-03_02_47,1142.8928
2025-01-16_19_32,1523.431
2025-01-17_05_47,1142.8928
2025-02-07_45_48,3106.0466
2025-02-12_36_12,2173.6333
2025-01-02_27_36,2162.1565
2025-02-12_46_35,1827.4948
2025-02-10_44_46,2601.2087
2025-01-25_06_47,1142.8928
2025-01-25_48_45,2264.5496
2025-01-24_15_46,2188.6116
2025-02-03_45_39,1681.8002
2025-02-24_18_46,2180.9492
2025-01-11_36_27,1844.9149
2025-02-06_36_37,4849.118
2025-01-27_09_45,1142.8928
2025-02-25_02_30,1142.8928
2025-02-12_19_32,1487.7975
2025-02-19_45_09,1142.8928
2025-01-21_05_45,1142.8928
2025-02-18_02_47,1142.8928
2025-02-25_47_10,2088.797
2025-01-06_47_28,2279.2341
2025-01-29_46_35,2089.3987
2025-01-09_46_20,3316.655
2025-02-06_23_13,1580.5748
2025-01-11_20_46,2143.1384
2025-01-04_31_02,1142.8928
2025-01-09_28_47,2119.4568
2025-02-25_19_30,2069.4148
2025-01-25_45_46,2486.4568
2025-02-11_34_45,2182.9429
2025-02-02_36_22,2040.9054
2025-01-19_44_45,3564.649
2025-02-10_09_46,1142.8928
2025-02-03_47_28,1914.4652
2025-02-20_45_34,2694.5183
2025-02-07_09_45,1142.8928
2025-02-28_02_24,1142.8928
2025-02-01_46_18,3012.1301
2025-02-07_47_03,1142.8928
2025-02-16_05_45,1142.8928
2025-02-19_45_48,2112.075
2025-02-04_34_45,1870.2584
2025-02-20_35_46,1839.6385
2025-02-28_46_48,4468.749
2025-02-02_02_30,1142.8928
2025-01-31_48_45,2466.4998
2025-01-19_02_40,1142.8928
2025-02-10_26_46,2015.4282
2025-01-30_02_40,1142.8928
2025-02-03_36_41,4517.4346
2025-01-12_47_05,1142.8928
2025-01-23_22_36,1481.5941
2025-02-11_45_34,1804.6042
2025-02-20_47_28,2854.2034
2025-01-14_39_45,2681.7952
2025-01-15_47_05,1142.8928
2025-02-06_26_46,1424.5172
2025-01-16_44_46,4424.7095
2025-02-08_39_45,2373.554
2025-02-28_48_45,2281.9885
2025-02-05_19_30,2347.2363
2025-02-13_46_45,2577.9612
2025-01-26_08_47,1142.8928
2025-01-02_15_46,3468.8782
2025-01-04_44_46,2257.8997
2025-01-02_07_36,1142.8928
2025-02-23_46_35,1792.6539
2025-02-20_46_33,1331.4763
2025-02-19_45_44,1590.1434
2025-01-07_19_02,1142.8928
2025-01-26_45_48,2312.0417
2025-02-26_23_25,2839.3945
2025-02-16_46_45,3001.9856
2025-01-17_46_47,1855.4062
2025-01-21_03_47,1142.8928
2025-01-20_47_03,1142.8928
2025-01-16_08_47,1142.8928
2025-02-26_01_02,1142.8928
2025-01-16_03_47,1142.8928
2025-02-01_46_15,3247.5051
2025-02-15_46_35,2388.935
2025-01-10_45_48,4616.267
2025-02-24_03_47,1142.8928
2025-02-07_36_07,1142.8928
2025-02-14_46_26,2199.9934
2025-02-12_38_36,2065.4797
2025-01-31_39_45,1980.8555
2025-01-18_23_13,1817.4667
2025-01-05_46_15,2351.5784
2025-01-18_47_46,2493.1646
2025-01-11_02_21,1142.8928
2025-01-07_19_32,1632.7047
2025-02-21_48_45,1965.8022
2025-01-27_28_45,2221.4055
2025-02-17_23_13,1579.2559
2025-01-16_09_46,1142.8928
2025-02-24_46_18,2358.0774
2025-01-14_48_45,3188.7703
2025-02-26_36_11,2146.949
2025-02-15_47_05,1142.8928
2025-02-12_05_45,1142.8928
2025-01-24_18_46,2316.7795
2025-02-21_47_06,1142.8928
2025-02-17_12_36,1977.1534
2025-01-30_25_23,2364.576
2025-02-22_39_45,2512.7563
2025-01-25_43_47,2240.9524
2025-02-18_45_05,1142.8928
2025-02-25_38_36,2039.8417
2025-01-30_47_45,2446.4167
2025-01-30_07_36,1142.8928
2025-02-03_13_23,1460.6115
2025-01-27_09_46,1142.8928
2025-01-20_47_46,1991.9983
2025-02-13_02_01,1142.8928
2025-02-20_47_45,2566.7876
2025-02-01_07_36,1142.8928
2025-01-19_02_24,1142.8928
2025-02-14_47_43,3308.2983
2025-01-20_47_05,1142.8928
2025-01-16_45_48,2477.1912
2025-01-26_48_46,3247.1814
2025-02-09_36_11,2191.8352
2025-01-12_48_45,2422.435
2025-01-24_45_28,3288.0054
2025-02-05_47_45,2244.781
2025-01-05_45_34,2603.2754
2025-02-23_46_45,2627.393
2025-02-28_02_19,1142.8928
2025-02-19_37_36,3062.865
2025-01-09_45_05,1142.8928
2025-01-01_46_20,1944.8182
2025-01-06_21_02,1142.8928
2025-01-12_02_40,1142.8928
2025-01-24_26_46,2240.785
2025-02-14_45_05,1142.8928
2025-02-13_42_45,1904.5685
2025-01-02_44_46,2479.9155
2025-02-10_05_45,1142.8928
2025-02-23_17_23,1516.2396
2025-02-15_45_34,2404.6477
2025-01-09_45_48,3413.4094
2025-01-02_46_47,2038.5226
2025-01-22_45_03,1142.8928
2025-01-25_45_34,2474.6128
2025-01-15_45_48,2449.4775
2025-01-02_23_13,2140.9885
2025-01-25_09_45,1142.8928
2025-02-09_23_25,2487.421
2025-02-27_08_47,1142.8928
2025-02-14_12_36,2184.3887
2025-02-06_36_41,4254.8374
2025-02-14_05_45,1142.8928
2025-01-29_47_08,1142.8928
2025-01-21_47_46,1745.2098
2025-02-25_28_45,1734.3235
2025-02-08_45_34,2762.5967
2025-01-26_45_47,2411.366
2025-01-26_01_02,1142.8928
2025-02-24_11_36,2265.7346
2025-01-28_19_30,1618.8495
2025-02-15_39_45,2325.8245
2025-01-13_18_46,2243.1013
2025-02-16_32_19,1682.3247
2025-01-07_34_45,2606.3142
2025-02-24_46_09,1142.8928
2025-02-01_02_21,1142.8928
2025-02-19_36_41,4213.226
2025-01-23_47_43,2102.0337
2025-01-31_26_46,2541.2756
2025-02-27_47_46,1924.0339
2025-01-07_47_08,1142.8928
2025-01-15_44_45,3186.4219
2025-02-27_12_36,1745.6749
2025-01-21_18_46,2715.7097
2025-02-13_03_47,1142.8928
2025-01-13_46_09,1142.8928
2025-01-06_30_14,1483.0458
2025-01-28_39_45,2004.0828
2025-02-10_45_05,1142.8928
2025-01-25_46_48,2813.8074
2025-02-24_16_02,1142.8928
2025-01-20_46_47,2012.1267
2025-01-30_02_31,1142.8928
2025-01-30_48_45,2160.5754
2025-01-24_45_47,2913.2048
2025-01-03_16_02,1142.8928
2025-02-26_21_02,1142.8928
2025-01-06_36_27,1349.4896
2025-02-11_38_36,1804.5968
2025-01-30_20_46,1953.0679
2025-01-18_20_46,3759.735
2025-01-21_40_02,1142.8928
2025-01-21_09_46,1142.8928
2025-02-10_02_16,1142.8928
2025-02-08_45_28,2640.661
2025-02-25_47_05,1142.8928
2025-02-24_47_08,1142.8928
2025-01-19_27_36,1757.4165
2025-02-20_46_47,2160.7173
2025-02-26_07_36,1142.8927
2025-01-22_02_30,1142.8927
2025-02-09_28_47,2495.471
2025-02-09_21_02,1142.8928
2025-01-07_42_45,2187.114
2025-01-17_23_13,1481.5941
2025-01-04_35_46,2339.7695
2025-01-03_47_46,2385.466
2025-01-26_46_44,2412.037
2025-02-06_08_47,1142.8928
2025-02-13_01_02,1142.8928
2025-02-20_02_14,1142.8928
2025-02-20_02_40,1142.8928
2025-02-06_46_15,2543.0146
2025-01-25_02_14,1142.8928
2025-02-28_33_46,1678.5645
2025-01-11_21_02,1142.8928
2025-02-16_47_02,1142.8928
2025-02-07_02_14,1142.8928
2025-02-08_07_36,1142.8928
2025-01-13_21_02,1142.8928
2025-02-25_47_08,1142.8928
2025-02-08_01_02,1142.8928
2025-01-16_46_47,1974.8431
2025-01-20_33_46,2545.2583
2025-01-16_47_08,1142.8928
2025-02-12_07_36,1142.8928
2025-01-07_37_36,1170.9309
2025-01-22_48_46,2647.401
2025-02-26_46_18,2500.1663
2025-02-01_46_45,2539.3684
2025-01-19_47_45,3322.994
2025-02-05_39_45,2128.4126
2025-02-12_16_02,1142.8927
2025-01-18_12_36,2232.939
2025-01-02_21_02,1142.8928
2025-02-10_47_45,2459.0159
2025-02-13_34_45,2324.7087
2025-02-21_45_03,1142.8928
2025-01-19_47_02,1142.8928
2025-02-17_47_43,1532.4034
2025-02-23_46_20,2265.6074
2025-01-06_46_15,2227.4312
2025-02-01_30_14,2194.052
2025-01-03_26_46,1907.2068
2025-01-24_45_39,3798.3875
2025-02-23_36_07,1142.8928
2025-01-10_37_36,1220.2887
2025-02-21_39_45,2159.7014
2025-01-20_36_27,1933.072
2025-02-02_47_05,1142.8928
2025-02-24_47_10,1438.0432
2025-01-19_46_18,2444.1943
2025-01-08_19_02,1142.8928
2025-02-23_47_30,2137.582
2025-01-11_02_40,1142.8928
2025-01-06_36_07,1142.8928
2025-02-20_45_03,1142.8928
2025-01-14_40_02,1142.8928
2025-02-01_02_31,1142.8928
2025-02-12_02_24,1142.8928
2025-01-02_40_02,1142.8928
2025-01-30_23_25,2516.4333
2025-01-07_02_40,1142.8928
2025-02-20_03_45,1142.8927
2025-01-03_47_08,1142.8927
2025-01-30_45_47,2891.1104
2025-01-08_32_19,1721.6547
2025-01-08_45_48,2560.1628
2025-01-28_33_46,1318.2782
2025-02-28_47_45,2848.4495
2025-02-16_45_46,2805.664
2025-01-15_38_36,1318.2782
2025-02-02_23_13,1719.8053
2025-01-03_44_45,1842.5435
2025-01-13_36_41,4835.301
2025-02-13_48_45,1730.3649
2025-01-18_45_42,2436.2712
2025-02-10_46_45,2586.8503
2025-01-30_45_48,3262.1406
2025-01-12_48_46,2531.3389
2025-02-24_47_43,1654.3463
2025-02-12_32_19,1373.5098
2025-02-19_02_47,1142.8928
2025-02-11_45_09,1142.8928
2025-01-01_47_05,1142.8928
2025-02-12_04_29,1142.8928
2025-01-16_03_45,1142.8928
2025-01-24_45_34,3800.699
2025-02-28_30_02,1142.8928
2025-01-05_40_02,1142.8928
2025-01-23_07_36,1142.8928
2025-02-13_14_30,1575.9545
2025-02-06_32_19,1423.9227
2025-02-13_25_23,2316.7554
2025-02-19_25_23,2610.393
2025-01-20_25_23,2397.4468
2025-02-18_28_45,2256.199
2025-01-31_17_23,1295.1837
2025-02-10_47_30,1705.2881
2025-01-24_08_47,1142.8928
2025-02-01_46_44,3549.3767
2025-02-18_46_33,1389.5441
2025-02-05_47_03,1142.8928
2025-01-05_47_45,3656.7864
2025-01-03_09_46,1142.8928
2025-02-15_01_02,1142.8928
2025-01-30_15_46,2087.9702
2025-01-10_09_46,1142.8928
2025-02-24_47_02,1142.8928
2025-01-10_46_45,2719.3147
2025-02-25_02_31,1142.8928
2025-01-20_05_47,1142.8928
2025-01-04_03_47,1142.8928
2025-02-02_04_29,1142.8928
2025-01-25_28_47,1850.4579
2025-02-04_36_37,3901.6687
2025-02-08_18_46,2300.2605
2025-01-07_46_15,2278.9426
2025-01-02_45_03,1142.8928
2025-02-14_14_30,1979.4636
2025-02-21_20_46,2126.8162
2025-01-22_21_02,1142.8928
2025-01-22_19_32,1410.461
2025-01-23_36_37,2019.1857
2025-02-11_48_46,2976.6614
2025-02-02_45_05,1142.8928
2025-01-08_22_36,1814.1654
2025-02-07_25_23,2417.5713
2025-02-23_01_02,1142.8927
2025-01-07_47_30,1811.5273
2025-02-02_25_23,2283.3086
2025-02-09_05_47,1142.8928
2025-02-15_47_28,3041.6675
2025-02-22_42_45,1975.5736
2025-02-10_37_36,3317.3796
2025-01-14_35_46,2968.9065
2025-02-14_30_02,1142.8928
2025-02-09_48_46,3642.5486
2025-01-23_39_45,1895.6019
2025-01-27_05_47,1142.8928
2025-01-06_05_45,1142.8928
2025-02-21_14_30,2210.395
2025-02-19_41_36,2816.9238
2025-02-23_12_36,2313.464
2025-01-29_43_47,1448.2051
2025-02-09_36_07,1142.8928
2025-02-04_19_30,2464.3943
2025-02-16_40_02,1142.8928
2025-02-24_09_45,1142.8928
2025-01-11_03_45,1142.8928
2025-01-09_47_06,1142.8928
2025-01-28_47_08,1142.8928
2025-02-23_38_36,2420.946
2025-02-28_22_36,1846.5007
2025-02-04_41_36,3058.6726
2025-02-17_18_46,1933.072
2025-02-09_45_03,1142.8928
2025-01-02_47_30,2147.6199
2025-01-06_04_29,1142.8928
2025-01-17_26_46,2095.0642
2025-01-15_36_41,4966.3765
2025-02-13_02_21,1142.8928
2025-02-10_31_02,1142.8928
2025-02-22_46_35,2333.2988
2025-01-07_23_13,1263.8395
2025-02-25_02_21,1142.8928
2025-02-22_07_36,1142.8928
2025-01-01_47_02,1142.8928
2025-01-14_45_34,1934.9218
2025-02-15_45_05,1142.8928
2025-01-02_47_06,1142.8928
2025-02-08_14_30,2344.4656
2025-01-02_46_18,2187.6045
2025-02-09_14_30,2591.0642
2025-02-08_28_45,2173.4736
2025-01-26_47_03,1142.8928
2025-02-04_44_46,2036.7446
2025-01-17_47_02,1142.8928
2025-02-03_11_36,2025.4558
2025-01-12_18_46,2342.0193
2025-01-31_45_09,1142.8928
2025-02-01_32_19,1368.7582
2025-01-26_40_02,1142.8928
2025-02-24_02_14,1142.8928
2025-01-11_13_23,1439.2325
2025-02-15_45_09,1142.8928
2025-01-04_48_45,2829.5007
2025-01-01_23_13,1810.5363
2025-01-23_36_27,1962.106
2025-01-27_37_36,1420.8881
2025-01-03_36_22,1942.5079
2025-02-21_44_45,1617.8583
2025-02-23_46_33,2171.284
2025-01-30_28_45,2127.1296
2025-01-19_45_48,2480.5454
2025-01-03_18_46,2392.7505
2025-01-31_36_12,2515.1345
2025-01-18_35_46,4226.7256
2025-02-18_45_34,1703.3132
2025-01-17_31_02,1142.8928
2025-02-11_36_41,4029.0696
2025-02-23_41_36,3582.8384
2025-01-17_02_40,1142.8928
2025-01-24_45_05,1142.8928
2025-02-17_15_46,1979.0016
2025-02-20_11_36,2181.4702
2025-01-11_09_45,1142.8928
2025-02-27_45_46,2398.1594
2025-01-21_46_35,1579.6508
2025-02-09_47_30,2029.2467
2025-01-18_46_48,3337.8367
2025-01-22_13_23,1613.174
2025-01-23_11_36,1697.8971
2025-02-28_46_35,3674.8318
2025-01-11_45_48,4779.458
2025-01-30_36_07,1142.8928
2025-02-08_41_36,3308.9314
2025-02-27_09_46,1142.8928
2025-02-09_02_16,1142.8928
2025-01-19_36_07,1142.8928
2025-02-28_12_36,2372.2073
2025-01-28_47_43,1953.3958
2025-02-23_28_45,2477.401
2025-02-27_45_48,2890.7126
2025-02-16_02_19,1142.8927
2025-02-18_02_24,1142.8928
2025-02-26_45_48,2567.9207
2025-01-07_02_30,1142.8928
2025-02-14_46_44,2787.236
2025-01-09_45_09,1142.8928
2025-01-28_48_46,2083.1975
2025-02-20_02_30,1142.8928
2025-02-12_31_02,1142.8928
2025-02-18_36_07,1142.8928
2025-02-05_36_37,4554.1807
2025-01-13_45_46,2516.9583
2025-02-14_23_25,3177.74
2025-01-12_05_47,1142.8928
2025-01-06_28_45,1790.5433
2025-01-28_27_36,1579.5839
2025-02-06_37_36,2444.9924
2025-01-15_45_05,1142.8928
2025-01-27_38_36,1394.4923
2025-02-20_36_12,2296.1096
2025-01-03_46_26,1770.2866
2025-01-25_39_45,2387.1855
2025-01-06_02_47,1142.8928
2025-02-10_45_03,1142.8928
2025-02-28_46_20,3140.8767
2025-01-27_02_21,1142.8928
2025-02-07_45_05,1142.8928
2025-01-16_05_45,1142.8928
2025-01-07_47_02,1142.8928
2025-01-04_23_13,1968.2479
2025-02-17_26_46,1704.3044
2025-01-24_43_47,1869.1973
2025-01-21_17_23,1266.1497
2025-01-08_46_35,2858.8054
2025-02-25_32_19,1256.5812
2025-02-28_15_46,2137.6218
2025-02-17_07_36,1142.8928
2025-02-05_46_18,2173.1868
2025-01-12_38_36,1327.8469
2025-01-09_22_36,1517.8865
2025-01-21_30_14,1720.3372
2025-02-14_47_06,1142.8928
2025-02-19_28_47,1674.607
2025-01-27_13_23,2268.0867
2025-02-10_20_46,2547.9844
2025-01-27_11_36,1614.4915
2025-02-19_46_26,1342.3636
2025-02-03_36_11,1860.487
2025-01-28_46_44,1752.0061
2025-01-10_36_07,1142.8928
2025-01-18_42_45,2006.7238
2025-02-10_46_18,2360.551
2025-01-24_17_23,1331.4763
2025-02-07_03_45,1142.8928
2025-01-04_25_23,4071.6646
2025-02-07_45_39,3484.2678
2025-01-21_37_36,1216.8577
2025-02-22_02_21,1142.8928
2025-02-28_27_36,2260.3728
2025-01-03_47_28,2649.7068
2025-01-23_02_21,1142.8928
2025-02-04_04_29,1142.8928
2025-02-01_47_28,2603.6409
2025-01-26_47_28,2467.904
2025-01-21_45_44,1376.0183
2025-01-05_45_39,2177.773
2025-01-06_38_36,1344.6742
2025-02-27_30_02,1142.8928
2025-01-13_43_47,2165.6648
2025-02-28_02_31,1142.8928
2025-02-02_23_25,2422.9373
2025-01-11_12_36,2070.5989
2025-01-02_09_46,1142.8928
2025-01-10_02_21,1142.8928
2025-02-07_45_28,3299.075
2025-01-14_02_24,1142.8928
2025-02-24_46_45,2326.5833
2025-02-08_08_47,1142.8928
2025-02-24_19_30,2314.0476
2025-01-26_39_45,2972.8918
2025-01-20_23_13,1454.8704
2025-02-08_46_33,2657.9895
2025-02-08_47_10,1550.5498
2025-01-11_47_28,4792.403
2025-02-08_36_41,4745.4766
2025-02-10_23_25,2748.5383
2025-01-09_05_47,1142.8928
2025-02-28_35_46,2047.7915
2025-02-19_40_02,1142.8928
2025-01-11_46_35,4875.4155
2025-01-13_02_31,1142.8928
2025-02-24_46_44,1689.9797
2025-01-13_47_05,1142.8928
2025-02-11_47_08,1142.8928
2025-01-25_18_46,2454.0479
2025-01-07_02_19,1142.8927
2025-01-22_05_45,1142.8927
2025-01-06_36_11,1681.2694
2025-01-23_48_46,2504.0127
2025-01-05_45_48,1994.8362
2025-01-03_03_47,1142.8928
2025-02-05_03_47,1142.8928
2025-02-27_40_02,1142.8928
2025-01-21_14_30,1606.9706
2025-01-25_46_26,2160.7173
2025-01-03_46_09,1142.8928
2025-02-16_02_01,1142.8928
2025-02-24_19_32,1336.8209
2025-02-25_47_43,2103.0393
2025-01-24_27_36,1539.6621
2025-01-10_02_01,1142.8928
2025-02-15_31_02,1142.8928
2025-01-15_02_40,1142.8928
2025-01-10_47_05,1142.8928
2025-01-04_02_16,1142.8928
2025-02-05_40_02,1142.8928
2025-02-14_47_08,1142.8928
2025-02-27_47_28,2635.4526
2025-01-20_47_45,2500.6062
2025-01-22_05_47,1142.8928
2025-01-20_02_01,1142.8928
2025-01-04_14_30,1982.765
2025-02-03_20_46,2487.0334
2025-01-12_36_37,2405.2756
2025-02-25_19_02,1142.8928
2025-02-04_45_44,1470.3784
2025-01-15_45_46,2414.9514
2025-01-31_03_45,1142.8927
2025-02-27_48_45,2611.6091
2025-01-02_36_11,1725.8757
2025-01-12_11_36,1448.2051
2025-02-15_37_36,5199.6885
2025-02-10_45_47,2371.8503
2025-01-12_19_30,2186.1848
2025-02-09_36_37,4800.497
2025-02-25_44_45,1445.3019
2025-01-28_47_46,2048.7935
2025-01-29_02_16,1142.8928
2025-01-11_35_46,2426.2493
2025-01-09_03_45,1142.8928
2025-01-28_02_40,1142.8928
2025-02-09_02_47,1142.8928
2025-01-16_38_36,1242.0642
2025-01-11_44_45,1849.1388
2025-02-01_36_37,5228.8516
2025-01-24_02_16,1142.8928
2025-01-30_46_35,2415.182
2025-02-19_45_03,1142.8928
2025-02-27_46_09,1142.8928
2025-01-09_47_10,4198.581
2025-01-30_11_36,1753.0615
2025-02-24_48_46,2440.8718
2025-01-12_01_02,1142.8928
2025-01-25_23_25,3254.7583
2025-01-30_46_45,2284.764
2025-01-14_05_47,1142.8928
2025-02-22_19_30,2376.1729
2025-01-17_35_46,3412.3596
2025-02-21_09_45,1142.8928
2025-02-01_02_16,1142.8927
2025-02-28_41_36,2989.0735
2025-02-13_30_02,1142.8928
2025-02-12_28_47,2319.9807
2025-01-08_47_43,4847.7124
2025-01-06_47_05,1142.8928
2025-01-01_45_46,3396.7869
2025-01-05_41_36,3889.4768
2025-01-05_46_48,2693.7202
2025-02-15_30_02,1142.8928
2025-01-22_26_46,1666.3575
2025-01-13_19_02,1142.8928
2025-01-05_47_10,2347.155
2025-02-12_45_05,1142.8928
2025-02-06_47_28,2797.656
2025-02-28_47_43,2635.839
2025-01-22_02_19,1142.8928
2025-01-13_45_03,1142.8928
2025-02-21_03_45,1142.8928
2025-02-04_08_47,1142.8928
2025-01-01_47_46,2391.4397
2025-02-02_45_46,2959.0945
2025-02-27_47_45,2438.681
2025-01-26_17_23,1341.0447
2025-02-23_04_29,1142.8928
2025-01-18_45_44,2323.1523
2025-01-15_45_09,1142.8928
2025-01-18_36_07,1142.8928
2025-01-15_46_18,2558.443
2025-01-19_47_06,1142.8928
2025-02-11_47_30,1536.0326
2025-02-01_28_45,2049.6567
2025-01-24_31_02,1142.8927
2025-02-14_30_14,2550.1843
2025-01-30_36_11,2090.8413
2025-01-07_02_01,1142.8928
2025-02-09_30_02,1142.8928
2025-02-02_11_36,1871.0455
2025-01-04_47_43,2462.6833
2025-01-05_16_02,1142.8928
2025-01-01_11_36,2118.3855
2025-01-11_26_46,2612.1316
2025-01-24_01_02,1142.8928
2025-02-22_28_45,2225.7302
2025-01-09_31_02,1142.8928
2025-02-03_38_36,1956.697
2025-01-29_47_28,2547.6692
2025-01-27_02_14,1142.8928
2025-02-23_06_47,1142.8928
2025-02-04_07_36,1142.8928
2025-02-13_33_46,1318.2782
2025-02-18_23_13,1401.7509
2025-02-20_41_36,2724.4329
2025-01-17_45_34,3236.2078
2025-02-04_46_45,2309.1443
2025-02-26_02_21,1142.8928
2025-02-05_02_14,1142.8928
2025-02-26_47_45,2359.2092
2025-01-14_05_45,1142.8928
2025-01-19_33_46,3965.0764
2025-01-31_47_03,1142.8928
2025-02-22_46_18,2283.3218
2025-01-03_30_14,2241.7136
2025-02-11_43_47,1433.6884
2025-02-17_36_37,5066.3457
2025-01-10_21_02,1142.8927
2025-01-25_02_30,1142.8928
2025-01-22_30_14,1265.2914
2025-01-16_18_46,4528.3657
2025-01-15_47_45,2674.8113
2025-02-28_45_42,2811.6384
2025-01-26_45_34,2259.1985
2025-02-24_28_45,2251.2068
2025-01-16_36_37,1784.999
2025-02-25_18_46,1758.8683
2025-01-31_12_36,2490.2307
2025-02-14_38_36,2025.8401
2025-02-25_36_22,2076.0637
2025-02-15_46_26,2183.853
2025-02-02_13_23,1554.3131
2025-02-03_48_46,3444.0266
2025-02-03_18_46,2597.4358
2025-01-24_40_02,1142.8928
2025-01-19_02_31,1142.8928
2025-01-29_47_06,1142.8928
2025-01-25_42_45,1921.7264
2025-02-22_36_27,2377.1113
2025-02-18_42_45,1843.0725
2025-01-26_02_24,1142.8928
2025-01-12_46_47,1928.9822
2025-01-24_47_02,1142.8928
2025-02-13_46_35,2385.2458
2025-02-03_09_46,1142.8928
2025-01-26_36_27,2072.3328
2025-02-20_32_19,1349.4896
2025-02-26_48_46,2624.101
2025-02-12_23_13,1577.9366
2025-02-09_15_46,2511.3184
2025-02-19_31_02,1142.8928
2025-01-18_41_36,3988.796
2025-02-02_46_20,2525.8157
2025-01-20_45_03,1142.8928
2025-02-22_22_36,2104.5735
2025-01-30_35_46,2059.8438
2025-02-01_30_02,1142.8928
2025-01-05_31_02,1142.8928
2025-01-21_47_02,1142.8928
2025-02-22_08_47,1142.8928
2025-01-13_44_46,2293.217
2025-01-28_36_27,2002.7534
2025-02-25_22_36,1601.3593
2025-01-26_45_03,1142.8928
2025-02-22_45_34,2579.3245
2025-02-14_36_11,2935.0696
2025-02-09_19_02,1142.8928
2025-01-11_46_09,1142.8928
2025-01-29_47_02,1142.8928
2025-02-02_45_39,2347.1135
2025-01-13_17_23,1675.5983
2025-02-21_47_02,1142.8928
2025-01-12_36_12,1660.9457
2025-02-07_17_23,1340.0537
2025-02-10_19_30,2238.5405
2025-02-09_22_36,2002.5582
2025-01-05_07_36,1142.8928
2025-02-20_43_47,1696.8419
2025-01-13_30_02,1142.8928
2025-02-26_45_05,1142.8928
2025-01-19_45_05,1142.8927
2025-02-12_36_27,2404.4055
2025-02-01_45_05,1142.8928
2025-02-06_44_45,1774.5789
2025-02-07_05_47,1142.8928
2025-02-22_36_11,2664.0984
2025-01-13_46_18,4556.2495
2025-01-27_25_23,2638.6926
2025-02-25_12_36,1740.1302
2025-02-18_37_36,3617.6384
2025-02-01_02_47,1142.8928
2025-02-13_26_46,1644.5822
2025-01-09_46_45,2193.2014
2025-01-07_09_46,1142.8928
2025-01-26_36_12,2051.0618
2025-01-30_45_39,3021.4834
2025-01-23_02_30,1142.8928
2025-02-04_45_05,1142.8928
2025-01-06_25_23,2455.8083
2025-02-07_45_09,1142.8928
2025-01-23_47_03,1142.8928
2025-01-01_04_29,1142.8928
2025-01-17_46_33,1854.087
2025-01-08_28_45,1646.4288
2025-02-24_47_45,2275.5413
2025-01-30_46_09,1142.8928
2025-02-03_46_48,2331.255
2025-01-14_46_47,2142.9563
2025-01-29_30_14,1645.1112
2025-01-25_02_16,1142.8928
2025-01-04_22_36,1632.7032
2025-01-28_23_25,2532.282
2025-02-12_46_26,1440.3534
2025-02-19_09_45,1142.8927
2025-02-04_47_43,1989.8223
2025-01-30_47_05,1142.8928
2025-02-03_47_46,1810.8713
2025-01-31_36_07,1142.8928
2025-01-23_23_13,2272.239
2025-01-10_28_47,2522.8801
2025-02-13_46_26,1359.191
2025-01-30_34_45,2083.4055
2025-01-12_46_45,2356.4216
2025-02-12_42_45,1722.4476
2025-01-23_46_15,2432.7485
2025-02-09_19_32,1488.8527
2025-01-19_36_12,1915.1271
2025-02-11_25_23,2556.517
2025-01-28_47_45,2052.7393
2025-02-18_45_48,1923.8372
2025-01-19_46_48,3138.4753
2025-02-06_40_02,1142.8928
2025-02-06_05_47,1142.8928
2025-02-05_09_45,1142.8928
2025-01-24_47_46,2463.9734
2025-01-21_47_28,2111.0398
2025-01-22_37_36,1218.837
2025-02-06_47_05,1142.8928
2025-02-27_46_33,1251.6328
2025-01-01_19_02,1142.8928
2025-02-12_46_15,1593.3749
2025-01-27_45_34,1842.8715
2025-02-04_47_08,1142.8928
2025-02-17_19_30,2075.1536
2025-02-12_01_02,1142.8927
2025-02-11_37_36,2798.5999
2025-01-12_02_30,1142.8928
2025-01-05_47_06,1142.8928
2025-01-04_05_47,1142.8928
2025-01-15_45_47,2576.2632
2025-01-04_46_33,1639.6338
2025-02-15_08_47,1142.8928
2025-02-28_36_27,2876.8323
2025-02-08_03_45,1142.8928
2025-02-05_47_43,2404.8665
2025-01-05_32_19,1340.517
2025-02-17_40_02,1142.8928
2025-02-21_09_46,1142.8928
2025-01-29_17_23,1183.6436
2025-02-10_45_44,1759.071
2025-01-07_16_02,1142.8928
2025-02-25_46_15,2201.574
2025-02-26_02_31,1142.8928
2025-01-12_03_47,1142.8928
2025-02-26_02_16,1142.8928
2025-01-15_46_45,2585.739
2025-02-13_44_46,2052.382
2025-01-30_46_15,2953.9368
2025-02-01_47_43,2217.2441
2025-02-24_07_36,1142.8928
2025-02-22_05_47,1142.8928
2025-02-08_02_21,1142.8928
2025-01-01_03_45,1142.8928
2025-02-12_02_47,1142.8928
2025-01-09_30_14,2075.6267
2025-01-15_36_22,1745.2098
2025-02-28_36_12,2308.8137
2025-01-20_45_46,2328.0793
2025-01-18_47_03,1142.8928
2025-01-25_01_02,1142.8928
2025-01-28_01_02,1142.8928
2025-01-08_45_46,2201.8186
2025-02-17_46_48,1942.3768
2025-01-08_47_06,1142.8928
2025-01-30_05_47,1142.8928
2025-02-12_45_03,1142.8928
2025-02-03_36_07,1142.8928
2025-02-22_46_26,1847.4918
2025-01-22_11_36,1590.4716
2025-01-16_36_27,1943.6304
2025-02-01_22_36,1868.6041
2025-02-18_33_46,1519.8689
2025-01-29_46_18,2377.2795
2025-01-19_09_45,1142.8928
2025-01-29_02_47,1142.8928
2025-01-06_47_08,1142.8928
2025-02-19_02_16,1142.8928
2025-02-21_46_20,2516.1716
2025-01-11_31_02,1142.8928
2025-02-10_28_45,2309.9456
2025-02-25_31_02,1142.8928
2025-02-17_35_46,2326.8843
2025-02-27_43_47,1456.9153
2025-02-23_23_13,2009.8167
2025-01-03_31_02,1142.8928
2025-01-14_47_02,1142.8928
2025-01-21_12_36,1705.0275
2025-01-01_40_02,1142.8928
2025-02-23_28_47,2487.138
2025-01-02_46_09,1142.8927
2025-01-05_36_07,1142.8928
2025-02-10_46_33,1744.8821
2025-01-01_36_41,4758.7197
2025-02-04_38_36,1985.731
2025-02-21_47_03,1142.8928
2025-01-18_45_28,2592.53
2025-01-18_25_23,2615.6318
2025-02-02_28_45,2479.119
2025-02-23_02_21,1142.8928
2025-02-17_25_23,2391.493
2025-02-25_45_48,3815.489
2025-02-03_21_02,1142.8928
2025-01-02_19_02,1142.8928
2025-01-25_35_46,2245.0046
2025-02-13_18_46,1742.2408
2025-01-07_45_39,1834.3625
2025-02-09_47_02,1142.8928
2025-01-28_41_36,3313.0427
2025-02-21_02_16,1142.8928
2025-02-11_46_09,1142.8928
2025-02-28_07_36,1142.8928
2025-02-19_45_42,2187.8284
2025-01-25_19_02,1142.8928
2025-01-26_46_26,2083.2234
2025-01-01_47_45,4120.766
2025-02-11_02_47,1142.8928
2025-02-17_43_47,2207.3274
2025-01-24_47_45,2601.3555
2025-01-24_47_08,1142.8928
2025-01-24_28_45,1663.8492
2025-02-26_46_48,3897.9487
2025-01-12_47_45,2578.1907
2025-01-11_46_26,3052.045
2025-02-21_11_36,2198.6633
2025-01-05_47_05,1142.8928
2025-01-18_02_19,1142.8928
2025-01-24_45_09,1142.8928
2025-01-05_02_47,1142.8928
2025-01-25_48_46,2681.677
2025-02-24_08_47,1142.8928
2025-02-05_06_47,1142.8928
2025-02-18_44_46,2040.4755
2025-01-19_30_14,1653.0287
2025-01-29_44_46,1789.4879
2025-02-26_47_28,2488.238
2025-01-12_02_24,1142.8928
2025-02-02_02_16,1142.8928
2025-02-26_46_45,2098.0115
2025-02-02_19_30,2405.6965
2025-01-17_46_44,2595.1716
2025-02-13_09_46,1142.8928
2025-02-25_45_09,1142.8928
2025-01-24_02_01,1142.8928
2025-02-28_09_46,1142.8928
2025-02-22_17_23,1256.5812
2025-02-13_47_03,1142.8928
2025-02-02_38_36,1855.4062
2025-02-27_44_45,1624.789
2025-01-28_47_03,1142.8928
2025-01-22_47_43,2310.952
2025-01-24_02_30,1142.8928
2025-02-02_03_47,1142.8928
2025-02-07_11_36,2172.493
2025-02-15_19_32,1899.024
2025-02-05_35_46,1817.7291
2025-02-02_30_02,1142.8928
2025-02-21_30_14,2688.9185
2025-01-12_45_42,2104.322
2025-01-27_27_36,2167.6912
2025-01-17_02_31,1142.8928
2025-02-18_17_23,1244.3743
2025-02-22_48_45,2117.6711
2025-01-24_12_36,2191.5896
2025-01-02_45_47,2601.3137
2025-01-02_38_36,1610.928
2025-01-26_02_21,1142.8928
2025-01-07_07_36,1142.8928
2025-02-27_14_30,1701.3308
2025-02-12_37_36,5042.083
2025-01-28_08_47,1142.8928
2025-02-17_47_28,2360.5193
2025-02-13_45_42,2563.0989
2025-02-04_23_13,1440.3534
2025-01-02_05_47,1142.8928
2025-02-12_02_14,1142.8928
2025-01-28_11_36,1630.0637
2025-01-20_23_25,2648.6692
2025-02-09_18_46,2595.632
2025-01-31_46_45,2742.1875
2025-02-16_36_22,2183.334
2025-02-24_42_45,1828.818
2025-02-15_02_24,1142.8928
2025-02-15_45_47,2615.862
2025-01-29_45_09,1142.8928
2025-02-04_47_10,1375.027
2025-02-01_02_19,1142.8927
2025-02-23_30_14,1729.8344
2025-01-21_23_25,3120.2598
2025-01-08_47_03,1142.8928
2025-01-01_02_30,1142.8928
2025-02-04_02_21,1142.8928
2025-02-08_37_36,4574.601
2025-01-31_28_45,1748.5781
2025-01-10_45_34,3845.9324
2025-02-05_46_26,1303.7614
2025-01-07_45_28,2725.1018
2025-02-20_18_46,1727.1991
2025-01-06_14_30,1906.8788
2025-02-22_45_47,2554.964
2025-02-01_41_36,3474.6672
2025-01-09_47_46,2482.316
2025-02-17_14_30,1734.6572
2025-01-30_02_21,1142.8928
2025-01-02_01_02,1142.8928
2025-01-03_08_47,1142.8928
2025-01-02_46_44,2154.979
2025-02-05_02_24,1142.8928
2025-02-01_13_23,1810.6047
2025-02-19_16_02,1142.8928
2025-02-23_31_02,1142.8928
2025-01-27_45_09,1142.8928
2025-02-01_43_47,2209.7898
2025-02-18_48_46,2264.5928
2025-01-16_43_47,4447.1787
2025-02-07_28_47,2177.5696
2025-01-10_25_23,2581.5874
2025-01-03_45_03,1142.8927
2025-02-22_11_36,2367.7205
2025-02-16_47_08,1142.8928
2025-02-16_03_47,1142.8928
2025-02-26_42_45,2006.4557
2025-02-19_23_13,1311.0197
2025-01-01_02_47,1142.8928
2025-01-27_36_27,1439.495
2025-01-16_25_23,2385.4133
2025-01-04_02_01,1142.8928
2025-02-24_02_24,1142.8928
2025-02-04_02_30,1142.8928
2025-02-14_36_07,1142.8928
2025-01-08_45_42,1782.0955
2025-02-17_48_45,2343.2632
2025-02-23_45_42,2353.5608
2025-01-20_11_36,1782.0955
2025-02-04_43_47,1535.307
2025-02-07_45_34,3211.5232
2025-01-10_46_33,4735.42
2025-02-04_46_44,1666.7526
2025-02-27_25_23,2698.8164
2025-02-28_06_47,1142.8928
2025-02-08_36_12,2142.927
2025-01-01_39_45,3670.928
2025-01-21_02_40,1142.8928
2025-01-22_19_30,1746.201
2025-01-31_45_34,3751.0303
2025-01-26_11_36,2092.7063
2025-02-10_47_05,1142.8928
2025-02-21_43_47,2138.3362
2025-01-04_12_36,2090.9866
2025-01-08_30_14,1620.0359
2025-02-22_45_05,1142.8927
2025-02-28_46_47,2314.2432
2025-01-20_36_37,2013.5726
2025-01-13_02_16,1142.8928
2025-01-23_15_46,2193.8062
2025-01-15_47_28,2725.803
2025-02-03_32_19,1364.0065
2025-01-22_02_47,1142.8928
2025-02-06_28_47,2176.3115
2025-02-07_07_36,1142.8928
2025-01-02_45_09,1142.8928
2025-01-15_03_45,1142.8928
2025-02-06_47_08,1142.8928
2025-02-12_45_09,1142.8928
2025-01-14_02_31,1142.8928
2025-02-28_23_13,2154.797
2025-01-09_25_23,2452.622
2025-02-27_44_46,2184.243
2025-01-07_46_45,2192.6643
2025-02-23_09_45,1142.8928
2025-02-18_36_22,1892.6897
2025-01-12_35_46,2245.0046
2025-02-13_38_36,1866.294
2025-02-28_20_46,2691.7393
2025-01-20_46_44,2291.4978
2025-02-17_09_45,1142.8928
2025-01-03_28_47,1379.9753
2025-02-06_30_02,1142.8928
2025-01-14_11_36,1451.1084
2025-01-31_30_02,1142.8928
2025-02-10_03_45,1142.8928
2025-02-04_45_42,1627.6908
2025-01-20_18_46,3405.5671
2025-02-24_13_23,1969.4985
2025-01-29_15_46,1858.3765
2025-01-06_47_10,2297.1997
2025-01-25_07_36,1142.8928
2025-01-20_04_29,1142.8928
2025-01-27_46_33,1332.7954
2025-02-23_19_32,1822.743
2025-02-13_11_36,2486.2463
2025-01-01_28_47,2045.4532
2025-01-30_09_45,1142.8928
2025-01-13_03_45,1142.8928
2025-02-22_31_02,1142.8928
2025-01-22_01_02,1142.8928
2025-01-04_13_23,1576.7474
2025-02-19_08_47,1142.8928
2025-02-14_44_45,1713.8657
2025-02-18_45_39,1960.5317
2025-02-15_23_25,3063.7847
2025-01-19_04_29,1142.8928
2025-01-05_25_23,3212.2905
2025-02-13_19_30,2236.7551
2025-01-02_28_47,1579.5839
2025-02-03_47_05,1142.8928
2025-02-25_02_01,1142.8928
2025-01-25_05_47,1142.8928
2025-02-14_02_21,1142.8928
2025-02-11_47_46,1679.8833
2025-02-04_02_47,1142.8928
2025-01-29_46_09,1142.8928
2025-01-08_27_36,1619.5054
2025-02-13_43_47,2016.371
2025-01-05_14_30,2399.4062
2025-02-18_18_46,1456.653
2025-01-07_46_09,1142.8928
2025-02-04_39_45,1851.5204
2025-02-14_02_40,1142.8928
2025-02-12_45_42,2415.4753
2025-01-27_47_05,1142.8928
2025-01-12_04_29,1142.8928
2025-01-08_35_46,1782.6261
2025-02-05_46_15,2208.0212
2025-02-26_03_45,1142.8928
2025-01-17_45_09,1142.8928
2025-02-10_45_34,1995.9628
2025-01-29_02_30,1142.8928
2025-01-26_22_36,1523.826
2025-01-15_09_45,1142.8928
2025-01-30_30_02,1142.8928
2025-02-02_47_45,2643.8699
2025-01-04_46_35,2321.6848
2025-02-26_19_02,1142.8928
2025-02-20_22_36,1796.6824
2025-01-26_31_02,1142.8928
2025-01-02_48_46,3414.9714
2025-02-26_36_41,3566.1064
2025-01-25_30_14,2062.7146
2025-02-05_22_36,1694.4005
2025-01-07_14_30,1412.3107
2025-01-29_34_45,2080.181
2025-02-15_20_46,2053.4568
2025-02-01_23_25,2924.8804
2025-02-23_34_45,3674.6287
2025-02-03_15_46,2605.8215
2025-01-03_02_40,1142.8927
2025-02-16_45_39,1765.9987
2025-02-22_33_46,1484.8956
2025-02-07_47_06,1142.8928
2025-01-31_46_48,4421.3467
2025-01-08_02_31,1142.8928
2025-02-27_02_24,1142.8928
2025-01-05_21_02,1142.8928
2025-02-05_33_46,1315.6399
2025-01-21_47_06,1142.8928
2025-02-20_33_46,2312.3127
2025-01-09_36_22,1939.87
2025-02-18_36_27,2276.2786
2025-01-05_02_01,1142.8928
2025-01-04_03_45,1142.8928
2025-01-01_09_45,1142.8928
2025-02-14_22_36,2118.3818
2025-02-09_45_28,2551.1484
2025-02-01_36_27,2513.3723
2025-02-04_13_23,1544.0172
2025-02-24_45_09,1142.8928
2025-01-20_36_07,1142.8928
2025-02-06_14_30,1344.6742
2025-02-11_18_46,2676.3416
2025-02-11_19_32,1615.5468
2025-01-30_13_23,1543.7548
2025-02-18_35_46,1746.9923
2025-02-06_45_28,2668.9211
2025-02-05_05_45,1142.8928
2025-01-18_23_25,3150.3208
2025-02-03_42_45,2315.122
2025-02-11_23_25,2499.411
2025-01-08_39_45,1574.3746
2025-02-12_33_46,1449.922
2025-02-12_48_46,2396.4087
2025-02-18_25_23,2443.1477
2025-02-26_46_47,1829.6736
2025-01-12_17_23,1505.3518
2025-01-28_46_35,1927.7958
2025-01-08_14_30,1729.3737
2025-02-27_46_47,1723.4344
2025-01-30_45_42,2505.2405
2025-01-01_03_47,1142.8928
2025-02-21_46_44,2712.2717
2025-01-26_20_46,2310.7163
2025-01-04_19_30,2566.38
2025-01-09_37_36,1157.866
2025-02-01_17_23,1318.2782
2025-01-05_02_14,1142.8928
2025-02-01_47_30,2233.6775
2025-02-05_31_02,1142.8928
2025-02-08_43_47,2269.2346
2025-01-21_02_19,1142.8928
2025-01-10_39_45,1653.8214
2025-02-02_18_46,3106.0466
2025-02-18_31_02,1142.8928
2025-02-21_17_23,1377.3373
2025-01-06_47_43,2623.0103
2025-02-04_21_02,1142.8928
2025-01-05_47_30,2069.0684
2025-02-23_46_26,2054.3496
2025-02-12_15_46,1977.4156
2025-01-20_02_19,1142.8928
2025-02-27_46_44,2202.716
2025-01-12_47_28,3988.2617
2025-02-18_45_44,1659.0992
2025-02-08_17_23,1367.7687
2025-01-13_28_47,2233.2014
2025-01-13_26_46,2317.0208
2025-01-18_39_45,2555.134
2025-01-13_42_45,1717.4337
2025-02-09_36_22,1786.4506
2025-01-08_43_47,1832.7767
2025-01-04_07_36,1142.8928
2025-01-11_39_45,2359.6274
2025-01-22_28_45,2046.2172
2025-01-05_02_16,1142.8928
2025-01-08_45_09,1142.8928
2025-02-13_46_33,1659.0992
2025-01-28_05_47,1142.8928
2025-02-08_19_32,1895.0656
2025-01-01_48_45,3891.0303
2025-02-04_32_19,1383.2753
2025-02-20_19_32,2153.828
2025-01-26_26_46,2468.01
2025-02-17_05_47,1142.8928
2025-02-08_02_14,1142.8928
2025-01-28_46_45,1655.932
2025-02-20_45_46,2465.9128
2025-01-08_02_19,1142.8928
2025-01-23_46_44,1946.5336
2025-01-10_03_47,1142.8928
2025-02-06_09_46,1142.8928
2025-01-06_42_45,2438.3252
2025-02-20_45_44,2126.634
2025-02-16_30_02,1142.8927
2025-02-08_44_45,1808.889
2025-02-10_16_02,1142.8928
2025-02-20_45_42,2550.3125
2025-01-17_15_46,3128.8118
2025-01-18_03_45,1142.8928
2025-02-09_47_28,2458.2087
2025-01-15_16_02,1142.8928
2025-02-25_41_36,3306.5012
2025-02-27_02_30,1142.8928
2025-02-16_05_47,1142.8928
2025-01-24_37_36,1306.3353
2025-02-28_19_30,2081.4377
2025-02-11_46_44,1817.7291
2025-02-14_18_46,2050.8079
2025-01-16_02_31,1142.8928
2025-01-01_42_45,3262.8948
2025-02-17_02_16,1142.8928
2025-02-21_27_36,1777.873
2025-02-19_39_45,1575.4297
2025-02-27_07_36,1142.8928
2025-01-19_18_46,4567.9995
2025-02-12_45_34,2221.6897
2025-02-27_47_06,1142.8928
2025-02-23_11_36,2401.4294
2025-01-10_47_02,1142.8928
2025-01-03_48_45,2492.4531
2025-01-06_45_34,1822.087
2025-02-26_20_46,2106.723
2025-01-06_43_47,2015.9528
2025-01-11_36_07,1142.8928
2025-01-20_47_08,1142.8928
2025-02-06_45_47,2803.8826
2025-02-27_45_03,1142.8927
2025-01-21_44_46,2394.176
2025-01-04_42_45,3076.785
2025-01-08_44_46,1693.9385
2025-02-09_02_19,1142.8928
2025-01-24_02_40,1142.8928
2025-02-02_19_02,1142.8928
2025-02-25_21_02,1142.8928
2025-02-15_46_33,1758.4076
2025-02-07_20_46,1843.1993
2025-01-11_01_02,1142.8928
2025-02-13_02_30,1142.8928
2025-02-13_36_12,2433.4192
2025-01-26_19_32,1602.878
2025-01-04_45_34,2939.7346
2025-01-02_32_19,1408.3505
2025-02-22_12_36,2360.719
2025-01-27_02_31,1142.8928
2025-01-23_37_36,1227.5472
2025-02-25_23_13,1902.9216
2025-01-28_45_47,2317.4832
2025-01-17_47_28,2874.4846
2025-01-17_46_20,2380.1726
2025-01-17_18_46,3746.8884
2025-01-14_45_44,2353.6545
2025-02-26_46_20,2632.6748
2025-02-24_32_19,1391.7231
2025-02-08_38_36,2232.3342
2025-01-08_48_46,2448.2295
2025-01-31_47_10,1735.6411
2025-01-06_28_47,2058.4846
2025-01-14_47_05,1142.8927
2025-01-05_23_13,1838.2511
2025-02-03_02_16,1142.8928
2025-02-12_47_30,1607.2987
2025-01-02_02_47,1142.8928
2025-01-08_48_45,2051.8135
2025-02-18_11_36,2205.559
2025-01-31_33_46,2277.2205
2025-01-01_02_24,1142.8928
2025-01-16_32_19,1253.6777
2025-02-19_46_45,2075.4082
2025-02-15_28_45,2310.4065
2025-01-21_02_21,1142.8928
2025-02-24_45_05,1142.8928
2025-01-21_45_48,1830.9286
2025-01-03_36_12,2428.053
2025-01-15_40_02,1142.8928
2025-01-04_46_44,2369.5232
2025-01-19_46_45,3003.4734
2025-01-13_46_15,4063.186
2025-01-27_36_41,4012.7605
2025-01-02_45_46,2550.332
2025-02-19_43_47,1386.1785
2025-02-08_02_40,1142.8928
2025-02-02_20_46,2943.876
2025-02-09_45_46,2706.0676
2025-02-23_47_06,1142.8928
2025-02-12_47_03,1142.8928
2025-02-17_47_02,1142.8928
2025-02-26_40_02,1142.8928
2025-02-09_12_36,2119.5364
2025-01-18_45_39,2498.574
2025-02-09_02_31,1142.8927
2025-02-15_32_19,1930.6991
2025-02-05_45_47,2478.742
2025-01-10_34_45,2637.9695
2025-02-23_47_46,2390.3923
2025-01-19_36_22,2115.7034
2025-02-14_17_23,1575.6266
2025-01-28_36_37,4480.042
2025-01-24_47_28,3061.0574
2025-02-07_27_36,1915.7843
2025-02-08_30_14,2232.8713
2025-02-05_46_35,2286.97
2025-02-14_40_02,1142.8928
2025-01-21_45_09,1142.8928
2025-02-22_02_14,1142.8928
2025-01-23_47_08,1142.8928
2025-02-20_44_45,1787.1138
2025-01-31_02_01,1142.8928
2025-02-13_36_41,4296.358
2025-01-20_46_18,2289.1497
2025-02-03_01_02,1142.8928
2025-01-17_02_01,1142.8928
2025-02-21_38_36,1932.2834
2025-01-14_02_47,1142.8928
2025-02-28_36_22,2190.526
2025-02-05_05_47,1142.8928
2025-02-28_47_08,1142.8928
2025-01-27_16_02,1142.8928
2025-01-09_47_30,1951.7487
2025-01-05_26_46,2603.3274
2025-02-06_46_09,1142.8928
2025-01-02_25_23,4427.4473
2025-02-11_48_45,2278.7646
2025-02-22_47_45,2397.3835
2025-01-27_45_44,1597.0741
2025-01-09_36_07,1142.8928
2025-02-12_46_09,1142.8928
2025-02-03_02_01,1142.8928
2025-02-02_47_06,1142.8928
2025-01-20_36_12,1753.0615
2025-02-27_02_47,1142.8928
2025-01-31_04_29,1142.8928
2025-02-28_37_36,2026.0549
2025-01-20_46_45,2473.858
2025-02-26_04_29,1142.8928
2025-01-22_41_36,2879.8142
2025-02-10_46_20,2315.9724
2025-02-26_27_36,2121.4417
2025-01-04_44_45,2313.8765
2025-01-11_02_24,1142.8928
2025-01-24_05_47,1142.8928
2025-02-07_41_36,3708.159
2025-01-16_47_28,2640.5884
2025-02-01_47_10,2004.2053
2025-02-06_02_24,1142.8928
2025-01-21_22_36,1365.4583
2025-02-17_46_35,1545.8652
2025-02-24_17_23,2267.035
2025-02-02_45_28,2303.2793
2025-02-14_21_02,1142.8928
2025-02-16_47_03,1142.8928
2025-02-22_46_44,2247.7805
2025-01-26_47_05,1142.8928
2025-01-19_45_44,1877.8448
2025-01-04_19_02,1142.8927
2025-02-05_02_01,1142.8927
2025-01-16_01_02,1142.8928
2025-02-08_34_45,2398.4636
2025-02-27_19_30,1615.5482
2025-01-28_02_21,1142.8928
2025-02-03_45_48,1666.4902
2025-02-10_36_41,4559.103
2025-01-03_46_48,2751.515
2025-02-11_45_46,1997.3461
2025-02-21_41_36,2987.7747
2025-01-24_46_48,3129.011
2025-02-28_47_03,1142.8928
2025-02-24_02_19,1142.8928
2025-01-20_31_02,1142.8928
2025-01-25_36_07,1142.8928
2025-01-06_11_36,1549.5614
2025-01-05_47_46,2500.6067
2025-01-13_03_47,1142.8928
2025-02-05_44_45,1640.9528
2025-02-21_36_11,2858.469
2025-01-01_02_16,1142.8928
2025-01-05_18_46,2691.4766
2025-01-18_15_46,3997.5032
2025-02-23_44_46,3031.333
2025-01-09_35_46,1889.2588
2025-01-29_12_36,1538.7408
2025-02-20_39_45,1477.7697
2025-01-09_47_28,3535.8213
2025-02-20_47_08,1142.8928
2025-01-31_14_30,2148.166
2025-01-14_03_45,1142.8928
2025-01-09_45_39,2552.324
2025-02-21_01_02,1142.8927
2025-02-08_30_02,1142.8928
2025-01-18_31_02,1142.8928
2025-01-11_45_28,4815.4863
2025-02-12_36_37,4820.4917
2025-01-17_19_30,2501.8657
2025-02-18_38_36,1538.3429
2025-02-23_45_46,2691.8342
2025-01-24_23_13,2375.6658
2025-02-14_23_13,1434.414
2025-01-21_47_10,1213.0303
2025-01-03_46_20,2110.676
2025-02-05_25_23,2267.6384
2025-01-11_47_08,1142.8928
2025-01-23_46_20,2278.4792
2025-01-13_02_19,1142.8928
2025-02-09_16_02,1142.8928
2025-02-17_02_47,1142.8928
2025-01-19_47_30,2350.3523
2025-02-08_09_46,1142.8928
2025-01-22_45_39,2307.9807
2025-01-29_19_02,1142.8928
2025-02-04_46_48,2227.806
2025-01-11_15_46,2538.8225
2025-02-02_36_07,1142.8928
2025-01-01_15_46,4676.6357
2025-01-26_37_36,1917.6338
2025-01-02_30_02,1142.8928
2025-01-30_18_46,1901.6652
2025-02-01_46_48,4356.38
2025-01-03_45_44,2400.8215
2025-01-21_38_36,1516.5675
2025-02-08_12_36,2032.0557
2025-02-10_46_35,2194.4326
2025-02-06_02_16,1142.8928
2025-02-25_02_40,1142.8928
2025-02-20_16_02,1142.8928
2025-01-07_36_37,1251.5001
2025-02-27_46_20,2394.7417
2025-01-10_45_47,4575.9604
2025-01-02_37_36,1185.448
2025-02-28_40_02,1142.8928
2025-02-27_04_29,1142.8928
2025-02-05_37_36,2433.6292
2025-01-15_46_09,1142.8928
2025-02-03_19_30,2376.0037
2025-02-13_46_09,1142.8928
2025-02-20_46_44,2248.9226
2025-01-12_46_48,4970.172
2025-02-27_36_11,2340.384
2025-02-06_19_30,1992.3336
2025-01-09_23_25,2859.6858
2025-02-27_18_46,2771.473
2025-01-04_36_27,1616.6019
2025-02-15_13_23,1391.9854
2025-02-03_02_19,1142.8928
2025-02-18_47_28,2249.2356
2025-01-26_45_42,2258.2126
2025-01-13_02_40,1142.8928
2025-01-17_28_45,2361.431
2025-01-28_15_46,1696.3171
2025-02-15_47_30,2302.2654
2025-02-23_47_45,2771.4316
2025-01-12_05_45,1142.8927
2025-02-22_47_06,1142.8927
2025-02-07_28_45,2098.1572
2025-02-27_37_36,2773.5496
2025-01-29_36_12,2042.614
2025-01-19_45_03,1142.8928
2025-02-21_28_47,1738.2865
2025-02-02_02_24,1142.8928
2025-02-02_48_45,3394.1667
2025-01-29_02_21,1142.8928
2025-01-27_47_06,1142.8928
2025-02-24_44_45,1699.0208
2025-01-05_45_09,1142.8928
2025-01-16_46_18,2557.0183
2025-01-05_38_36,1560.1185
2025-01-27_43_47,1602.085
2025-02-21_47_08,1142.8928
2025-02-26_47_10,1503.3698
2025-02-10_47_43,2102.8936
2025-01-19_46_09,1142.8928
2025-01-19_36_37,1491.6249
2025-02-05_28_45,2077.4922
2025-02-22_46_15,2033.8738
2025-01-16_45_46,2508.8245
2025-01-20_07_36,1142.8928
2025-02-09_39_45,2909.4568
2025-01-06_47_46,1689.452
2025-01-08_12_36,1796.8805
2025-02-06_48_45,2077.4922
2025-02-20_26_46,1380.9663
2025-02-18_22_36,1431.7758
2025-02-26_32_19,1456.653
2025-02-07_47_10,1803.2777
2025-01-08_02_01,1142.8927
2025-01-11_37_36,1245.3638
2025-02-05_03_45,1142.8928
2025-02-20_28_45,1882.3966
2025-02-12_17_23,1291.5547
2025-02-05_18_46,2048.7969
2025-01-26_03_47,1142.8928
2025-02-19_36_27,2333.8435
2025-01-19_45_42,1858.9071
2025-01-28_45_42,1725.6134
2025-02-21_23_13,1777.873
2025-01-02_44_45,2486.195
2025-02-24_20_46,1673.944
2025-01-01_46_15,2428.765
2025-01-10_46_35,4869.4023
2025-02-04_45_28,2310.239
2025-01-07_04_29,1142.8928
2025-01-02_02_14,1142.8928
2025-02-01_02_14,1142.8928
2025-01-18_08_47,1142.8928
2025-02-24_47_05,1142.8928
2025-01-31_20_46,2504.5364
2025-02-16_03_45,1142.8928
2025-02-15_41_36,3651.976
2025-02-08_46_18,3297.272
2025-02-23_18_46,2477.1902
2025-02-21_02_01,1142.8928
2025-02-25_17_23,1331.4763
2025-02-04_02_40,1142.8928
2025-02-23_45_09,1142.8928
2025-01-30_32_19,1416.2678
2025-02-18_01_02,1142.8927
2025-02-16_45_42,1926.4781
2025-01-27_35_46,2151.6711
2025-01-08_45_39,1995.8973
2025-02-04_09_45,1142.8928
2025-01-28_30_02,1142.8928
2025-01-22_46_09,1142.8928
2025-01-26_02_47,1142.8928
2025-02-10_41_36,3328.302
2025-02-28_46_45,2964.1248
2025-01-12_31_02,1142.8928
2025-01-07_46_47,1738.6146
2025-01-20_22_36,1701.6588
2025-02-09_45_39,2268.8865
2025-02-23_40_02,1142.8928
2025-01-14_23_25,2731.5159
2025-01-04_41_36,3849.3564
2025-02-17_28_45,2349.4407
2025-01-06_48_46,2517.503
2025-01-12_47_08,1142.8928
2025-01-27_02_19,1142.8928
2025-01-22_22_36,1572.3253
2025-01-08_23_25,2647.1184
2025-01-27_46_47,1456.1896
2025-02-06_04_29,1142.8928
2025-02-28_36_37,2785.2224
2025-02-06_46_44,2210.6187
2025-01-15_02_30,1142.8928
2025-01-09_02_14,1142.8928
2025-01-26_07_36,1142.8928
2025-02-26_33_46,1461.8009
2025-02-22_23_13,1914.8003
2025-01-13_46_26,2413.242
2025-01-04_11_36,1630.0637
2025-01-05_45_03,1142.8928
2025-01-03_32_19,1711.0963
2025-01-14_33_46,2288.9177
2025-02-22_47_30,2429.646
2025-02-19_09_46,1142.8928
2025-01-30_37_36,2525.009
2025-02-13_36_07,1142.8928
2025-01-17_45_28,3269.014
2025-01-09_45_46,2530.983
2025-02-13_46_15,2278.765
2025-02-19_27_36,2202.6147
2025-02-21_46_48,3967.4092
2025-01-23_36_12,2002.7534
2025-01-28_02_30,1142.8928
2025-01-03_36_11,1971.609
2025-02-13_19_02,1142.8928
2025-02-17_47_45,2376.3577
2025-01-25_19_32,1792.6539
2025-01-28_47_02,1142.8928
2025-01-08_31_02,1142.8928
2025-02-02_26_46,2450.1375
2025-02-12_02_21,1142.8928
2025-01-25_44_46,2190.1343
2025-02-08_45_03,1142.8928
2025-01-18_45_47,2489.9153
2025-01-01_45_44,2243.5557
2025-01-17_21_02,1142.8928
2025-02-21_44_46,2184.3809
2025-02-21_02_24,1142.8928
2025-01-24_04_29,1142.8928
2025-02-18_46_45,2061.2722
2025-02-12_21_02,1142.8927
2025-02-14_02_47,1142.8928
2025-01-13_13_23,1570.9406
2025-01-23_02_31,1142.8928
2025-01-20_21_02,1142.8928
2025-01-08_47_30,1833.6307
2025-01-01_16_02,1142.8928
2025-02-01_39_45,2300.4587
2025-02-25_46_09,1142.8928
2025-02-02_02_47,1142.8928
2025-01-13_38_36,1433.0948
2025-02-19_36_37,4802.117
2025-02-08_46_35,2567.9197
2025-01-24_47_43,2544.3557
2025-01-13_06_47,1142.8928
2025-01-10_02_31,1142.8928
2025-01-07_46_35,2036.7446
2025-01-03_02_01,1142.8928
2025-01-23_46_33,1768.9675
2025-02-25_36_11,2356.9868
2025-02-19_04_29,1142.8928
2025-02-19_20_46,1554.179
2025-01-06_45_09,1142.8928
2025-01-19_02_30,1142.8928
2025-02-03_02_40,1142.8928
2025-02-17_46_26,1361.8292
2025-02-07_13_23,1483.0458
2025-02-12_28_45,1846.7631
2025-01-28_14_30,1659.0992
2025-02-26_11_36,2039.6156
2025-01-01_05_45,1142.8928
2025-02-09_07_36,1142.8927
2025-02-17_08_47,1142.8927
2025-01-10_45_28,5291.6455
2025-01-11_02_14,1142.8928
2025-01-17_48_45,2557.6897
2025-02-19_07_36,1142.8928
2025-01-15_13_23,1448.9979
2025-01-25_46_45,2437.465
2025-01-29_47_46,1829.6736
2025-02-23_45_48,2272.385
2025-01-27_12_36,1954.7192
2025-01-14_46_45,2640.7048
2025-01-01_36_22,1979.7916
2025-01-04_46_18,2300.6375
2025-01-04_33_46,1524.8173
2025-01-25_15_46,2247.848
2025-02-08_47_46,2434.5725
2025-01-20_02_31,1142.8928
2025-01-01_19_30,2826.7966
2025-02-10_30_14,1520.5275
2025-01-07_45_47,2401.974
2025-02-09_32_19,1590.209
2025-02-25_30_02,1142.8928
2025-02-08_45_09,1142.8928
2025-01-12_06_47,1142.8928
2025-02-14_15_46,1984.2836
2025-01-17_46_35,2382.2683
2025-02-10_22_36,1690.4432
2025-01-20_30_02,1142.8928
2025-01-19_47_46,2564.3342
2025-02-22_18_46,2030.143
2025-02-03_03_45,1142.8928
2025-02-25_03_45,1142.8927
2025-02-18_46_20,1906.5508
2025-01-02_36_12,2168.8884
2025-01-19_23_13,1958.016
2025-01-28_19_32,1340.7797
2025-02-04_31_02,1142.8928
2025-01-22_36_41,4812.2656
2025-01-09_46_18,3945.3042
2025-01-21_46_33,1393.1733
2025-02-16_47_46,2388.139
2025-02-24_26_46,1897.3102
2025-01-01_47_28,2328.3928
2025-02-04_46_18,1816.1492
2025-02-20_02_24,1142.8928
2025-02-06_38_36,1890.0516
2025-01-25_36_22,2098.1243
2025-02-07_02_16,1142.8928
2025-01-23_18_46,2215.9915
2025-02-17_21_02,1142.8928
2025-01-18_26_46,2304.5605
2025-02-18_02_21,1142.8928
2025-02-20_47_02,1142.8928
2025-01-05_02_21,1142.8928
2025-02-23_45_03,1142.8928
2025-01-05_47_03,1142.8928
2025-01-15_23_25,3154.9314
2025-02-24_30_02,1142.8928
2025-02-27_45_44,2099.5457
2025-01-26_45_39,2323.0247
2025-01-11_36_11,2036.8904
2025-02-19_05_45,1142.8928
2025-02-23_45_39,1968.974
2025-01-13_36_07,1142.8927
2025-01-24_22_36,1771.9336
2025-01-18_33_46,3177.9827
2025-01-21_23_13,1637.6516
2025-02-04_17_23,1568.6959
2025-01-18_03_47,1142.8928
2025-01-01_46_48,2730.6995
2025-02-08_47_05,1142.8928
2025-01-05_20_46,2743.78
2025-02-03_47_02,1142.8928
2025-01-04_47_08,1142.8928
2025-02-12_13_23,1445.3019
2025-01-19_28_45,3527.4429
2025-02-04_35_46,1670.7113
2025-02-07_47_28,3091.5066
2025-01-23_46_26,2044.13
2025-02-23_47_10,1451.2412
2025-02-17_02_01,1142.8928
2025-02-28_38_36,2163.1858
2025-01-14_02_40,1142.8928
2025-01-07_08_47,1142.8928
2025-02-11_12_36,1804.005
2025-01-14_09_46,1142.8928
2025-01-16_02_30,1142.8928
2025-01-25_46_20,2353.1301
2025-02-17_42_45,2347.0457
2025-02-17_11_36,2344.7869
2025-02-11_28_45,1787.64
2025-02-13_36_27,2325.5
2025-02-19_47_10,1227.5472
2025-02-16_31_02,1142.8928
2025-01-30_28_47,1694.0725
2025-01-11_03_47,1142.8927
2025-02-25_36_07,1142.8927
2025-02-07_46_33,2666.218
2025-01-19_05_47,1142.8928
2025-02-12_45_44,1419.8971
2025-02-25_16_02,1142.8928
2025-02-17_34_45,2513.5525
2025-01-07_31_02,1142.8928
2025-01-20_20_46,3142.5027
2025-02-16_47_05,1142.8928
2025-01-04_45_46,2410.5908
2025-02-11_22_36,1758.08
2025-02-26_46_33,1423.5262
2025-02-25_33_46,1425.8363
2025-01-13_36_11,1560.3823
2025-02-07_09_46,1142.8928
2025-01-21_46_47,1713.8657
2025-02-07_16_02,1142.8928
2025-01-13_30_14,1793.4468
2025-01-27_46_26,1802.9497
2025-02-27_28_47,1795.3634
2025-02-20_02_16,1142.8928
2025-02-13_02_14,1142.8928
2025-01-20_47_43,2299.4216
2025-02-01_05_45,1142.8928
2025-02-09_02_30,1142.8928
2025-02-02_45_48,2348.8118
2025-01-11_44_46,2433.4192
2025-01-20_37_36,1309.7661
2025-02-06_45_03,1142.8928
2025-01-20_46_15,2099.3083
2025-01-29_47_45,2257.519
2025-01-05_03_45,1142.8927
2025-02-24_45_39,1713.9999
2025-02-24_12_36,1985.6012
2025-02-09_43_47,2289.1921
2025-02-17_41_36,2828.4531
2025-02-09_46_33,2120.185
2025-01-19_30_02,1142.8928
2025-02-01_31_02,1142.8928
2025-02-17_02_14,1142.8928
2025-01-17_09_45,1142.8928
2025-01-16_35_46,4334.5063
2025-02-01_36_07,1142.8928
2025-01-17_02_19,1142.8928
2025-01-29_39_45,1530.2932
2025-01-24_36_11,2471.4038
2025-01-05_09_45,1142.8928
2025-01-02_30_14,1918.2927
2025-01-10_02_24,1142.8928
2025-01-19_21_02,1142.8928
2025-01-24_47_06,1142.8928
2025-01-07_06_47,1142.8928
2025-02-16_47_28,2370.0574
2025-01-26_41_36,3554.5813
2025-02-12_45_47,2552.5955
2025-02-27_46_45,2285.3687
2025-02-16_11_36,2913.4365
2025-01-11_46_44,4886.38
2025-02-10_46_26,1656.7888
2025-01-05_45_42,2049.7441
2025-02-12_45_39,2388.4626
2025-02-03_45_46,2407.74
2025-01-14_22_36,1877.1816
2025-01-23_47_05,1142.8927
2025-01-20_02_16,1142.8927
2025-01-28_05_45,1142.8928
2025-02-07_03_47,1142.8928
2025-02-12_09_46,1142.8928
2025-01-04_30_02,1142.8928
2025-01-26_28_45,2475.4712
2025-01-28_46_09,1142.8928
2025-02-10_33_46,2280.6052
2025-02-25_01_02,1142.8928
2025-02-07_01_02,1142.8928
2025-02-25_07_36,1142.8928
2025-02-11_42_45,1960.0013
2025-02-06_44_46,1689.1869
2025-01-20_09_45,1142.8928
2025-02-26_36_22,2031.5782
2025-02-13_15_46,1899.024
2025-01-12_46_26,2602.3303
2025-02-24_04_29,1142.8928
2025-02-18_20_46,1368.7598
2025-02-20_02_21,1142.8928
2025-01-06_36_12,1894.2726
2025-02-25_45_47,2620.3699
2025-02-06_19_32,1523.6934
2025-02-23_14_30,2585.9802
2025-01-17_33_46,2840.5269
2025-02-26_02_19,1142.8928
2025-01-13_09_46,1142.8928
2025-01-03_01_02,1142.8928
2025-01-06_16_02,1142.8928
2025-02-20_05_47,1142.8928
2025-02-18_03_45,1142.8928
2025-02-04_28_45,2128.4265
2025-01-26_45_05,1142.8927
2025-01-02_02_19,1142.8928
2025-02-07_43_47,2226.9153
2025-02-14_45_44,2555.4783
2025-02-07_02_21,1142.8928
2025-02-26_45_39,2118.3713
2025-01-26_16_02,1142.8928
2025-02-13_27_36,2183.8098
2025-01-17_07_36,1142.8928
2025-02-09_19_30,2454.279
2025-02-14_25_23,2384.03
2025-02-08_46_47,2012.4547
2025-02-22_47_02,1142.8928
2025-02-13_47_05,1142.8928
2025-02-23_45_47,2609.029
2025-02-18_47_08,1142.8928
2025-02-19_26_46,2062.0732
2025-01-27_45_03,1142.8928
2025-02-04_45_39,1514.9832
2025-01-22_06_47,1142.8928
2025-02-14_46_09,1142.8928
2025-01-12_47_43,4930.3276
2025-01-26_44_46,2911.549
2025-02-11_45_47,2331.8108
2025-02-17_45_03,1142.8928
2025-02-09_04_29,1142.8928
2025-02-09_27_36,2431.0085
2025-02-10_36_07,1142.8928
2025-02-03_02_31,1142.8928
2025-02-17_36_07,1142.8928
2025-01-03_19_32,1490.4382
2025-02-12_03_47,1142.8927
2025-01-24_32_19,1860.4872
2025-02-19_34_45,1713.2098
2025-01-11_46_48,5508.5425
2025-01-31_30_14,2907.4414
2025-01-11_28_47,2461.2485
2025-02-19_17_23,1376.1014
2025-02-16_45_09,1142.8928
2025-01-25_45_03,1142.8928
2025-01-28_43_47,1349.4896
2025-01-04_02_30,1142.8928
2025-01-07_18_46,1827.2322
2025-02-16_09_45,1142.8928
2025-01-10_45_46,3673.7239
2025-01-12_46_33,3620.0754
2025-01-13_02_24,1142.8928
2025-02-01_47_08,1142.8928
2025-02-04_30_14,2276.0999
2025-01-22_47_08,1142.8928
2025-01-13_25_23,2315.3965
2025-01-15_44_46,4036.8203
2025-02-15_42_45,1836.4729
2025-01-24_19_32,1921.4584
2025-02-26_03_47,1142.8928
2025-02-26_02_40,1142.8928
2025-01-26_02_31,1142.8928
2025-02-17_37_36,3622.8582
2025-01-06_45_48,1760.4542
2025-02-06_41_36,2671.5212
2025-01-06_46_45,2482.1802
2025-01-13_34_45,2607.7295
2025-02-15_30_14,2477.1477
2025-02-25_37_36,2572.8044
2025-01-21_19_02,1142.8927
2025-02-08_28_47,2172.0122
2025-01-12_45_48,3571.498
2025-01-14_28_47,2372.888
2025-01-22_43_47,2442.5164
2025-01-25_26_46,2125.3772
2025-02-11_35_46,2323.2366
2025-02-07_36_41,4907.5664
2025-01-13_22_36,1655.47
2025-01-13_02_14,1142.8928
2025-02-13_31_02,1142.8928
2025-02-18_47_30,1833.6307
2025-01-09_33_46,1316.9594
2025-02-16_46_26,2338.194
2025-01-08_47_10,3400.1912
2025-01-15_35_46,4006.537
2025-02-24_37_36,2989.031
2025-02-16_02_24,1142.8928
2025-01-10_46_20,4720.4463
2025-01-23_47_02,1142.8928
2025-02-03_25_23,2386.6301
2025-01-13_41_36,4030.059
2025-01-26_02_30,1142.8928
2025-01-15_45_44,1945.8094
2025-01-14_45_42,1773.9161
2025-02-16_44_46,2820.4001
2025-01-23_46_47,2031.3964
2025-02-12_02_31,1142.8928
2025-02-03_46_09,1142.8928
2025-01-31_02_30,1142.8928
2025-02-14_05_47,1142.8928
2025-01-13_31_02,1142.8927
2025-02-01_47_06,1142.8927
2025-02-18_09_46,1142.8928
2025-01-07_45_42,1573.8441
2025-02-21_40_02,1142.8928
2025-01-01_36_11,2005.6569
2025-01-01_14_30,3022.2788
2025-02-26_39_45,1719.0197
2025-01-11_46_47,2583.9348
2025-01-28_02_01,1142.8928
2025-02-02_02_19,1142.8928
2025-01-15_48_46,4846.07
2025-01-21_48_45,2323.338
2025-01-03_47_06,1142.8928
2025-02-25_05_47,1142.8928
2025-01-03_46_47,1946.8004
2025-02-16_46_44,2201.574
2025-01-31_05_47,1142.8928
2025-01-14_34_45,3023.9036
2025-01-24_45_46,3191.9119
2025-01-17_39_45,2281.8103
2025-01-22_04_29,1142.8928
2025-02-10_39_45,2270.4382
2025-01-03_42_45,2437.4036
2025-02-27_20_46,2555.845
2025-01-03_09_45,1142.8928
2025-02-06_22_36,1806.907
2025-02-22_46_45,2329.7139
2025-01-16_31_02,1142.8928
2025-02-18_46_44,1787.64
2025-01-12_21_02,1142.8928
2025-01-02_47_08,1142.8928
2025-01-31_45_44,3027.9905
2025-02-11_02_40,1142.8927
2025-01-27_42_45,2155.8252
2025-02-19_45_47,2371.934
2025-02-24_02_21,1142.8928
2025-01-01_21_02,1142.8928
2025-02-21_23_25,3951.2712
2025-02-17_46_47,2333.7197
2025-02-02_43_47,2181.8513
2025-01-08_36_12,1953.1334
2025-01-31_45_39,3887.1711
2025-01-29_30_02,1142.8928
2025-02-25_46_45,2222.7307
2025-02-15_18_46,1924.0997
2025-01-29_36_27,1499.4109
2025-01-03_45_05,1142.8928
2025-01-18_36_12,2302.338
2025-02-21_36_37,6744.3745
2025-01-21_36_07,1142.8928
2025-01-23_19_02,1142.8928
2025-01-31_18_46,2415.182
2025-02-12_05_47,1142.8928
2025-02-27_47_08,1142.8928
2025-01-11_34_45,2737.4395
2025-02-18_05_45,1142.8928
2025-01-17_27_36,1754.7784
2025-01-09_43_47,2085.0994
2025-01-10_45_44,3855.0222
2025-01-31_45_46,3182.2903
2025-02-25_45_03,1142.8928
2025-01-02_19_32,1565.1339
2025-02-06_02_47,1142.8928
2025-01-10_35_46,2207.573
2025-01-06_36_22,2257.2107
2025-02-11_44_45,2200.704
2025-02-04_46_20,1955.7059
2025-02-01_46_09,1142.8928
2025-02-08_47_45,2452.7888
2025-02-17_27_36,2213.8362
2025-01-28_46_15,2335.9404
2025-02-02_01_02,1142.8928
2025-01-11_46_15,4950.7925
2025-01-26_09_45,1142.8928
2025-02-19_38_36,2077.1326
2025-01-29_22_36,1292.8735
2025-01-10_28_45,2332.4597
2025-02-22_46_48,2977.729
2025-01-30_43_47,1678.3661
2025-01-01_17_23,1430.7848
2025-01-18_46_47,2316.0251
2025-01-16_45_42,1951.5535
2025-01-31_42_45,2013.5801
2025-01-09_09_45,1142.8928
2025-02-12_47_10,1483.9043
2025-02-11_08_47,1142.8928
2025-02-04_47_28,2359.6282
2025-01-03_12_36,2197.1553
2025-01-27_02_47,1142.8928
2025-02-19_47_03,1142.8928
2025-02-18_02_30,1142.8928
2025-02-16_33_46,2698.9734
2025-01-27_39_45,2631.064
2025-02-02_44_45,2789.744
2025-01-08_13_23,1335.7656
2025-01-04_02_31,1142.8927
2025-01-07_47_06,1142.8927
2025-01-20_45_48,1969.761
2025-02-04_18_46,2127.1438
2025-02-14_31_02,1142.8928
2025-01-21_02_16,1142.8928
2025-01-07_48_46,2284.8105
2025-02-01_36_11,2510.7732
2025-02-24_44_46,1880.2861
2025-02-17_33_46,1438.0432
2025-01-15_06_47,1142.8928
2025-02-17_16_02,1142.8928
2025-01-29_45_39,2118.517
2025-02-15_38_36,2317.9924
2025-01-26_46_35,1777.3497
2025-01-06_47_06,1142.8928
2025-02-01_01_02,1142.8928
2025-01-27_47_46,1579.5839
2025-01-23_02_24,1142.8928
2025-02-01_45_44,2632.047
2025-02-19_46_09,1142.8928
2025-02-26_37_36,4104.914
2025-02-01_08_47,1142.8928
2025-02-06_45_39,2745.5227
2025-01-11_45_47,3458.604
2025-01-01_44_45,3210.6335
2025-02-11_01_02,1142.8928
2025-01-29_02_19,1142.8928
2025-01-26_36_11,1451.1084
2025-01-20_02_47,1142.8928
2025-01-01_36_12,2352.501
2025-02-08_02_01,1142.8928
2025-02-16_46_47,2223.4075
2025-02-16_28_47,2451.1345
2025-02-16_46_18,2060.7036
2025-01-10_05_45,1142.8928
2025-01-25_31_02,1142.8928
2025-02-04_30_02,1142.8928
2025-01-29_01_02,1142.8928
2025-02-17_45_47,2355.1218
2025-02-17_46_44,1784.999
2025-01-08_45_05,1142.8928
2025-02-05_23_13,1321.9073
2025-02-23_02_31,1142.8928
2025-01-20_08_47,1142.8928
2025-02-05_47_05,1142.8928
2025-02-08_46_44,2720.489
2025-02-13_28_47,2011.1357
2025-01-11_22_36,1954.3868
2025-01-28_45_28,2214.2905
2025-01-13_39_45,2450.1614
2025-02-13_46_18,2257.1384
2025-02-21_02_40,1142.8928
2025-01-25_03_45,1142.8928
2025-02-21_45_39,3891.4314
2025-01-21_34_45,2252.8738
2025-01-17_47_10,2195.0315
2025-01-17_45_03,1142.8928
2025-01-14_45_39,2080.363
2025-02-16_16_02,1142.8928
2025-02-14_47_46,2424.1953
2025-01-27_47_08,1142.8928
2025-02-26_19_32,1271.098
2025-02-16_08_47,1142.8928
2025-01-25_02_19,1142.8927
2025-02-19_28_45,2130.1462
2025-01-02_05_45,1142.8928
2025-01-09_20_46,1414.9486
2025-01-30_08_47,1142.8928
2025-01-21_33_46,1973.524
2025-01-04_46_45,2492.494
2025-01-31_46_09,1142.8928
2025-01-08_19_32,1592.85
2025-02-08_48_45,2055.9673
2025-02-17_45_09,1142.8928
2025-02-27_36_12,2200.4993
2025-01-31_19_02,1142.8928
2025-02-17_36_41,3620.843
2025-02-12_46_33,1252.9518
2025-02-05_07_36,1142.8928
2025-01-30_45_03,1142.8928
2025-01-01_25_23,5290.077
2025-02-02_05_45,1142.8928
2025-02-04_45_48,1717.1655
2025-01-29_46_44,2293.007
2025-01-02_35_46,2551.0234
2025-01-30_47_08,1142.8928
2025-02-23_02_16,1142.8928
2025-01-20_16_02,1142.8928
2025-01-27_46_15,2004.3392
2025-02-09_45_34,2474.1946
2025-02-18_47_43,2215.2302
2025-02-15_03_45,1142.8928
2025-02-15_45_48,2422.0994
2025-01-27_46_48,2118.0647
2025-02-02_12_36,2421.681
2025-02-17_45_28,2436.2705
2025-02-22_28_47,2354.1787
2025-02-25_47_30,1637.6516
2025-02-06_20_46,1679.8833
2025-01-15_25_23,2574.964
2025-01-30_46_20,2283.2698
2025-01-13_02_30,1142.8928
2025-02-03_46_18,1902.4581
2025-02-20_12_36,2090.113
2025-01-26_19_30,2655.1084
2025-01-05_46_18,2400.7585
2025-02-20_21_02,1142.8928
2025-01-29_45_05,1142.8928
2025-02-13_16_02,1142.8928
2025-01-24_42_45,2340.2178
2025-01-12_47_46,2511.1404
2025-01-31_15_46,2702.9646
2025-02-15_27_36,2256.7346
2025-02-11_06_47,1142.8928
2025-01-07_32_19,1393.8334
2025-02-21_02_30,1142.8928
2025-02-27_02_14,1142.8928
2025-01-01_26_46,2712.3884
2025-01-23_03_45,1142.8928
2025-01-19_20_46,4284.961
2025-02-14_19_02,1142.8928
2025-02-10_46_48,2460.9333
2025-02-22_47_46,2310.7322
2025-02-03_46_47,1627.4271
2025-01-30_46_18,2656.8875
2025-02-07_18_46,2292.8015
2025-02-08_45_42,2339.2527
2025-01-24_36_22,2303.499
2025-02-23_46_47,2264.18
2025-02-02_46_45,3254.4473
2025-02-20_46_18,2229.445
2025-02-07_14_30,2025.6526
2025-01-12_09_45,1142.8928
2025-01-02_43_47,2168.8967
2025-01-27_19_02,1142.8928
2025-01-14_02_21,1142.8928
2025-02-08_25_23,2570.773
2025-02-23_02_19,1142.8928
2025-02-06_46_20,2307.554
2025-01-16_07_36,1142.8928
2025-02-27_15_46,2085.668
2025-01-27_47_43,2025.5522
2025-02-11_02_19,1142.8928
2025-02-02_09_46,1142.8928
2025-02-26_36_12,2241.6462
2025-01-09_48_45,2344.9128
2025-02-25_35_46,2042.9095
2025-01-03_02_30,1142.8928
2025-02-02_16_02,1142.8928
2025-01-18_36_11,2196.5142
2025-01-30_31_02,1142.8928
2025-02-04_46_26,1464.4391
2025-02-26_22_36,1943.1713
2025-01-24_46_18,2647.4956
2025-02-11_45_39,1692.3584
2025-02-25_46_18,2818.4292
2025-01-22_46_45,2226.0432
2025-01-06_09_46,1142.8928
2025-02-10_04_29,1142.8928
2025-01-20_44_45,2547.6692
2025-02-22_45_48,2382.6042
2025-01-01_38_36,1625.4447
2025-01-26_27_36,1970.2229
2025-01-08_20_46,1401.7509
2025-02-06_17_23,1321.9073
2025-02-27_47_02,1142.8928
2025-01-23_47_45,2356.2957
2025-02-21_47_05,1142.8928
2025-01-08_18_46,1751.7439
2025-02-12_25_23,2422.6873
2025-01-26_13_23,2236.0952
2025-02-03_02_24,1142.8928
2025-02-01_40_02,1142.8928
2025-02-06_33_46,1390.535
2025-01-14_43_47,2363.737
2025-02-03_47_03,1142.8928
2025-02-05_45_48,2082.5198
2025-02-07_15_46,2294.4353
2025-01-27_40_02,1142.8928
2025-01-29_06_47,1142.8928
2025-01-10_19_02,1142.8928
2025-01-13_23_25,2511.9475
2025-01-27_02_40,1142.8928
2025-01-03_02_24,1142.8928
2025-01-19_45_39,2190.408
2025-01-07_35_46,1867.8795
2025-01-29_20_46,2002.5582
2025-01-08_46_26,1627.4271
2025-02-28_45_03,1142.8928
2025-02-02_14_30,2471.259
2025-01-09_28_45,1802.4193
2025-02-05_46_33,1446.2928
2025-02-13_45_03,1142.8927
2025-01-18_38_36,1647.22
2025-02-27_45_42,2253.4233
2025-01-02_33_46,2178.6436
2025-01-21_46_09,1142.8928
2025-02-07_46_09,1142.8928
2025-01-11_30_14,2226.2888
2025-01-29_23_13,1415.9398
2025-01-20_02_24,1142.8928
2025-01-10_02_30,1142.8928
2025-01-08_38_36,1300.132
2025-02-20_47_46,2189.267
2025-01-12_47_02,1142.8928
2025-02-09_05_45,1142.8928
2025-02-11_03_45,1142.8928
2025-02-24_45_46,2137.3237
2025-02-21_47_30,2425.82
2025-02-21_16_02,1142.8928
2025-01-13_33_46,1575.9545
2025-01-19_11_36,1733.5306
2025-02-02_47_30,2168.2415
2025-01-27_36_22,2078.0312
2025-02-08_40_02,1142.8928
2025-01-29_13_23,1463.515
2025-01-26_47_02,1142.8928
2025-01-05_17_23,1413.6295
2025-02-04_46_15,1822.743
2025-01-11_41_36,4151.51
2025-01-19_03_45,1142.8928
2025-01-12_22_36,1492.1538
2025-01-08_01_02,1142.8928
2025-01-02_02_21,1142.8927
2025-01-14_46_26,2265.9146
2025-01-08_45_44,2416.1772
2025-01-04_37_36,1202.8683
2025-02-01_19_02,1142.8928
2025-01-13_47_46,2347.417
2025-02-23_36_37,4749.3564
2025-02-04_36_11,2001.6981
2025-01-31_09_46,1142.8928
2025-02-05_36_41,4237.8374
2025-01-24_09_46,1142.8928
2025-01-25_08_47,1142.8928
2025-01-26_38_36,1688.1332
2025-02-02_22_36,1895.991
2025-01-29_48_45,2059.7717
2025-01-23_44_45,1758.4076
2025-02-09_38_36,2573.716
2025-02-16_36_37,5158.7705
2025-02-16_12_36,2252.2437
2025-01-16_28_45,2752.2275
2025-02-23_07_36,1142.8928
2025-02-21_46_15,2387.2998
2025-01-02_36_27,1883.7144
2025-02-25_09_46,1142.8928
2025-02-28_17_23,2133.7937
2025-01-16_47_46,2289.821
2025-01-31_46_18,2970.8323
2025-02-26_45_47,2497.1272
2025-01-08_02_40,1142.8928
2025-01-05_04_29,1142.8928
2025-01-28_23_13,1492.1538
2025-02-08_20_46,2270.5044
2025-02-25_36_27,2358.9153
2025-01-04_09_46,1142.8927
2025-01-20_02_40,1142.8928
2025-02-11_47_06,1142.8928
2025-01-12_28_47,2371.3164
2025-01-26_46_09,1142.8928
2025-01-30_40_02,1142.8928
2025-01-09_21_02,1142.8928
2025-02-16_25_23,2841.3242
2025-02-10_28_47,1894.344
2025-02-05_21_02,1142.8928
2025-01-02_45_42,2402.6038
2025-02-13_47_30,2344.221
2025-01-02_22_36,1644.9102
2025-02-12_46_20,2047.9008
2025-01-05_27_36,1996.9467
2025-01-29_26_46,1433.0948
2025-01-01_22_36,2093.9895
2025-02-06_21_02,1142.8928
2025-01-22_46_44,2089.8357
2025-02-09_45_42,2202.6057
2025-01-06_02_14,1142.8928
2025-02-10_03_47,1142.8928
2025-01-11_46_33,4823.839
2025-02-24_23_13,2124.6663
2025-01-15_47_02,1142.8928
2025-02-21_05_45,1142.8928
2025-01-04_26_46,2352.0488
2025-01-06_06_47,1142.8928
2025-01-17_05_45,1142.8928
2025-02-02_05_47,1142.8928
2025-02-13_09_45,1142.8928
2025-01-22_47_05,1142.8927
2025-01-06_34_45,3242.9167
2025-01-05_46_35,2180.4631
2025-01-27_19_32,1375.6202
2025-02-22_13_23,1656.7247
2025-01-24_47_10,1761.0457
2025-01-01_47_30,2303.5244
2025-02-25_45_39,2075.1897
2025-02-02_47_02,1142.8928
2025-02-16_20_46,2398.4636
2025-01-18_30_02,1142.8928
2025-01-10_30_02,1142.8928
2025-02-03_05_47,1142.8928
2025-02-27_45_34,2359.8855
2025-02-24_47_28,2347.9944
2025-01-29_09_45,1142.8928
2025-01-04_47_30,2308.5056
2025-01-01_35_46,4513.9214
2025-01-24_30_02,1142.8928
2025-01-26_35_46,2656.343
2025-02-08_46_48,4067.2637
2025-02-06_27_36,1557.8082
2025-01-06_46_33,1528.4464
2025-02-21_46_33,2220.3298
2025-02-11_09_45,1142.8928
2025-01-18_19_30,2320.2878
2025-02-26_36_07,1142.8928
2025-01-08_02_24,1142.8928
2025-02-28_46_26,2197.3262
2025-01-24_46_20,2603.326
2025-01-30_02_16,1142.8928
2025-01-17_20_46,3056.659
2025-01-04_36_07,1142.8927
2025-02-26_09_45,1142.8927
2025-02-14_46_18,2595.2966
2025-02-14_46_20,2459.256
2025-01-30_46_48,3612.1548
2025-01-04_48_46,3462.3909
2025-02-07_36_22,2227.1838
2025-02-07_04_29,1142.8928
2025-02-28_45_47,3039.34
2025-01-26_30_02,1142.8928
2025-01-31_46_15,3618.3843
2025-02-25_39_45,1990.8833
2025-01-02_03_45,1142.8928
2025-01-14_45_48,2711.8108
2025-02-28_02_30,1142.8928
2025-01-11_43_47,2538.2346
2025-02-10_47_03,1142.8928
2025-02-07_44_46,2178.314
2025-01-28_48_45,2085.0854
2025-02-22_02_40,1142.8928
2025-02-25_30_14,2400.7585
2025-01-26_45_44,2308.6746
2025-01-28_47_10,1387.2338
2025-02-09_44_46,2918.5925
2025-02-27_05_45,1142.8928
2025-01-04_06_47,1142.8928
2025-01-29_25_23,2418.033
2025-02-18_19_32,1563.2855
2025-01-23_45_46,2557.7532
2025-01-29_36_22,1743.5627
2025-02-12_26_46,1579.2559
2025-01-16_13_23,1471.4323
2025-02-03_02_21,1142.8927
2025-01-10_46_44,4936.893
2025-02-16_45_03,1142.8928
2025-02-14_46_33,2395.1614
2025-02-04_23_25,2583.264
2025-01-28_22_36,1409.0093
2025-01-24_46_45,2652.8
2025-01-30_17_23,1320.5884
2025-02-06_47_45,2466.4993
2025-01-01_01_02,1142.8928
2025-02-13_07_36,1142.8928
2025-02-13_46_20,1934.9218
2025-01-06_01_02,1142.8928
2025-01-04_23_25,3089.1914
2025-02-23_45_28,2353.2974
2025-02-11_05_45,1142.8928
2025-02-28_36_07,1142.8928
2025-02-21_15_46,1429.7296
2025-02-21_22_36,1778.8641
2025-01-06_19_30,1693.7445
2025-01-30_45_05,1142.8928
2025-02-01_26_46,2327.3455
2025-01-14_02_19,1142.8928
2025-01-23_43_47,1923.3068
2025-01-03_44_46,1961.581
2025-02-10_46_47,1635.0134
2025-02-20_02_01,1142.8928
2025-01-29_16_02,1142.8928
2025-02-17_47_05,1142.8928
2025-02-01_36_41,4715.752
2025-02-09_28_45,2407.383
2025-02-12_47_46,1788.7609
2025-01-23_04_29,1142.8927
2025-01-31_36_37,4837.325
2025-01-04_39_45,2469.7292
2025-02-03_14_30,2095.0642
2025-02-09_02_14,1142.8928
2025-01-12_45_47,2448.6174
2025-01-11_47_06,1142.8928
2025-02-14_45_09,1142.8928
2025-01-21_11_36,1288.5184
2025-02-09_46_45,2736.9263
2025-01-06_27_36,1496.111
2025-01-26_32_19,1512.8727
2025-01-25_47_30,2244.8145
2025-02-25_14_30,1490.8348
2025-02-24_45_44,1446.2928
2025-02-03_45_05,1142.8928
2025-01-23_01_02,1142.8928
2025-01-07_47_10,2476.1843
2025-01-23_47_30,2073.3677
2025-01-13_46_47,2132.9187
2025-02-26_45_44,1767.9764
2025-01-07_39_45,1732.4813
2025-01-21_47_03,1142.8928
2025-01-23_36_22,1647.22
2025-01-14_44_46,2532.324
2025-01-28_44_45,1482.2573
2025-02-19_46_44,1752.7993
2025-02-03_47_10,1209.401
2025-02-24_36_11,2263.5183
2025-01-14_07_36,1142.8928
2025-02-19_46_20,1863.3279
2025-01-11_45_03,1142.8928
2025-02-16_43_47,2350.6982
2025-02-02_08_47,1142.8927
2025-02-10_36_27,2346.547
2025-01-16_36_12,2151.2483
2025-01-20_45_47,2224.5205
2025-02-09_34_45,3198.4753
2025-02-16_45_28,2304.2432
2025-01-25_46_47,1769.2954
2025-02-01_02_30,1142.8928
2025-02-10_47_46,1836.2762
2025-01-28_25_23,2407.6775
2025-01-10_45_03,1142.8928
2025-01-17_45_39,2722.712
2025-01-02_19_30,2299.1033
2025-01-01_47_06,1142.8928
2025-01-25_25_23,3906.2185
2025-01-28_09_46,1142.8928
2025-02-26_46_15,2162.4412
2025-02-06_03_45,1142.8928
2025-02-16_15_46,2481.7605
2025-01-08_37_36,1221.7404
2025-01-06_08_47,1142.8928
2025-01-30_48_46,2301.0361
2025-01-14_46_33,2389.973
2025-01-03_23_25,3438.6086
2025-01-27_45_47,2009.3561
2025-01-25_45_42,2405.1606
2025-02-02_41_36,2962.116
2025-01-23_27_36,1516.5674
2025-01-30_39_45,1764.4186
2025-01-10_42_45,1785.7919
2025-02-18_45_47,2309.5474
2025-01-26_34_45,3615.3828
2025-02-21_31_02,1142.8927
2025-01-29_28_45,1536.8927
2025-01-15_02_16,1142.8928
2025-02-18_02_19,1142.8928
2025-02-22_15_46,1583.6095
2025-02-12_36_07,1142.8928
2025-02-06_46_33,1760.7179
2025-01-11_28_45,2227.9897
2025-02-02_06_47,1142.8928
2025-02-02_07_36,1142.8928
2025-01-12_37_36,1199.9648
2025-01-30_19_30,2248.1458
2025-01-25_47_10,1336.4244
2025-02-06_02_30,1142.8928
2025-01-08_46_09,1142.8928
2025-02-18_21_02,1142.8928
2025-02-02_09_45,1142.8928
2025-01-04_46_09,1142.8928
2025-02-23_44_45,2595.362
2025-01-27_03_45,1142.8928
2025-02-06_47_10,1663.0565
2025-02-04_19_02,1142.8928
2025-01-27_44_45,1547.5836
2025-01-14_36_27,1999.8502
2025-01-15_08_47,1142.8928
2025-01-28_46_20,2218.4263
2025-02-21_08_47,1142.8928
2025-02-10_36_22,1568.368
2025-01-08_36_11,1468.2666
2025-01-05_08_47,1142.8928
2025-02-15_46_20,2278.3948
2025-01-03_45_48,2329.9443
2025-02-14_47_30,2241.1765
2025-01-19_38_36,1554.179
2025-01-16_47_06,1142.8928
2025-02-03_46_45,2634.2693
2025-01-16_44_45,2692.6306
2025-02-10_25_23,2607.332
2025-02-19_22_36,1404.0609
2025-01-05_44_45,2506.0046
2025-01-04_18_46,2759.2307
2025-01-18_36_41,4684.015
2025-02-27_16_02,1142.8928
2025-01-15_14_30,1641.2808
2025-02-18_30_14,2316.4026
2025-02-16_23_25,2624.101
2025-01-16_16_02,1142.8928
2025-01-25_09_46,1142.8928
2025-02-14_36_22,2301.6123
2025-02-23_03_45,1142.8928
2025-01-28_28_47,1856.7327
2025-01-04_43_47,1858.3765
2025-01-06_46_20,1831.6558
2025-02-24_02_30,1142.8928
2025-02-25_47_03,1142.8928
2025-02-01_02_01,1142.8928
2025-01-22_15_46,2210.8643
2025-01-15_47_08,1142.8928
2025-02-16_02_31,1142.8928
2025-02-14_19_30,2271.4563
2025-01-21_04_29,1142.8928
2025-01-03_34_45,3832.2766
2025-02-22_36_12,2297.242
2025-02-26_47_30,1648.5393
2025-01-15_34_45,2587.9187
2025-02-11_40_02,1142.8928
2025-02-22_02_16,1142.8928
2025-01-21_45_28,2251.698
2025-01-31_02_19,1142.8928
2025-02-27_02_21,1142.8928
2025-02-20_46_20,2145.652
2025-01-08_02_47,1142.8928
2025-02-18_34_45,2418.2744
2025-01-17_16_02,1142.8928
2025-01-11_02_30,1142.8928
2025-01-23_36_11,1827.4948
2025-01-11_32_19,1599.9745
2025-01-28_47_06,1142.8928
2025-02-07_45_03,1142.8928
2025-01-31_40_02,1142.8928
2025-01-25_45_28,2825.8074
2025-01-11_23_25,2994.396
2025-01-05_05_45,1142.8928
2025-01-18_45_03,1142.8928
2025-02-08_03_47,1142.8928
2025-01-31_23_25,3262.7246
2025-01-29_19_30,1732.3472
2025-01-08_02_16,1142.8928
2025-01-01_47_03,1142.8928
2025-01-18_17_23,1269.779
2025-02-24_45_47,2305.1255
2025-02-23_45_05,1142.8928
2025-01-29_27_36,1406.3712
2025-02-21_02_21,1142.8928
2025-01-22_36_12,1972.6643
2025-01-19_46_33,2247.9768
2025-01-31_02_40,1142.8927
2025-02-21_04_29,1142.8928
2025-01-10_20_46,2296.5012
2025-02-23_15_46,2421.219
2025-01-08_46_18,2801.9949
2025-02-27_36_22,1682.1936
2025-01-14_26_46,2320.679
2025-01-28_28_45,2017.008
2025-01-26_09_46,1142.8928
2025-02-12_47_28,2468.1653
2025-01-17_36_27,2232.0425
2025-01-10_32_19,1813.7704
2025-02-09_45_44,2130.0405
2025-02-23_36_11,2333.3826
2025-01-13_32_19,1324.1521
2025-02-11_07_36,1142.8928
2025-01-10_04_29,1142.8928
2025-01-23_46_35,2034.8793
2025-01-25_03_47,1142.8928
2025-01-25_45_39,2656.596
2025-02-25_45_46,2246.494
2025-02-17_02_31,1142.8928
2025-02-18_47_02,1142.8928
2025-01-11_46_18,5151.1445
2025-01-13_47_06,1142.8928
2025-01-31_03_47,1142.8928
2025-02-11_13_23,1348.4344
2025-01-09_46_33,2761.6514
2025-02-09_46_44,2533.9587
2025-02-04_45_47,2314.6836
2025-02-18_23_25,2553.2869
2025-01-26_46_15,2117.8167
2025-01-28_06_47,1142.8927
2025-02-06_36_22,2059.5593
2025-01-01_45_42,2493.543
2025-01-02_14_30,1909.1888
2025-01-30_02_14,1142.8928
2025-02-15_47_08,1142.8928
2025-02-06_02_40,1142.8928
2025-01-31_47_08,1142.8928
2025-01-01_46_47,2140.6245
2025-02-15_02_16,1142.8928
2025-02-13_45_46,2492.6199
2025-01-18_47_02,1142.8928
2025-01-01_45_48,2447.0042
2025-02-03_08_47,1142.8928
2025-02-10_30_02,1142.8928
2025-02-21_35_46,2304.9146
2025-02-12_40_02,1142.8928
2025-01-06_31_02,1142.8928
2025-01-28_45_05,1142.8928
2025-01-03_39_45,2559.5369
2025-02-26_30_14,1971.609
2025-02-08_46_20,3282.0115
2025-02-12_35_46,2088.116
2025-02-05_09_46,1142.8928
2025-01-15_45_42,1847.2936
2025-02-20_31_02,1142.8928
2025-01-17_36_22,1993.3175
2025-01-02_46_35,2259.6006
2025-01-10_07_36,1142.8928
2025-02-07_02_47,1142.8928
2025-02-04_33_46,1451.2412
2025-01-03_40_02,1142.8927
2025-01-07_46_26,1190.0645
2025-02-06_18_46,2026.4122
2025-02-19_47_02,1142.8928
2025-02-17_46_09,1142.8928
2025-02-05_20_46,1784.8036
2025-02-21_18_46,2118.6768
2025-01-30_42_45,1591.795
2025-01-27_06_47,1142.8928
2025-02-22_47_28,2771.608
2025-02-26_12_36,1903.7758
2025-02-20_30_02,1142.8928
2025-01-01_46_33,2214.0051
2025-01-06_45_03,1142.8928
2025-02-05_47_06,1142.8928
2025-01-06_02_19,1142.8928
2025-01-13_48_45,2373.6646
2025-01-15_46_33,2532.315
2025-02-17_02_24,1142.8928
2025-01-19_12_36,2440.5898
2025-02-25_45_34,2525.3442
2025-02-06_34_45,2119.0925
2025-02-05_47_10,1485.2234
2025-02-18_36_11,2566.0754
2025-02-28_04_29,1142.8928
2025-01-09_47_02,1142.8928
2025-01-23_09_45,1142.8928
2025-01-22_33_46,1419.8971
2025-02-28_47_30,2166.638
2025-02-22_02_30,1142.8928
2025-01-26_47_45,2572.4897
2025-02-20_36_37,5505.128
2025-01-18_47_05,1142.8927
2025-01-22_46_33,1385.9148
2025-01-29_03_45,1142.8928
2025-01-12_42_45,2339.5237
2025-02-26_45_34,2187.0774
2025-02-22_47_05,1142.8928
2025-02-22_44_46,2164.015
2025-02-24_36_07,1142.8928
2025-02-18_39_45,2139.1824
2025-01-13_45_44,2980.139
2025-01-04_02_40,1142.8928
2025-02-24_27_36,1733.0029
2025-02-03_02_47,1142.8928
2025-01-19_19_02,1142.8928
2025-01-06_39_45,2311.0264
2025-02-27_30_14,2100.7366
2025-02-05_19_32,1421.0193
2025-01-03_45_34,3000.7375
2025-02-09_47_05,1142.8928
2025-01-06_03_45,1142.8928
2025-02-23_27_36,2110.858
2025-01-18_46_26,2338.8699
2025-01-05_46_45,3012.508
2025-02-06_46_45,2237.6057
2025-02-09_47_03,1142.8928
2025-02-11_19_02,1142.8928
2025-02-03_47_43,1793.7091
2025-01-31_31_02,1142.8928
2025-01-22_45_48,2237.8638
2025-01-10_36_12,2458.5334
2025-02-25_43_47,1482.7836
2025-01-07_23_25,2777.5515
2025-01-31_35_46,2340.5522
2025-02-17_36_12,1987.9741
2025-01-04_45_39,2319.801
2025-01-24_45_48,2767.448
2025-01-16_45_34,2566.1707
2025-02-07_48_46,2863.1448
2025-01-29_02_14,1142.8928
2025-02-03_44_46,2864.8015
2025-01-19_39_45,2909.959
2025-01-11_45_39,3038.3367
2025-01-14_02_14,1142.8928
2025-01-17_42_45,2238.3796
2025-01-19_45_34,2273.2751
2025-01-02_06_47,1142.8928
2025-01-29_45_42,2185.6714
2025-02-28_02_47,1142.8928
2025-01-12_02_14,1142.8928
2025-01-23_19_30,1986.3942
2025-01-19_47_08,1142.8928
2025-01-16_46_44,2401.5554
2025-02-04_06_47,1142.8928
2025-02-16_02_21,1142.8928
2025-01-15_20_46,3507.2634
2025-02-14_28_47,2206.8132
2025-02-06_36_11,2506.4543
2025-01-02_28_45,2136.6165
2025-02-08_23_13,1766.6573
2025-02-26_47_06,1142.8928
2025-01-10_12_36,2287.2937
2025-02-13_36_22,2069.779
2025-02-24_02_47,1142.8928
2025-01-05_02_31,1142.8928
2025-01-27_17_23,2332.4607
2025-01-10_47_46,4126.5244
2025-02-24_05_45,1142.8928
2025-02-15_40_02,1142.8928
2025-02-10_17_23,1967.257
2025-01-15_43_47,3718.1213
2025-01-03_14_30,2071.218
2025-02-02_34_45,3211.4202
2025-01-31_09_45,1142.8928
2025-02-26_36_37,2805.882
2025-02-08_48_46,2712.2097
2025-01-11_18_46,2362.5632
2025-02-21_45_05,1142.8928
2025-01-20_45_09,1142.8928
2025-02-09_01_02,1142.8928
2025-01-01_20_46,3857.1565
2025-01-17_46_18,2607.9592
2025-01-12_33_46,1522.507
2025-02-27_03_47,1142.8928
2025-02-09_09_46,1142.8928
2025-02-07_45_44,2521.4648
2025-02-11_46_35,1691.035
2025-01-07_20_46,1441.6726
2025-01-18_13_23,1564.0785
2025-01-25_21_02,1142.8928
2025-01-11_47_10,4907.9717
2025-01-07_21_02,1142.8928
2025-02-27_01_02,1142.8928
2025-02-13_35_46,2174.7097
2025-02-09_46_47,2148.8767
2025-02-16_13_23,1527.3895
2025-02-27_34_45,2124.831
2025-01-01_27_36,1702.978
2025-02-20_46_15,2298.248
2025-01-24_46_33,2435.7258
2025-01-16_20_46,3820.5842
2025-02-16_46_15,1708.4552
2025-02-19_02_30,1142.8928
2025-01-31_05_45,1142.8928
2025-01-31_19_30,2416.2302
2025-01-22_25_23,3095.4822
2025-01-20_02_14,1142.8928
2025-02-23_09_46,1142.8928
2025-02-03_28_45,1911.4307
2025-01-19_36_11,1395.944
2025-01-24_09_45,1142.8928
2025-02-15_47_45,2588.0867
2025-01-12_16_02,1142.8928
2025-02-10_08_47,1142.8928
2025-02-08_45_47,2532.932
2025-02-07_02_24,1142.8928
2025-01-30_05_45,1142.8928
2025-01-03_46_35,2204.0364
2025-01-22_36_22,1764.6752
2025-02-19_45_46,2213.9436
2025-02-05_43_47,1555.6306
2025-02-08_19_30,2193.5266
2025-01-16_15_46,3843.8152
2025-01-26_05_45,1142.8928
2025-01-31_13_23,1867.8795
2025-02-23_22_36,1747.5201
2025-02-03_45_47,2364.031
2025-02-06_19_02,1142.8928
2025-02-22_45_44,2306.2107
2025-02-02_44_46,4267.6816
2025-01-06_18_46,1843.0668
2025-02-20_45_09,1142.8928
2025-02-15_06_47,1142.8928
2025-02-25_46_35,1856.266
2025-02-21_34_45,2557.68
2025-01-05_11_36,2111.3606
2025-02-26_47_03,1142.8928
2025-01-07_36_22,2059.5593
2025-02-10_36_11,2414.8462
2025-01-11_17_23,1296.5027
2025-01-31_46_47,2412.613
2025-02-11_11_36,2001.9664
2025-02-08_47_02,1142.8928
2025-01-30_47_46,1958.016
2025-02-03_03_47,1142.8928
2025-02-22_02_19,1142.8928
2025-01-22_45_47,2504.9675
2025-02-01_48_45,2370.4043
2025-01-01_18_46,4133.41
2025-02-07_02_31,1142.8928
2025-01-21_39_45,1908.7953
2025-02-02_30_14,1841.7491
2025-01-10_11_36,1947.589
2025-02-11_47_28,2368.4329
2025-02-20_02_31,1142.8928
2025-01-11_30_02,1142.8928
2025-01-24_44_45,1959.0073
2025-02-27_46_15,2312.8384
2025-01-24_19_30,2297.76
2025-01-18_19_02,1142.8928
2025-01-15_15_46,3827.8171
2025-01-15_11_36,1447.1498
2025-02-23_48_46,3634.964
2025-01-24_44_46,1656.9873
2025-01-18_44_46,3726.5754
2025-01-15_19_32,1419.7018
2025-01-31_07_36,1142.8928
2025-01-10_36_11,2194.6785
2025-02-08_36_07,1142.8928
2025-01-22_03_45,1142.8928
2025-02-03_26_46,1923.05
2025-01-31_28_47,2212.5447
2025-02-16_47_10,1554.179
2025-02-09_02_01,1142.8928
2025-01-31_45_03,1142.8928
2025-02-08_02_31,1142.8928
2025-02-27_02_31,1142.8928
2025-02-11_28_47,2257.8552
2025-01-08_45_03,1142.8928
2025-02-09_02_24,1142.8928
2025-01-25_14_30,2085.2087
2025-01-25_23_13,1904.5685
2025-01-20_36_22,1848.1477
2025-02-03_46_15,1966.8575
2025-01-05_28_45,2584.481
2025-01-21_45_39,2066.8684
2025-02-05_48_46,2439.488
2025-02-11_21_02,1142.8928
2025-01-06_47_45,2506.4758
2025-02-13_05_45,1142.8928
2025-01-16_45_09,1142.8928
2025-02-27_39_45,1841.4927
2025-01-24_46_44,2443.9421
2025-01-09_44_45,1660.4181
2025-01-10_23_25,3693.1648
2025-01-23_02_40,1142.8928
2025-02-06_47_03,1142.8928
2025-01-20_41_36,3425.822
2025-01-31_02_31,1142.8928
2025-01-19_43_47,5045.6562
2025-01-03_43_47,1613.6986
2025-02-18_07_36,1142.8928
2025-02-04_36_27,2300.6375
2025-01-29_03_47,1142.8928
2025-02-17_46_20,1581.8939
2025-01-28_21_02,1142.8928
2025-02-05_11_36,1805.3226
2025-01-11_47_02,1142.8928
2025-02-01_45_42,2503.4377
2025-02-21_05_47,1142.8928
2025-02-27_36_41,3971.939
2025-02-20_19_30,2271.4563
2025-01-04_15_46,2847.0242
2025-02-23_25_23,2573.8318
2025-02-24_05_47,1142.8928
2025-01-08_07_36,1142.8928
2025-02-16_19_32,1987.7118
2025-01-19_42_45,2677.8528
2025-01-11_14_30,2014.4369
2025-01-18_02_47,1142.8928
2025-02-27_48_46,4197.5317
2025-01-28_35_46,1451.1084
2025-01-11_06_47,1142.8928
2025-02-03_31_02,1142.8928
2025-01-16_14_30,1287.9252
2025-02-04_42_45,2062.423
2025-01-06_19_02,1142.8927
2025-01-18_28_47,2792.9387
2025-02-06_47_30,2262.192
2025-02-03_45_28,2395.5178
2025-02-08_47_08,1142.8928
2025-02-10_09_45,1142.8928
2025-01-12_20_46,2195.3298
2025-02-13_23_13,1762.7002
2025-01-06_45_44,1710.8998
2025-01-14_36_41,4720.635
2025-01-02_12_36,2279.9067
2025-02-18_09_45,1142.8928
2025-01-15_46_48,3115.363
2025-02-23_47_03,1142.8928
2025-01-12_45_09,1142.8928
2025-01-17_37_36,1226.0957
2025-01-08_47_45,2499.9565
2025-01-24_45_42,2976.285
2025-01-22_47_03,1142.8928
2025-01-16_46_48,2906.6013
2025-02-06_47_02,1142.8928
2025-02-18_41_36,2671.7742
2025-02-15_12_36,2147.6633
2025-01-14_47_06,1142.8928
2025-02-07_37_36,2630.3074
2025-01-05_46_26,2213.4448
2025-02-20_48_45,1933.3403
2025-02-28_45_46,3312.639
2025-01-09_36_12,2045.5172
2025-01-15_19_02,1142.8928
2025-02-21_02_14,1142.8928
2025-01-10_23_13,1459.8187
2025-02-11_46_20,1762.0369
2025-02-01_37_36,2370.9282
2025-01-23_33_46,1263.8395
2025-01-28_46_18,2085.8137
2025-02-25_02_14,1142.8928
2025-01-11_09_46,1142.8928
2025-01-31_02_47,1142.8928
2025-01-27_45_28,2307.0168
2025-01-19_37_36,1447.8118
2025-02-10_46_09,1142.8928
2025-02-12_48_45,1869.7278
2025-01-15_45_39,2105.182
2025-01-01_46_45,3591.138
2025-01-31_37_36,2138.759
2025-01-08_36_07,1142.8928
2025-01-18_21_02,1142.8928
2025-01-02_47_02,1142.8928
2025-02-02_46_48,3239.4778
2025-01-26_36_22,2010.7747
2025-01-27_21_02,1142.8928
2025-02-04_47_45,2330.7415
2025-01-04_30_14,2096.2917
2025-02-20_40_02,1142.8928
2025-01-27_45_42,1485.9492
2025-02-18_45_46,2189.0522
2025-01-16_02_01,1142.8928
2025-01-06_07_36,1142.8928
2025-01-14_13_23,1448.2051
2025-01-07_01_02,1142.8928
2025-02-06_16_02,1142.8928
2025-02-01_03_47,1142.8928
2025-02-13_47_28,2770.1938
2025-02-03_46_44,1624.257
2025-01-25_47_28,2635.2422
2025-02-28_23_25,3850.0557
2025-02-10_45_39,1654.0837
2025-01-27_36_07,1142.8928
2025-02-05_02_19,1142.8928
2025-01-19_47_43,2395.0137
2025-01-22_31_02,1142.8928
2025-02-25_08_47,1142.8928
2025-01-24_30_14,2848.4934
2025-02-18_46_47,1579.2559
2025-02-07_46_26,2358.5808
2025-02-03_23_25,2548.9685
2025-02-28_11_36,2277.578
2025-02-23_36_22,1592.7816
2025-01-09_02_24,1142.8928
2025-01-08_03_45,1142.8928
2025-02-07_34_45,2393.0125
2025-01-09_02_01,1142.8928
2025-02-14_16_02,1142.8928
2025-01-16_12_36,2243.2363
2025-02-16_45_48,2208.3477
2025-02-13_47_43,2672.8188
2025-01-09_46_47,2306.4343
2025-02-11_30_14,1903.2511
2025-02-28_32_19,1489.6454
2025-02-16_36_07,1142.8928
2025-01-12_45_39,2432.1204
2025-01-19_02_19,1142.8928
2025-01-30_21_02,1142.8928
2025-01-19_28_47,3050.472
2025-02-08_44_46,2209.096
2025-02-28_05_45,1142.8927
2025-02-21_36_41,4667.377
2025-01-05_22_36,1804.5968
2025-02-13_45_09,1142.8928
2025-02-21_02_47,1142.8928
2025-01-08_44_45,1371.3977
2025-02-18_44_45,1650.5216
2025-01-26_02_19,1142.8928
2025-01-10_45_09,1142.8928
2025-01-02_45_34,2696.3003
2025-02-23_42_45,2824.386
2025-01-03_45_09,1142.8928
2025-02-06_25_23,2289.4429
2025-01-29_18_46,2194.5002
2025-01-16_02_24,1142.8928
2025-01-04_36_12,2316.8633
2025-01-05_44_46,2544.1885
2025-02-03_45_09,1142.8928
2025-01-25_46_33,2217.2083
2025-01-27_36_11,1483.0458
2025-01-15_27_36,1613.238
2025-02-06_03_47,1142.8928
2025-02-23_08_47,1142.8928
2025-01-05_36_12,2106.4785
2025-01-02_02_01,1142.8928
2025-01-29_05_45,1142.8928
2025-02-15_11_36,2444.1943
2025-02-25_19_32,1404.6542
2025-02-05_41_36,2897.0032
2025-01-01_02_21,1142.8928
2025-01-22_44_46,2020.9615
2025-01-28_09_45,1142.8927
2025-01-24_07_36,1142.8927
2025-01-22_44_45,1924.0339
2025-01-25_45_47,2457.2751
2025-01-31_45_28,3468.4155
2025-01-13_28_45,1896.9136
2025-01-11_38_36,1336.4244
2025-02-25_48_46,2338.1096
2025-02-26_46_09,1142.8928
2025-01-22_47_10,1336.4244
2025-01-27_08_47,1142.8928
2025-01-30_36_22,1703.9692
2025-02-12_02_19,1142.8928
2025-01-14_06_47,1142.8928
2025-02-07_47_43,2891.7168
2025-02-17_05_45,1142.8928
2025-01-03_47_05,1142.8928
2025-02-03_19_02,1142.8928
2025-01-20_34_45,2381.903
2025-01-01_37_36,1179.641
2025-01-22_16_02,1142.8928
2025-01-12_46_15,4289.728
2025-02-15_46_48,3010.9045
2025-01-15_05_45,1142.8928
2025-01-30_47_06,1142.8928
2025-02-13_02_19,1142.8928
2025-01-10_45_42,2871.467
2025-01-15_07_36,1142.8928
2025-01-25_37_36,1527.2585
2025-01-07_11_36,1619.243
2025-01-24_46_09,1142.8928
2025-01-08_45_34,2374.1003
2025-02-05_47_28,2497.514
2025-01-08_36_37,1262.3878
2025-01-09_11_36,1455.8602
2025-02-17_44_45,2284.1052
2025-02-28_19_02,1142.8928
2025-01-15_36_07,1142.8928
2025-02-08_36_27,2351.536
2025-01-24_34_45,2409.1018
2025-01-28_26_46,1273.4082
2025-02-28_36_41,4237.6587
2025-02-15_04_29,1142.8928
2025-01-12_45_03,1142.8928
2025-02-11_09_46,1142.8928
2025-01-09_46_26,2182.075
2025-01-09_47_03,1142.8928
2025-02-19_02_21,1142.8928
2025-01-07_36_41,4991.6123
2025-01-29_45_44,2189.5913
2025-02-14_34_45,2580.8962
2025-01-17_02_21,1142.8928
2025-02-21_47_10,2320.7415
2025-02-12_47_08,1142.8928
2025-02-03_36_12,1438.4398
2025-02-08_47_30,2235.0205
2025-01-07_30_14,1355.2966
2025-02-02_36_41,4314.044
2025-01-30_04_29,1142.8928
2025-01-04_02_14,1142.8928
2025-01-22_36_07,1142.8928
2025-01-20_02_21,1142.8928
2025-01-16_40_02,1142.8928
2025-01-02_47_45,3018.043
2025-02-27_09_45,1142.8927
2025-01-19_02_14,1142.8927
2025-02-23_16_02,1142.8928
2025-01-25_30_02,1142.8928
2025-01-23_20_46,1988.0413
2025-02-13_05_47,1142.8928
2025-01-22_12_36,1647.2219
2025-01-10_47_30,2619.468
2025-02-05_46_47,1409.0093
2025-02-06_47_46,1940.533
2025-01-14_25_23,2321.8108
2025-02-18_03_47,1142.8928
2025-01-06_17_23,1974.8431
2025-02-07_08_47,1142.8928
2025-01-08_36_27,1853.6252
2025-01-28_19_02,1142.8928
2025-01-10_17_23,1223.9177
2025-02-12_39_45,2039.454
2025-02-25_47_02,1142.8928
2025-01-13_45_47,2423.5667
2025-02-05_38_36,1616.8673
2025-01-27_48_45,2201.6003
2025-02-16_39_45,3543.5146
2025-02-19_47_08,1142.8928
2025-02-05_46_09,1142.8928
2025-01-01_23_25,3183.0232
2025-02-20_42_45,1918.5608
2025-01-10_30_14,2528.885
2025-02-22_04_29,1142.8928
2025-02-17_09_46,1142.8928
2025-02-01_47_03,1142.8928
2025-01-28_36_07,1142.8928
2025-01-20_47_10,1637.6517
2025-01-26_23_25,2907.86
2025-01-20_42_45,2352.1055
2025-02-03_47_08,1142.8928
2025-01-25_34_45,2271.3718
2025-01-16_47_43,2293.5105
2025-01-18_09_46,1142.8928
2025-02-20_27_36,2127.18
2025-01-08_47_05,1142.8928
2025-02-12_36_41,4349.274
2025-01-05_47_43,2548.0034
2025-02-01_35_46,2317.534
2025-01-23_14_30,1694.4005
2025-02-20_02_47,1142.8928
2025-02-04_02_19,1142.8928
2025-02-22_02_01,1142.8928
2025-01-04_02_19,1142.8928
2025-01-13_45_28,3497.3865
2025-02-19_14_30,1770.9498
2025-01-17_46_45,2297.9546
2025-02-01_02_24,1142.8928
2025-01-23_26_46,1706.2794
2025-01-09_38_36,1273.4082
2025-02-16_22_36,1767.9764
2025-02-27_23_13,1566.0577
2025-02-23_13_23,1830.1356
2025-02-20_36_41,4240.5386
2025-01-28_02_19,1142.8928
2025-02-23_02_47,1142.8928
2025-02-28_13_23,1703.9722
2025-02-18_26_46,1780.1832
2025-01-11_19_30,2048.7544
2025-01-22_02_01,1142.8927
2025-02-17_06_47,1142.8927
2025-01-21_16_02,1142.8928
2025-02-18_47_10,1292.8735
2025-01-07_30_02,1142.8928
2025-02-06_35_46,1934.6578
2025-02-16_48_45,2859.1423
2025-01-12_26_46,2261.8005
2025-02-03_46_26,2201.068
2025-01-07_03_45,1142.8928
2025-01-24_14_30,2090.765
2025-02-12_45_46,2037.466
2025-01-18_45_46,2653.576
2025-02-06_46_35,1952.0782
2025-01-24_03_47,1142.8928
2025-01-12_45_46,2556.3694
2025-01-04_45_44,2285.195
2025-01-18_18_46,4504.0938
2025-02-23_19_30,2445.5789
2025-02-27_47_30,1587.8334
2025-01-24_06_47,1142.8928
2025-02-14_03_47,1142.8928
2025-01-25_45_44,2232.3342
2025-01-04_32_19,1536.8927
2025-02-17_47_03,1142.8928
2025-01-02_04_29,1142.8928
2025-01-28_16_02,1142.8928
2025-01-16_30_02,1142.8928
2025-01-05_15_46,3174.386
2025-01-23_45_05,1142.8928
2025-01-31_47_02,1142.8928
2025-02-17_22_36,1375.027
2025-02-06_36_27,2272.7566
2025-02-08_15_46,2409.4792
2025-02-19_23_25,2847.527
2025-02-28_30_14,2765.1855
2025-02-18_43_47,1468.5288
2025-02-15_36_27,2511.5693
2025-02-03_02_14,1142.8928
2025-02-07_22_36,2175.7505
2025-02-03_48_45,2874.0269
2025-01-09_45_03,1142.8928
2025-01-26_05_47,1142.8928
2025-01-10_47_28,4905.0635
2025-02-27_46_48,3532.595
2025-01-11_04_29,1142.8928
2025-02-28_47_10,2258.5852
2025-01-25_22_36,1625.4447
2025-02-27_36_07,1142.8928
2025-02-24_36_22,1894.672
2025-01-10_02_47,1142.8928
2025-02-06_23_25,3153.0469
2025-02-23_43_47,2294.097
2025-01-24_03_45,1142.8928
2025-01-06_45_39,1623.7322
2025-02-12_18_46,2450.4836
2025-01-30_45_34,2382.5837
2025-02-25_42_45,1721.3922
2025-02-16_07_36,1142.8928
2025-01-08_16_02,1142.8928
2025-01-03_11_36,1535.307
2025-01-23_46_45,2265.2651
2025-01-17_36_11,2368.265
2025-01-01_47_10,2052.382
2025-02-22_16_02,1142.8927
2025-02-25_36_41,3641.91
2025-01-06_45_47,2429.8347
2025-01-18_37_36,1296.7012
2025-02-21_46_26,2286.0627
2025-01-14_48_46,3507.1047
2025-01-07_45_09,1142.8928
2025-01-16_47_30,2094.3538
2025-02-15_02_14,1142.8928
2025-02-17_19_32,1503.3698
2025-01-23_35_46,1990.8777
2025-01-15_09_46,1142.8928
2025-02-27_02_16,1142.8928
2025-02-26_45_42,2045.6348
2025-01-05_19_02,1142.8928
2025-02-04_47_02,1142.8928
2025-02-24_23_25,2810.0454
2025-02-02_36_27,2153.405
2025-01-29_36_41,3946.2268
2025-02-26_47_43,1933.072
2025-02-25_47_06,1142.8928
2025-01-13_23_13,1303.7614
2025-01-10_01_02,1142.8928
2025-02-21_47_28,3208.6384
2025-02-14_45_46,3036.1545
2025-02-24_40_02,1142.8928
2025-01-21_19_30,1662.0726
2025-01-23_21_02,1142.8928
2025-01-08_21_02,1142.8928
2025-01-23_47_06,1142.8928
2025-01-28_03_45,1142.8928
2025-02-27_33_46,1295.1837
2025-01-25_36_11,2339.9644
2025-01-31_48_46,3193.0027
2025-01-31_44_45,2123.3918
2025-01-18_46_45,2450.0437
2025-01-07_36_12,1894.5406
2025-02-11_47_10,1314.649
2025-01-18_34_45,2425.8728
2025-02-04_14_30,1677.2452
2025-02-17_36_27,2148.8142
2025-01-27_48_46,2521.5916
2025-02-09_02_40,1142.8928
2025-02-13_46_48,2675.1672
2025-01-31_46_20,3233.9534
2025-01-06_45_28,2295.8997
2025-02-19_46_47,1765.6661
2025-02-28_28_45,1951.5535
2025-01-02_18_46,2781.452
2025-01-31_45_42,2965.7195
2025-02-20_13_23,1366.91
2025-01-26_46_48,2548.9795
2025-01-27_19_30,2164.2886
2025-02-15_36_11,2687.5767
2025-02-12_44_46,2135.6108
2025-02-18_14_30,1746.5289
2025-01-15_45_03,1142.8928
2025-02-19_11_36,2294.936
2025-02-09_44_45,2366.4326
2025-02-01_21_02,1142.8928
2025-02-20_36_27,2365.7493
2025-01-15_36_12,2078.4978
2025-02-11_45_03,1142.8928
2025-01-25_02_40,1142.8928
2025-01-17_47_45,2623.115
2025-02-27_31_02,1142.8927
2025-02-11_30_02,1142.8928
2025-01-07_44_45,1552.5321
2025-01-16_21_02,1142.8928
2025-01-09_03_47,1142.8928
2025-02-01_47_02,1142.8928
2025-02-24_45_42,1935.1884
2025-01-13_20_46,2196.3748
2025-01-06_45_42,1716.1102
2025-01-31_36_41,4895.451
2025-02-18_45_09,1142.8928
2025-02-07_45_42,2912.6833
2025-02-27_46_26,2086.1013
2025-01-12_47_30,1808.2261
2025-02-11_02_24,1142.8928
2025-01-01_43_47,2351.118
2025-02-11_23_13,1466.7491
2025-01-04_47_02,1142.8928
2025-02-17_48_46,2560.3
2025-01-26_36_07,1142.8928
2025-01-20_32_19,1597.8639
2025-02-18_15_46,1666.4902
2025-01-05_19_32,1709.2483
2025-01-18_14_30,2113.0076
2025-01-05_33_46,2396.4724
2025-02-22_36_37,5342.0254
2025-02-04_36_41,4289.145
2025-02-16_45_44,2013.781
2025-01-12_45_28,3988.0974
2025-02-05_02_30,1142.8928
2025-01-30_23_13,1324.2177
2025-01-02_36_22,1880.811
2025-02-26_45_28,2507.7966
2025-02-12_27_36,2147.984
2025-02-08_04_29,1142.8928
2025-01-25_32_19,1464.5702
2025-01-06_02_30,1142.8928
2025-01-02_41_36,4885.9795
2025-01-30_46_44,2634.8762
2025-01-19_45_09,1142.8928
2025-02-27_02_01,1142.8928
2025-01-08_03_47,1142.8928
2025-01-21_15_46,2555.3828
2025-02-27_13_23,1567.7749
2025-02-28_47_06,1142.8928
2025-02-19_32_19,1436.5916
2025-01-09_18_46,1742.2408
2025-01-21_36_41,4562.7334
2025-02-14_01_02,1142.8928
2025-01-18_43_47,5013.4478
2025-02-24_46_26,1327.8469
2025-01-21_46_18,2019.9559
2025-01-11_33_46,2482.37
2025-02-02_46_35,2120.8333
2025-01-07_13_23,1341.5725
2025-01-10_08_47,1142.8928
2025-01-03_02_31,1142.8928
2025-01-24_35_46,1921.989
2025-01-09_47_43,5326.2197
2025-02-07_42_45,2355.575
2025-02-21_45_28,3625.2898
2025-01-21_44_45,2061.527
2025-01-08_47_46,2100.2742
2025-02-15_36_37,5992.768
2025-02-01_42_45,1984.5461
2025-01-14_36_22,1677.5732
2025-01-30_22_36,1452.56
2025-01-07_33_46,1180.3671
2025-02-18_45_28,2475.304
2025-02-06_47_43,2536.2644
2025-02-15_47_06,1142.8928
2025-01-20_28_47,2302.2942
2025-02-20_46_09,1142.8928
2025-02-10_42_45,2190.2622
2025-02-02_37_36,3022.6985
2025-02-11_03_47,1142.8928
2025-01-18_47_45,2885.135
2025-01-12_27_36,1481.5941
2025-02-15_44_46,1982.4298
2025-01-17_41_36,4047.1143
2025-02-13_04_29,1142.8928
2025-02-05_36_11,2432.6223
2025-01-14_30_02,1142.8928
2025-02-19_47_43,2281.2258
2025-01-14_46_44,3514.3596
2025-01-25_11_36,1976.6229
2025-02-25_02_19,1142.8928
2025-01-12_40_02,1142.8928
2025-02-22_47_08,1142.8928
2025-01-27_45_05,1142.8928
2025-01-12_25_23,2852.6863
2025-02-18_47_03,1142.8928
2025-01-03_22_36,1806.907
2025-01-15_22_36,1575.6266
2025-01-09_04_29,1142.8928
2025-02-11_02_31,1142.8927
2025-02-22_43_47,1726.931
2025-02-26_45_46,2328.9563
2025-01-27_46_20,1685.8229
2025-01-13_46_48,4992.9546
2025-01-27_31_02,1142.8928
2025-01-05_45_46,2662.2332
2025-01-22_45_09,1142.8928
2025-01-07_03_47,1142.8928
2025-02-07_48_45,2272.6306
2025-01-01_36_07,1142.8928
2025-01-05_42_45,3272.7473
2025-01-17_04_29,1142.8928
2025-01-08_28_47,1940.8611
2025-02-07_46_44,3075.8162
2025-01-20_03_45,1142.8928
2025-02-12_47_43,2297.032
2025-02-20_36_07,1142.8928
2025-01-30_27_36,1618.1864
2025-01-06_40_02,1142.8928
2025-01-15_37_36,1397.7921
2025-02-28_19_32,1701.5931
2025-02-04_03_45,1142.8928
2025-02-19_01_02,1142.8928
2025-02-17_04_29,1142.8928
2025-01-14_18_46,2693.8247
2025-01-03_38_36,1256.5812
2025-02-28_09_45,1142.8928
2025-02-02_36_37,4815.984
2025-01-21_41_36,3103.9119
2025-01-02_26_46,2503.804
2025-02-20_38_36,1556.4891
2025-01-01_46_35,2342.1453
2025-02-22_45_28,2964.4187
2025-02-05_45_09,1142.8928
2025-01-01_02_14,1142.8928
2025-01-25_47_45,2446.4592
2025-02-17_36_22,1694.4005
2025-01-20_15_46,2859.8108
2025-01-06_02_31,1142.8928
2025-02-19_02_31,1142.8928
2025-01-28_20_46,2055.9707
2025-02-18_48_45,2097.006
2025-01-24_47_05,1142.8928
2025-01-17_45_44,2430.013
2025-02-03_22_36,1895.0
2025-01-24_47_30,2290.8167
2025-01-06_46_09,1142.8928
2025-01-02_45_28,2241.333
2025-02-24_02_01,1142.8928
2025-01-24_46_47,2188.3152
2025-02-28_44_46,2236.8564
2025-01-29_33_46,1374.6991
2025-02-10_12_36,2503.2705
2025-02-14_19_32,1966.3328
2025-02-15_02_31,1142.8928
2025-01-30_19_02,1142.8928
2025-01-25_13_23,1803.2122
2025-01-11_27_36,1845.5096
2025-01-31_02_24,1142.8928
2025-01-21_02_24,1142.8928
2025-02-13_47_08,1142.8928
2025-02-22_35_46,2108.4897
2025-01-31_02_16,1142.8928
2025-01-12_45_34,2554.2734
2025-01-27_15_46,2100.8826
2025-01-28_38_36,1383.6046
2025-02-17_01_02,1142.8928
2025-02-24_46_33,1582.5571
2025-02-13_44_45,1538.3429
2025-01-09_46_09,1142.8928
2025-02-09_36_27,2165.7324
2025-01-05_45_05,1142.8928
2025-02-23_46_44,1928.851
2025-01-12_08_47,1142.8928
2025-02-16_09_46,1142.8928
2025-01-04_46_47,2084.4805
2025-02-20_25_23,2366.6306
2025-02-01_12_36,1965.5398
2025-01-10_16_02,1142.8928
2025-01-27_47_30,1571.9976
2025-01-27_28_47,1931.2924
2025-01-29_28_47,1877.5167
2025-01-19_46_35,2381.682
2025-01-02_08_47,1142.8928
2025-02-04_36_12,1625.0499
2025-01-07_25_23,2342.2712
2025-02-03_39_45,2618.7373
2025-01-18_07_36,1142.8928
2025-01-31_11_36,1959.7332
2025-02-10_45_09,1142.8928
2025-01-22_34_45,2288.7488
2025-02-05_02_31,1142.8928
2025-01-26_47_06,1142.8928
2025-01-13_02_47,1142.8928
2025-02-10_43_47,1816.9362
2025-01-07_45_05,1142.8927
2025-02-02_46_09,1142.8927
2025-01-03_47_02,1142.8928
2025-01-27_47_28,2294.2231
2025-01-16_45_28,2512.9116
2025-01-24_45_44,2361.83
2025-02-05_13_23,1419.1713
2025-02-05_45_44,1711.8907
2025-01-30_36_37,3187.1194
2025-02-24_46_20,2342.9102
2025-02-01_09_46,1142.8928
2025-01-13_01_02,1142.8928
2025-01-17_23_25,3440.619
2025-02-20_48_46,1937.2303
2025-02-18_47_46,1546.5924
2025-02-14_45_42,2878.4695
2025-01-19_35_46,4861.843
2025-02-23_33_46,2328.7383
2025-02-01_04_29,1142.8928
2025-01-20_46_35,2332.3762
2025-01-25_45_09,1142.8928
2025-02-10_07_36,1142.8928
2025-02-19_47_05,1142.8928
2025-01-05_36_41,4801.0396
2025-02-04_45_46,2375.7124
2025-01-29_04_29,1142.8928
2025-02-12_02_30,1142.8928
2025-02-11_05_47,1142.8928
2025-02-25_36_37,5074.635
2025-01-18_32_19,1896.9136
2025-01-26_47_43,2074.0525
2025-02-07_46_35,2978.3367
2025-01-15_04_29,1142.8927
2025-01-12_45_05,1142.8927
2025-02-27_28_45,1896.9136
2025-02-09_46_18,2652.0662
2025-02-19_36_11,2479.9155
2025-01-26_06_47,1142.8928
2025-01-25_27_36,2043.4193
2025-01-26_19_02,1142.8928
2025-02-06_15_46,1930.6991
2025-01-25_46_09,1142.8928
2025-01-26_43_47,2286.131
2025-01-20_27_36,2142.4275
2025-01-06_44_45,2116.2322
2025-01-14_36_37,1719.6725
2025-01-08_33_46,1306.0713
2025-01-02_39_45,2741.791
2025-01-05_46_47,2236.8396
2025-01-04_34_45,4925.911
2025-02-02_47_46,2291.9114
2025-01-14_47_10,2386.6707
2025-01-16_41_36,3605.897
2025-01-20_47_02,1142.8928
2025-01-29_02_24,1142.8928
2025-01-29_08_47,1142.8928
2025-01-09_01_02,1142.8928
2025-02-13_36_37,5377.0156
2025-01-07_28_45,1936.7684
2025-01-04_36_11,1812.7152
2025-02-21_47_45,2693.489
2025-02-24_33_46,1278.3564
2025-02-05_36_07,1142.8928
2025-02-23_45_44,2190.302
2025-02-25_46_33,1785.7948
2025-01-06_46_48,2515.931
2025-01-13_47_03,1142.8928
2025-02-24_14_30,1760.39
2025-02-24_06_47,1142.8928
2025-02-01_45_46,2640.578
2025-02-28_46_09,1142.8928
2025-01-01_09_46,1142.8928
2025-02-20_36_11,2605.4849
2025-02-06_46_26,1616.8673
2025-02-17_02_21,1142.8928
2025-02-20_06_47,1142.8928
2025-02-25_46_48,4914.937
2025-01-06_32_19,1493.6041
2025-01-27_18_46,1844.9208
2025-02-25_47_45,2393.652
2025-02-06_28_45,1903.7758
2025-01-12_39_45,2677.9375
2025-01-26_47_10,1343.683
2025-02-11_45_28,2274.264
2025-02-13_40_02,1142.8928
2025-02-24_46_35,1977.4156
2025-02-19_46_18,2004.0769
2025-02-09_45_48,2432.6233
2025-01-01_02_40,1142.8928
2025-02-23_46_18,2135.6108
2025-01-16_46_15,2380.7593
2025-02-16_46_20,2165.0046
2025-02-22_40_02,1142.8928
2025-02-02_02_21,1142.8928
2025-01-23_45_39,2741.7488
2025-02-26_19_30,2132.9011
2025-01-18_46_09,1142.8927
2025-02-13_46_44,2187.672
2025-01-16_23_13,1573.3163
2025-02-15_28_47,2136.143
2025-02-02_48_46,4799.4277
2025-01-07_47_45,2337.2188
2025-01-02_11_36,1630.0637
2025-02-01_45_28,2658.1028
2025-01-26_15_46,2520.7102
2025-02-22_20_46,1895.0
2025-01-03_27_36,1774.2438
2025-01-18_40_02,1142.8928
2025-01-23_47_28,2762.333
2025-01-01_45_28,2597.4775
2025-01-22_45_46,2232.491
2025-01-06_35_46,2246.6382
2025-02-03_30_02,1142.8928
2025-01-18_47_10,1863.6559
2025-01-29_45_48,2477.945
2025-02-15_02_01,1142.8928
2025-01-23_45_03,1142.8928
2025-02-09_03_47,1142.8928
2025-02-15_34_45,2566.2751
2025-02-25_44_46,1654.3463
2025-02-07_45_46,3089.8206
2025-02-15_47_03,1142.8928
2025-02-09_47_10,1242.0642
2025-02-15_46_47,2137.036
2025-01-02_02_31,1142.8928
2025-02-03_45_34,1952.7471
2025-01-17_02_16,1142.8928
2025-02-03_33_46,2240.1616
2025-01-06_33_46,1234.8055
2025-01-10_13_23,1939.6718
2025-01-29_23_25,2469.3923
2025-01-03_45_47,2697.2405
2025-02-03_04_29,1142.8928
2025-02-23_46_15,1788.4326
2025-02-19_36_12,2156.3745
2025-02-13_02_24,1142.8928
2025-02-20_07_36,1142.8928
2025-02-16_42_45,2681.5
2025-01-03_45_39,2864.5515
2025-01-11_46_45,2612.487
2025-01-22_46_26,1785.1316
2025-01-09_09_46,1142.8928
2025-02-05_26_46,1479.9471
2025-02-05_02_40,1142.8928
2025-01-22_47_28,2342.7527
2025-01-06_45_05,1142.8928
2025-02-12_36_11,2353.381
2025-01-19_46_20,2504.3801
2025-02-26_45_09,1142.8928
2025-02-26_08_47,1142.8928
2025-01-18_02_21,1142.8928
2025-01-17_45_05,1142.8928
2025-02-14_47_03,1142.8928
2025-01-19_45_46,3176.9858
2025-01-16_47_10,1838.2511
2025-01-14_19_02,1142.8928
2025-01-30_02_19,1142.8928
2025-01-26_03_45,1142.8928
2025-01-07_28_47,1767.9764
2025-01-05_46_33,1672.297
2025-01-11_25_23,2775.7498
2025-01-29_31_02,1142.8927
2025-01-07_26_46,1341.0447
2025-01-24_46_15,2552.2383
2025-02-04_02_31,1142.8928
2025-02-21_46_18,2683.8875
2025-01-24_19_02,1142.8928
2025-01-17_44_46,3381.0828
2025-01-03_07_36,1142.8928
2025-01-17_47_06,1142.8928
2025-02-18_06_47,1142.8928
2025-02-22_27_36,1921.7238
2025-01-30_46_33,2250.7478
2025-01-22_46_35,1927.7958
2025-02-14_02_14,1142.8928
2025-01-19_25_23,2562.218
2025-01-12_02_47,1142.8928
2025-01-17_47_08,1142.8928
2025-02-25_34_45,2281.8103
2025-01-20_46_09,1142.8928
2025-01-19_23_25,2785.0571
2025-01-15_30_14,1592.0574
2025-02-05_45_46,2186.5974
2025-02-20_45_48,2778.4753
2025-01-22_45_42,2125.7014
2025-01-28_36_22,1692.0902
2025-02-03_12_36,2071.8958
2025-01-27_45_48,1984.546
2025-01-02_20_46,2812.4358
2025-02-11_16_02,1142.8928
2025-01-29_11_36,1596.016
2025-02-14_45_48,2921.1929
2025-01-21_19_32,1526.3344
2025-02-20_19_02,1142.8927
2025-01-07_02_16,1142.8928
2025-01-20_44_46,3481.8323
2025-01-16_37_36,1200.889
2025-02-13_41_36,3176.9475
2025-02-08_47_06,1142.8928
2025-01-28_12_36,2261.7068
2025-02-23_30_02,1142.8928
2025-02-18_45_03,1142.8928
2025-02-03_23_13,1360.51
2025-02-02_27_36,2206.1682
2025-01-17_02_30,1142.8928
2025-01-05_02_19,1142.8928
2025-01-04_45_03,1142.8928
2025-01-29_47_03,1142.8928
2025-01-18_46_35,2302.7336
2025-01-29_14_30,1870.9143
2025-02-28_46_44,2996.9941
2025-02-21_13_23,2107.4841
2025-02-23_46_48,2657.118
2025-01-15_26_46,2429.9084
2025-01-02_46_45,2636.7002
2025-02-08_22_36,2075.6995
2025-01-17_13_23,1673.6146
2025-01-14_47_28,2530.4258
2025-02-03_45_42,2015.4282
2025-02-09_23_13,1434.414
2025-01-30_09_46,1142.8928
2025-01-18_45_05,1142.8928
2025-02-15_25_23,2699.9045
2025-02-16_26_46,2260.0657
2025-01-26_28_47,2614.8577
2025-02-21_45_42,2973.3074
2025-01-24_48_46,2606.8064
2025-01-15_30_02,1142.8928
2025-02-14_41_36,3028.149
2025-01-30_47_43,2275.7751
2025-01-12_34_45,2848.3872
2025-02-17_47_30,1747.5201
2025-01-22_46_48,2309.589
2025-02-23_32_19,1752.5369
2025-01-05_48_45,2613.6194
2025-01-30_44_46,1804.005
2025-01-12_19_02,1142.8928
2025-02-08_33_46,1583.2129
2025-01-16_05_47,1142.8928
2025-02-09_42_45,2721.5403
2025-01-14_47_08,1142.8928
2025-01-29_36_37,2675.9524
2025-02-21_42_45,2066.8684
2025-01-11_02_47,1142.8928
2025-02-06_39_45,1713.7374
2025-02-17_03_45,1142.8928
2025-01-31_43_47,1970.8162
2025-01-13_47_02,1142.8928
2025-02-14_06_47,1142.8928
2025-01-19_45_28,2418.4092
2025-01-14_47_43,2689.6313
2025-02-14_02_16,1142.8928
2025-01-08_45_28,3276.7693
2025-02-14_28_45,2076.7778
2025-02-27_32_19,1375.6202
2025-02-07_19_02,1142.8928
2025-02-07_26_46,2129.1477
2025-02-28_02_16,1142.8927
2025-01-01_12_36,2618.1494
2025-02-24_19_02,1142.8928
2025-02-15_46_45,2374.869
2025-01-30_36_41,4440.6514
2025-01-10_46_47,3411.7732
2025-01-15_02_14,1142.8928
2025-01-24_48_45,1958.6779
2025-02-09_02_21,1142.8928
2025-01-18_30_14,2427.34
2025-02-11_44_46,2323.0269
2025-01-20_26_46,2504.3801
2025-01-16_30_14,1659.0979
2025-02-14_48_46,2603.693
2025-01-29_05_47,1142.8928
2025-02-24_39_45,2467.5574
2025-01-13_45_34,2330.9487
2025-02-21_36_12,2451.3215
2025-01-27_30_14,1273.7391
2025-02-11_47_03,1142.8928
2025-02-28_01_02,1142.8928
2025-01-10_48_46,3311.7996
2025-02-28_26_46,2154.615
2025-02-04_16_02,1142.8928
2025-02-26_02_14,1142.8928
2025-01-06_45_46,1778.1398
2025-02-12_03_45,1142.8928
2025-02-08_02_24,1142.8928
2025-01-18_02_01,1142.8928
2025-01-16_27_36,1752.4684
2025-01-26_33_46,2744.1497
2025-01-15_47_43,2302.3567
2025-02-18_47_45,2197.5674
2025-01-08_36_41,5347.4414
2025-01-31_21_02,1142.8928
2025-01-07_47_28,2487.5046
2025-02-06_43_47,2166.0457
2025-02-03_46_20,1888.0695
2025-01-18_02_16,1142.8928
2025-01-15_46_35,2530.4783
2025-01-31_16_02,1142.8928
2025-02-13_45_28,2854.1516
2025-02-09_30_14,1475.1288
2025-01-06_47_03,1142.8928
2025-01-16_11_36,1604.9884
2025-02-03_28_47,2001.2391
2025-01-06_26_46,1580.2468
2025-02-11_47_05,1142.8928
2025-02-02_46_18,2482.4734
2025-01-15_28_45,2813.3567
2025-01-04_36_37,1275.4531
2025-01-28_02_47,1142.8928
2025-01-22_45_28,2313.635
2025-02-08_46_09,1142.8928
2025-01-13_47_28,3196.7427
2025-01-01_05_47,1142.8928
2025-01-11_02_19,1142.8928
2025-01-28_04_29,1142.8928
2025-02-21_06_47,1142.8928
2025-02-05_45_39,2001.7041
2025-01-28_36_41,4702.1753
2025-01-11_45_42,2607.2048
2025-02-10_02_21,1142.8928
2025-02-01_03_45,1142.8927
2025-02-07_47_46,2379.753
2025-01-21_20_46,2334.2102
2025-02-04_45_03,1142.8928
2025-01-22_02_40,1142.8928
2025-01-26_02_40,1142.8928
2025-01-14_15_46,2760.111
2025-01-22_02_14,1142.8928
2025-02-03_46_35,1730.6273
2025-02-25_28_47,1907.8699
2025-01-16_45_39,2397.1533
2025-02-18_13_23,1576.7474
2025-01-15_36_37,1887.3436
2025-01-16_34_45,2311.2766
2025-01-23_45_09,1142.8928
2025-02-24_15_46,1589.4161
2025-02-26_02_01,1142.8928
2025-02-28_47_28,3187.0457
2025-02-15_45_03,1142.8928
2025-02-14_47_10,2178.8284
2025-02-26_28_45,2215.9915
2025-01-17_03_47,1142.8928
2025-02-03_17_23,2236.5864
2025-02-15_45_42,2517.6086
2025-01-27_47_10,1176.7377
2025-01-28_46_48,2120.3271
2025-02-06_48_46,2336.223
2025-01-28_40_02,1142.8928
2025-02-22_32_19,1749.8959
2025-02-01_15_46,2474.2551
2025-02-09_46_15,2469.6433
2025-02-09_40_02,1142.8928
2025-02-13_45_48,2436.1028
2025-02-13_13_23,1528.445
2025-01-12_09_46,1142.8928
2025-02-14_36_41,4421.632
2025-02-08_16_02,1142.8928
2025-02-25_45_42,2183.2375
2025-02-15_19_02,1142.8928
2025-01-23_30_14,2185.8362
2025-02-07_46_48,3983.7744
2025-01-28_02_31,1142.8928
2025-01-18_01_02,1142.8928
2025-02-08_45_48,2740.4895
2025-02-02_45_03,1142.8928
2025-02-23_47_28,2429.384
2025-01-12_36_41,4830.0493
2025-02-15_02_40,1142.8928
2025-01-10_36_22,1815.4845
2025-02-07_02_40,1142.8928
2025-01-23_28_47,1996.2908
2025-02-15_47_46,1983.4208
2025-01-12_07_36,1142.8928
2025-01-10_36_37,1898.826
2025-01-31_34_45,2457.842
2025-01-04_45_28,2472.0754
2025-02-05_45_05,1142.8928
2025-01-12_45_44,2688.489
2025-01-30_01_02,1142.8928
2025-02-16_37_36,5338.201
2025-02-22_47_43,2319.756
2025-01-31_46_44,3494.285
2025-02-16_01_02,1142.8928
2025-01-04_28_47,1874.5436
2025-01-14_46_09,1142.8927
2025-02-28_08_47,1142.8927
2025-01-12_46_35,4448.324
2025-01-05_05_47,1142.8928
2025-02-15_02_21,1142.8928
2025-02-10_44_45,2497.6199
2025-02-06_45_46,2496.1838
2025-02-22_45_39,2512.1582
2025-01-29_32_19,1319.4004
2025-02-14_45_47,3533.8845
2025-02-21_30_02,1142.8928
2025-02-24_36_37,5453.8945
2025-02-21_28_45,1676.2557
2025-01-10_31_02,1142.8928
2025-02-20_09_46,1142.8928
2025-02-01_28_47,2022.4336
2025-01-20_46_26,1609.6088
2025-01-18_27_36,2002.2302
2025-02-15_36_22,2211.0657
2025-02-12_46_44,1827.4948
2025-02-24_09_46,1142.8928
2025-01-20_38_36,1706.6072
2025-01-28_46_47,1350.9415
2025-01-19_47_28,2315.6057
2025-01-06_13_23,1830.9286
2025-01-31_32_19,1409.4056
2025-01-01_47_08,1142.8928
2025-02-24_47_30,1672.625
2025-02-16_45_47,2532.0515
2025-01-16_45_05,1142.8928
2025-01-05_30_02,1142.8928
2025-01-17_08_47,1142.8928
2025-01-16_36_07,1142.8927
2025-01-19_09_46,1142.8927
2025-01-15_42_45,1795.2948
2025-02-03_47_30,1702.9781
2025-02-14_26_46,1916.4474
2025-01-17_46_48,3690.2498
2025-02-11_17_23,1412.3107
2025-01-09_17_23,1202.1423
2025-01-04_05_45,1142.8928
2025-02-08_45_39,2606.577
2025-01-09_02_21,1142.8928
2025-02-11_31_02,1142.8928
2025-02-24_38_36,2143.5024
2025-01-18_46_44,2681.7913
2025-02-02_36_12,2087.9702
2025-01-05_23_25,2865.7244
2025-01-21_02_31,1142.8928
2025-01-24_25_23,2525.448
2025-02-06_12_36,1662.0009
2025-01-21_13_23,1657.2496
2025-02-28_45_28,3520.586
2025-01-02_42_45,2588.297
2025-02-13_02_47,1142.8928
2025-01-21_45_34,2110.8403
2025-01-31_38_36,1429.4657
2025-01-27_23_25,2594.8357
2025-02-01_18_46,2721.9578
2025-01-04_04_29,1142.8928
2025-02-24_34_45,2429.3323
2025-02-12_34_45,1984.0841
2025-02-22_30_02,1142.8928
2025-02-12_36_22,1947.1284
2025-01-28_46_26,1581.5658
2025-01-07_12_36,1721.6547
2025-01-25_36_27,2482.556
2025-01-30_45_28,2651.94
2025-01-25_45_05,1142.8928
2025-02-01_27_36,1579.5839
2025-01-13_47_08,1142.8928
2025-02-20_46_45,2215.4207
2025-01-13_08_47,1142.8928
2025-02-21_03_47,1142.8928
2025-02-28_45_09,1142.8928
2025-02-08_46_26,2552.2292
2025-02-17_44_46,2296.2356
2025-02-11_46_48,2404.993
2025-01-11_40_02,1142.8928
2025-02-12_44_45,1833.3026
2025-02-20_14_30,1816.4756
2025-02-11_15_46,2516.979
2025-01-08_15_46,1710.0411
2025-01-19_48_45,4025.9275
2025-01-11_08_47,1142.8928
2025-01-28_47_30,1608.6177
2025-01-13_40_02,1142.8928
2025-02-24_22_36,1721.7874
2025-02-08_06_47,1142.8928
2025-01-31_47_45,2817.5908
2025-01-13_12_36,1724.558
2025-01-29_09_46,1142.8928
2025-01-16_02_19,1142.8928
2025-01-07_46_33,1639.6338
2025-01-18_19_32,1883.1897
2025-02-25_46_20,3852.1946
2025-02-28_47_02,1142.8927
2025-01-09_47_45,2697.116
2025-02-26_13_23,1614.2291
2025-02-25_36_12,1930.1687
2025-02-19_35_46,1576.7474
2025-02-25_40_02,1142.8928
2025-02-04_40_02,1142.8928
2025-01-27_20_46,1920.0768
2025-02-19_30_02,1142.8928
2025-02-10_13_23,1730.3649
2025-01-28_31_02,1142.8928
2025-02-19_45_34,2373.709
2025-02-15_05_47,1142.8928
2025-01-18_11_36,2069.3162
2025-02-15_33_46,1387.2338
2025-02-26_06_47,1142.8928
2025-01-30_47_30,2302.1812
2025-01-23_47_46,1967.5847
2025-01-23_17_23,1343.683
2025-01-25_33_46,1427.1554
2025-01-06_48_45,2606.241
2025-02-08_23_25,2968.8206
2025-02-25_05_45,1142.8928
2025-01-20_03_47,1142.8928
2025-01-19_13_23,2299.8755
2025-02-07_46_45,2951.903
2025-02-10_06_47,1142.8928
2025-01-23_25_23,2688.0818
2025-01-19_34_45,3303.3445
2025-01-25_46_15,2402.9387
2025-02-23_47_05,1142.8928
2025-02-20_20_46,1915.7843
2025-01-11_02_31,1142.8927
2025-01-10_27_36,2175.7505
2025-01-09_45_47,3309.0735
2025-01-18_47_28,2559.8792
2025-02-16_36_11,2508.5095
2025-01-25_47_03,1142.8928
2025-01-15_02_24,1142.8928
2025-01-09_41_36,3089.1946
2025-02-19_47_30,1830.6646
2025-02-10_02_31,1142.8928
2025-02-10_40_02,1142.8928
2025-02-10_11_36,2289.1921
2025-01-23_36_07,1142.8928
2025-01-22_40_02,1142.8928
2025-02-15_48_46,2471.2468
2025-01-13_48_46,2628.252
2025-01-09_36_27,1573.0509
2025-02-16_46_35,2056.973
2025-02-17_03_47,1142.8928
2025-01-20_48_46,4201.6113
2025-01-04_45_47,2546.4949
2025-02-22_03_47,1142.8928
2025-02-19_30_14,2089.8357
2025-01-16_09_45,1142.8928
2025-01-16_22_36,1404.0609
2025-01-19_02_47,1142.8928
2025-01-14_46_48,4309.9717
2025-02-03_43_47,1631.1189
2025-01-22_23_25,5339.582
2025-01-26_46_18,2136.3252
2025-02-13_39_45,2283.6638
2025-02-01_33_46,2154.2512
2025-01-23_02_16,1142.8927
2025-01-28_44_46,1625.3123
2025-01-12_46_18,4609.294
2025-01-25_02_21,1142.8928
2025-01-08_47_28,2801.3765
2025-02-02_02_31,1142.8928
2025-01-15_47_10,2056.1528
2025-02-04_44_45,1886.7577
2025-02-15_36_07,1142.8928
2025-02-15_16_02,1142.8928
2025-02-13_12_36,1635.6082
2025-01-13_19_32,1732.4813
2025-01-15_48_45,3686.0051
2025-02-18_02_40,1142.8928
2025-01-21_27_36,1527.4553
2025-01-31_47_28,3014.572
2025-02-07_23_25,3327.6687
2025-01-20_14_30,1748.1832
2025-01-24_02_31,1142.8928
2025-01-12_02_19,1142.8928
2025-02-14_46_35,2953.8523
2025-01-29_47_05,1142.8928
2025-01-14_14_30,1416.2678
2025-01-18_48_46,4715.7314
2025-02-07_19_32,1678.3661
2025-01-19_19_30,2554.117
2025-01-11_19_02,1142.8928
2025-02-14_48_45,1919.348
2025-01-17_47_05,1142.8928
2025-01-25_41_36,3318.9524
2025-01-22_07_36,1142.8928
2025-01-06_46_26,1361.8292
2025-02-10_19_32,1319.4005
2025-02-11_36_11,2440.2117
2025-02-22_23_25,3324.8196
2025-01-02_09_45,1142.8928
2025-02-13_30_14,2224.2073
2025-01-15_02_31,1142.8928
2025-02-02_46_26,2561.1384
2025-02-05_17_23,1321.9073
2025-02-05_34_45,1808.889
2025-02-02_36_11,2100.1682
2025-02-03_05_45,1142.8928
2025-01-21_36_37,1562.8892
2025-01-29_41_36,3127.139
2025-02-05_27_36,1984.7399
2025-01-09_02_30,1142.8928
2025-02-08_36_11,2400.3809
2025-02-16_38_36,2627.3298
2025-01-14_46_35,3583.2937
2025-01-01_45_09,1142.8928
2025-01-24_36_27,2327.0095
2025-01-09_40_02,1142.8928
2025-01-01_30_14,1984.8085
2025-02-01_36_22,2263.0593
2025-02-19_02_40,1142.8928
2025-01-02_03_47,1142.8928
2025-02-27_47_05,1142.8928
2025-02-15_02_47,1142.8928
2025-01-22_36_27,1764.4127
2025-02-20_37_36,3190.0496
2025-02-18_02_01,1142.8928
2025-02-14_46_15,2572.867
2025-01-16_02_14,1142.8928
2025-02-19_02_01,1142.8927
2025-02-21_07_36,1142.8927
2025-01-16_46_33,2086.9944
2025-01-12_30_14,1631.1189
2025-01-31_47_46,2466.5935
2025-01-27_46_44,1580.4437
2025-02-21_26_46,1883.121
2025-02-22_48_46,2534.1057
2025-02-16_36_12,2006.4496
2025-02-23_21_02,1142.8928
2025-02-26_48_45,2464.8655
2025-01-04_17_23,1900.9395
2025-02-28_21_02,1142.8928
2025-01-21_36_12,1554.3131
2025-01-27_34_45,2586.61
2025-01-02_46_20,2184.7615
2025-01-21_47_08,1142.8928
2025-01-30_47_28,2543.267
2025-01-26_46_33,1683.1848
2025-02-08_02_47,1142.8928
2025-02-12_47_05,1142.8928
2025-02-15_45_46,2385.8538
2025-01-28_30_14,1478.0319
2025-01-06_09_45,1142.8928
2025-01-03_47_03,1142.8928
2025-02-24_31_02,1142.8928
2025-02-15_15_46,1989.5599
2025-02-19_47_46,1703.9692
2025-01-25_04_29,1142.8928
2025-02-01_46_33,2411.146
2025-01-08_46_33,2381.2214
2025-01-24_33_46,1580.5748
2025-01-12_12_36,2097.5745
2025-01-03_02_14,1142.8927
2025-01-19_02_01,1142.8928
2025-01-16_47_45,2597.7915
2025-01-01_45_47,3233.7559
2025-02-13_22_36,2028.1719
2025-01-01_28_45,2425.3691
2025-01-08_19_30,2259.5264
2025-01-27_33_46,1439.0343
2025-01-02_02_40,1142.8928
2025-02-22_21_02,1142.8928
2025-02-19_06_47,1142.8928
2025-01-02_47_10,1633.6946
2025-02-24_46_48,3110.0186
2025-01-31_02_21,1142.8928
2025-02-23_47_43,2052.6733
2025-02-22_02_31,1142.8928
2025-01-14_45_28,2721.4958
2025-02-18_46_09,1142.8928
2025-01-18_02_40,1142.8928
2025-02-22_46_33,1730.693
2025-01-01_30_02,1142.8928
2025-02-15_26_46,2207.8813
2025-02-03_36_37,3792.7715
2025-02-08_46_15,3124.9114
2025-01-17_45_46,2804.4478
2025-01-11_05_45,1142.8928
2025-01-29_07_36,1142.8928
2025-01-10_06_47,1142.8928
2025-02-25_45_28,2713.068
2025-01-19_47_10,1919.0856
2025-01-20_46_33,1532.4034
2025-01-23_05_45,1142.8927
2025-02-12_02_16,1142.8927
2025-01-14_12_36,1828.5555
2025-02-23_26_46,2356.6414
2025-02-05_46_48,2551.7146
2025-01-28_17_23,1312.0109
2025-02-24_02_16,1142.8928
2025-01-09_45_34,2568.9473
2025-01-17_02_24,1142.8928
2025-01-24_02_14,1142.8928
2025-02-11_04_29,1142.8928
2025-02-28_45_48,3217.57
2025-02-06_36_07,1142.8928
2025-02-25_11_36,2211.6257
2025-01-01_32_19,1497.5629
2025-02-14_46_47,2522.1985
2025-01-04_21_02,1142.8928
2025-02-18_36_41,3757.8538
2025-02-28_02_40,1142.8928
2025-01-18_36_27,2253.7795
2025-01-13_14_30,1703.9692
2025-01-08_17_23,1353.2516
2025-02-21_25_23,2565.1528
2025-01-27_02_30,1142.8928
2025-01-22_47_06,1142.8928
2025-01-21_45_42,1731.1578
2025-02-26_23_13,1402.742
2025-02-13_02_16,1142.8928
2025-02-09_25_23,2623.5154
2025-01-10_44_45,2290.092
2025-02-02_47_03,1142.8928
2025-02-02_47_08,1142.8928
2025-01-24_47_03,1142.8927
2025-01-03_20_46,2425.821
2025-02-20_04_29,1142.8928
2025-01-14_02_01,1142.8928
2025-01-11_47_05,1142.8928
2025-02-07_46_15,3045.7551
2025-02-13_47_06,1142.8928
2025-01-16_36_11,2267.0793
2025-01-01_46_09,1142.8928
2025-02-26_46_26,1367.7687
2025-01-03_21_02,1142.8928
2025-01-15_18_46,4635.203
2025-02-19_47_45,2314.729
2025-01-03_37_36,1199.9648
2025-02-05_46_45,2191.5896
2025-01-23_16_02,1142.8928
2025-01-29_46_33,1794.3723
2025-01-04_08_47,1142.8928
2025-01-13_37_36,1195.082
2025-02-01_16_02,1142.8928
2025-01-02_36_37,1199.2391
2025-02-02_46_47,2374.1985
2025-02-09_47_43,2281.8533
2025-02-22_02_24,1142.8928
2025-01-27_03_47,1142.8928
2025-02-05_47_08,1142.8928
2025-01-11_47_45,3482.1677
2025-01-23_02_01,1142.8928
2025-02-16_47_30,2131.2976
2025-01-14_47_30,1700.3397
2025-01-14_45_09,1142.8928
2025-01-20_47_30,1779.8552
2025-01-26_42_45,2592.1125
2025-01-09_02_31,1142.8927
2025-02-26_38_36,2287.659
2025-01-04_46_48,2837.2024
2025-01-10_03_45,1142.8928
2025-01-28_07_36,1142.8928
2025-02-07_36_37,6447.666
2025-01-14_45_47,2590.56
2025-01-15_02_21,1142.8928
2025-02-14_32_19,1624.257
2025-01-15_45_28,2589.3438
2025-01-08_46_20,2709.4531
2025-01-15_47_03,1142.8928
2025-02-07_30_14,2686.9915
2025-02-10_02_30,1142.8928
2025-01-12_36_27,1795.5573
2025-01-10_46_09,1142.8928
2025-01-25_46_35,2240.3933
2025-02-05_46_44,2077.638
2025-01-23_12_36,1805.0602
2025-01-01_02_01,1142.8928
2025-01-16_45_03,1142.8928
2025-01-15_46_20,2409.311
2025-01-21_02_47,1142.8928
2025-02-23_45_34,2501.2368
2025-02-24_02_31,1142.8928
2025-01-27_47_45,2223.7036
2025-02-22_45_03,1142.8928
2025-01-18_02_31,1142.8928
2025-02-12_45_28,2453.8372
2025-02-15_17_23,1506.671
2025-02-01_19_32,1609.4777
2025-01-22_47_02,1142.8927
2025-01-10_47_43,7444.3135
2025-02-27_45_05,1142.8928
2025-02-01_45_34,2353.2876
2025-01-18_46_33,2231.9426
2025-02-11_47_45,2286.3757
2025-01-05_02_40,1142.8928
2025-01-09_02_16,1142.8928
2025-01-11_42_45,2176.3586
2025-02-23_02_40,1142.8928
2025-01-28_32_19,1279.8083
2025-01-09_36_41,4987.092
2025-02-04_20_46,1983.4208
2025-01-03_46_33,1737.6234
2025-02-06_06_47,1142.8928
2025-01-25_44_45,2095.2463
2025-02-09_45_05,1142.8928
2025-01-03_03_45,1142.8928
2025-02-17_23_25,3054.8967
2025-01-06_46_44,1717.1655
2025-01-21_28_45,2313.1318
2025-01-20_45_34,2004.5404
2025-01-06_20_46,2273.9739
2025-01-03_36_41,4716.058
2025-01-23_41_36,3481.6292
2025-01-06_05_47,1142.8928
2025-02-03_47_45,2636.3025
2025-01-28_36_12,1706.0824
2025-02-10_19_02,1142.8928
2025-02-06_11_36,2083.5251
2025-01-26_46_20,1796.6824
2025-02-20_47_10,1663.0565
2025-01-06_19_32,1375.6204
2025-01-15_41_36,3805.1768
2025-01-04_16_02,1142.8928
2025-01-03_33_46,1676.9174
2025-02-17_02_30,1142.8928
2025-01-17_12_36,1799.7839
2025-01-10_19_30,2135.068
2025-02-01_02_40,1142.8928
2025-01-22_36_11,1621.3534
2025-01-18_04_29,1142.8928
2025-01-01_45_34,2779.524
2025-01-04_47_03,1142.8928
2025-01-14_30_14,1692.8832
2025-02-26_02_30,1142.8928
2025-02-07_33_46,1375.027
2025-01-07_48_45,1934.3955
2025-01-31_25_23,2634.7927
2025-01-08_34_45,2511.0886
2025-02-14_39_45,2009.0907
2025-01-21_47_43,2289.1497
2025-02-20_23_13,1329.1659
2025-02-08_32_19,1355.2966
2025-01-23_23_25,3771.7815
2025-02-09_46_35,2328.8547
2025-02-08_45_44,2728.427
2025-02-11_45_44,1938.886
2025-01-03_17_23,1456.1896
2025-01-11_23_13,1780.1832
2025-01-19_40_02,1142.8928
2025-02-02_28_47,2457.1611
2025-02-12_46_47,1843.1993
2025-01-11_47_43,6756.594
2025-02-06_45_09,1142.8927
2025-02-04_03_47,1142.8927
2025-02-17_45_42,1797.6735
2025-02-10_47_02,1142.8928
2025-01-20_48_45,3151.957
2025-01-28_45_46,1994.4454
2025-02-05_32_19,1462.7222
2025-01-10_43_47,2827.4438
2025-01-09_47_08,1142.8928
2025-01-02_47_05,1142.8928
2025-01-10_33_46,1864.3188
2025-01-11_36_37,2047.7949
2025-02-02_47_28,2167.8948
2025-02-05_47_30,2145.652
2025-01-02_45_44,1832.3116
2025-02-27_35_46,1851.777
2025-01-16_47_03,1142.8928
2025-02-15_02_30,1142.8928
2025-01-29_21_02,1142.8928
2025-01-23_36_41,4670.0884
2025-01-03_45_42,2481.426
2025-01-19_45_47,2571.756
2025-02-12_02_40,1142.8928
2025-02-14_33_46,1524.8173
2025-02-18_02_16,1142.8928
2025-02-15_09_45,1142.8928
2025-01-08_05_45,1142.8928
2025-01-25_02_31,1142.8928
2025-02-14_45_34,3479.8538
2025-01-02_46_15,2360.8442
2025-01-17_48_46,4392.7188
2025-01-14_41_36,4051.5337
2025-02-08_47_28,2585.4019
2025-01-09_45_44,2702.902
2025-01-21_07_36,1142.8928
2025-02-17_46_15,1965.8022
2025-01-10_18_46,2328.5188
2025-01-23_38_36,1336.4244
2025-02-18_02_31,1142.8928
2025-01-29_36_07,1142.8928
2025-02-05_12_36,1876.3275
2025-01-08_46_15,2669.4653
2025-01-21_36_22,1503.3698
2025-01-30_02_47,1142.8928
2025-01-10_46_26,3499.032
2025-02-13_03_45,1142.8928
2025-01-27_30_02,1142.8928
2025-01-05_46_09,1142.8928
2025-01-11_45_34,2857.6643
2025-02-01_47_45,2645.2952
2025-02-08_19_02,1142.8928
2025-01-08_46_48,3732.7563
2025-01-15_47_06,1142.8928
2025-01-14_17_23,1298.8129
2025-02-07_30_02,1142.8928
2025-02-03_44_45,2636.869
2025-01-14_16_02,1142.8928
2025-01-06_44_46,2280.4656
2025-02-02_46_33,2079.1062
2025-01-23_45_34,2667.318
2025-02-04_02_01,1142.8928
2025-02-19_12_36,2256.647
2025-02-08_31_02,1142.8928
2025-01-31_01_02,1142.8928
2025-02-20_23_25,3127.848
2025-02-06_02_01,1142.8927
2025-02-15_45_44,2078.2131
2025-02-14_07_36,1142.8928
2025-02-09_47_08,1142.8928
2025-02-25_45_05,1142.8928
2025-02-02_03_45,1142.8928
2025-01-19_22_36,1767.9764
2025-01-09_02_19,1142.8928
2025-02-28_46_33,2503.6995
2025-02-28_28_47,2012.4547
2025-02-21_36_22,2128.437
2025-02-25_02_16,1142.8928
2025-01-13_45_05,1142.8928
2025-02-28_25_23,2579.073
2025-02-26_26_46,1881.8021
2025-01-05_37_36,1218.837
2025-01-27_45_39,1767.0538
2025-01-05_06_47,1142.8928
2025-02-20_30_14,2401.388
2025-01-22_45_44,1560.1185
2025-01-27_14_30,1811.1992
2025-01-21_08_47,1142.8928
2025-02-28_14_30,2246.2424
2025-02-24_45_34,2371.9744
2025-02-05_08_47,1142.8928
2025-01-20_45_05,1142.8928
2025-01-26_30_14,1633.7599
2025-01-30_02_01,1142.8928
2025-02-19_47_06,1142.8928
2025-01-07_05_45,1142.8928
2025-02-21_33_46,1390.8632
2025-01-10_36_41,5267.484
2025-01-01_46_44,2411.4492
2025-01-11_45_09,1142.8928
2025-01-10_38_36,1525.1451
2025-01-26_23_13,1946.8004
2025-01-28_18_46,1694.9935
2025-02-15_22_36,2345.7925
2025-01-19_15_46,4574.0156
2025-01-29_42_45,1736.7023
2025-02-10_35_46,2368.014
2025-01-13_45_09,1142.8928
2025-01-17_38_36,1285.6149
2025-02-11_36_07,1142.8928
2025-02-10_45_28,2443.3977
2025-01-19_47_05,1142.8928
2025-02-02_15_46,2675.6287
2025-02-10_36_37,5328.222
2025-02-07_40_02,1142.8928
2025-02-23_02_24,1142.8928
2025-01-29_02_40,1142.8928
2025-02-13_45_44,1910.18
2025-01-09_23_13,1552.86
2025-02-18_46_35,1719.0138
2025-01-01_31_02,1142.8928
2025-01-16_02_47,1142.8928
2025-01-06_02_16,1142.8928
2025-02-19_44_46,1577.8027
2025-02-23_20_46,2462.821
2025-02-21_12_36,2293.93
2025-02-19_48_46,2246.494
2025-02-13_36_11,2467.1692
2025-01-14_01_02,1142.8928
2025-01-06_02_21,1142.8927
2025-01-05_28_47,2489.1821
2025-02-08_47_03,1142.8928
2025-01-16_48_46,4788.965
2025-01-31_36_11,2442.8948
2025-01-09_27_36,1459.8187
2025-02-07_32_19,1472.2251
2025-02-09_31_02,1142.8928
2025-02-07_46_20,2649.655
2025-02-07_44_45,2022.0308
2025-01-19_07_36,1142.8928
2025-01-10_05_47,1142.8928
2025-01-08_23_13,1165.85
2025-01-02_02_30,1142.8928
2025-02-26_36_27,2175.7166
2025-01-29_46_26,1393.1733
2025-01-07_47_03,1142.8928
2025-02-12_43_47,1458.7633
2025-01-17_46_15,2672.3582
2025-02-14_09_45,1142.8928
2025-01-12_43_47,2166.7395
2025-02-25_47_28,2592.4783
2025-01-01_44_46,3739.0881
2025-02-23_36_41,3778.0686
2025-01-27_45_46,1708.5895
2025-01-27_02_16,1142.8928
2025-01-08_42_45,1885.8304
2025-02-23_46_09,1142.8928
2025-01-10_02_40,1142.8928
2025-01-29_45_34,2184.1995
2025-02-28_16_02,1142.8928
2025-01-09_19_32,1495.4523
2025-02-18_45_42,1942.0504
2025-01-26_45_46,2728.9385
2025-02-19_46_48,2235.3953
2025-02-01_44_45,2124.3025
2025-02-15_45_39,2566.2014
2025-01-09_45_42,2198.0151
2025-02-01_09_45,1142.8928
2025-02-13_47_45,2560.7292
2025-02-28_46_15,3016.49
2025-02-09_47_45,2751.1174
2025-01-11_48_45,2450.4001
2025-01-03_47_43,2658.4382
2025-02-09_36_12,2230.2742
2025-02-16_48_46,3408.1145
2025-02-07_35_46,2160.5754
2025-01-21_46_48,2326.9148
2025-02-20_47_06,1142.8928
2025-02-21_46_47,2327.45
2025-01-04_47_46,2576.5466
2025-01-09_36_37,1250.7089
2025-02-22_34_45,2232.8943
2025-02-10_46_15,2173.2544
2025-01-21_46_26,1552.86
2025-01-01_08_47,1142.8928
2025-02-27_05_47,1142.8928
2025-02-12_19_30,1870.5863
2025-01-08_05_47,1142.8928
2025-01-13_36_22,2174.883
2025-01-02_47_43,2205.4915
2025-02-10_48_45,2673.9954
2025-01-03_02_16,1142.8928
2025-01-03_47_10,1716.1759
2025-01-14_32_19,1332.0695
2025-01-30_41_36,2859.9822
2025-01-22_42_45,2078.7751
2025-02-06_02_31,1142.8928
2025-02-18_47_05,1142.8928
2025-02-28_36_11,2608.9644
2025-02-01_05_47,1142.8928
2025-02-21_19_30,2147.2556
2025-02-14_04_29,1142.8928
2025-01-17_19_02,1142.8928
2025-02-12_20_46,1977.1534
2025-02-08_21_02,1142.8928
2025-01-01_02_19,1142.8928
2025-01-02_45_48,2295.9578
2025-01-05_03_47,1142.8928
2025-01-24_36_07,1142.8928
2025-01-20_47_06,1142.8928
2025-01-15_19_30,2461.3015
2025-01-20_28_45,2433.7961
2025-01-26_46_45,3108.4373
2025-01-01_13_23,1756.233
2025-02-22_46_20,2454.226
2025-01-23_47_10,1765.6661
2025-02-21_48_46,2488.3218
2025-02-03_46_33,1574.6354
2025-01-10_45_05,1142.8928
2025-02-18_40_02,1142.8928
2025-02-24_28_47,2167.7126
2025-01-21_45_47,2325.4197
2025-01-05_09_46,1142.8928
2025-01-10_40_02,1142.8928
2025-01-07_02_14,1142.8928
2025-01-18_47_08,1142.8927
2025-02-18_36_12,1810.6046
2025-01-09_19_02,1142.8928
2025-01-26_44_45,2533.2576
2025-02-03_16_02,1142.8928
2025-02-12_11_36,2266.2158
2025-02-25_45_44,2037.1346
2025-01-06_02_24,1142.8928
2025-02-12_14_30,1836.932
2025-02-01_45_48,2840.274
2025-02-08_47_43,2278.7102
2025-02-05_01_02,1142.8928
2025-01-26_18_46,2669.4653
2025-02-04_28_47,2258.2698
2025-01-16_46_09,1142.8928
2025-01-06_46_35,2172.8738
2025-02-27_36_27,2386.5032
2025-02-21_36_27,2333.0469
2025-02-08_46_45,2420.464
2025-02-01_25_23,2610.4333
2025-02-06_45_05,1142.8928
2025-01-29_45_47,2469.707
2025-01-13_16_02,1142.8928
2025-01-07_47_46,1875.8627
2025-02-18_08_47,1142.8928
2025-02-14_44_46,2239.9453
2025-01-15_46_47,2170.3777
2025-01-05_36_37,1181.8188
2025-02-05_42_45,2157.108
2025-01-24_13_23,2061.709
2025-01-13_05_47,1142.8928
2025-01-22_19_02,1142.8928
2025-01-17_46_09,1142.8927
2025-02-01_36_12,2364.492
2025-01-09_42_45,1489.3833
2025-01-06_02_01,1142.8928
2025-02-03_19_32,1337.6138
2025-02-06_05_45,1142.8928
2025-02-11_14_30,1628.4182
2025-01-21_48_46,3196.2393
2025-02-24_45_28,2329.3577
2025-02-02_45_09,1142.8928
2025-02-22_19_02,1142.8928
2025-02-17_20_46,1917.7666
2025-01-23_03_47,1142.8928
2025-01-19_01_02,1142.8928
2025-01-12_47_06,1142.8928
2025-01-14_45_05,1142.8928
2025-02-21_45_44,2549.4514
2025-01-08_36_22,2057.4097
2025-01-24_02_24,1142.8928
2025-01-13_47_30,2170.7693
2025-02-01_19_30,2576.8103
2025-02-26_47_02,1142.8928
2025-02-09_46_48,3051.437
2025-02-16_47_45,3005.9683
2025-02-11_32_19,1529.2379
2025-01-30_46_26,2340.0442
2025-02-07_47_30,2373.097
2025-02-27_21_02,1142.8928
2025-01-03_06_47,1142.8928
2025-02-15_02_19,1142.8928
2025-02-16_02_16,1142.8928
2025-02-16_45_05,1142.8928
2025-01-05_47_28,2312.199
2025-01-05_45_44,1745.8729
2025-01-17_36_12,2433.5037
2025-01-24_38_36,1783.4845
2025-01-29_47_30,1817.4667
2025-01-18_36_37,2193.3352
2025-02-21_45_46,2932.282
2025-01-10_47_45,4155.495
2025-02-19_42_45,1879.4991
2025-01-02_16_02,1142.8928
2025-02-20_08_47,1142.8928
2025-01-19_41_36,3604.4724
2025-01-24_11_36,2117.9624
2025-02-13_47_02,1142.8928
2025-01-24_36_41,4940.768
2025-01-09_46_48,4657.8457
2025-01-04_47_45,3225.8518
2025-01-31_02_14,1142.8928
2025-02-15_19_30,2206.4421
2025-01-29_02_01,1142.8928
2025-01-23_06_47,1142.8928
2025-01-07_15_46,2072.9016
2025-02-11_02_21,1142.8928
2025-02-09_36_41,3952.09
2025-01-24_46_26,2506.0046
2025-02-22_02_47,1142.8928
2025-01-04_46_20,2200.404
2025-01-29_40_02,1142.8928
2025-02-27_19_32,1752.7993
2025-01-22_28_47,1963.2997
2025-02-26_46_35,2302.338
2025-02-02_47_10,1358.1998
2025-02-05_19_02,1142.8927
2025-02-12_46_48,2397.5408
2025-02-26_43_47,1393.0406
2025-01-22_47_30,2101.349
2025-01-02_36_07,1142.8928
2025-02-24_36_12,2116.8113
2025-01-23_28_45,2176.927
2025-01-08_11_36,1506.273
2025-01-25_02_47,1142.8928
2025-02-02_21_02,1142.8928
2025-01-05_19_30,2547.0417
2025-02-11_45_05,1142.8928
2025-01-25_47_05,1142.8928
2025-02-20_45_47,2895.638
2025-01-12_02_21,1142.8928
2025-01-14_42_45,2475.2634
2025-01-16_46_26,2346.1077
2025-02-22_01_02,1142.8928
2025-01-11_36_12,2266.048
2025-02-19_03_47,1142.8928
2025-02-08_42_45,2266.0051
2025-01-16_36_41,4701.7866
2025-02-23_48_45,2769.1682
2025-02-27_45_09,1142.8928
2025-01-04_40_02,1142.8928
2025-02-28_39_45,2239.3313
2025-02-10_02_19,1142.8928
2025-01-17_45_42,2721.7068
2025-02-19_19_30,2391.6465
2025-01-20_45_44,1930.6365
2025-01-09_46_15,3216.2715
2025-01-15_02_47,1142.8928
2025-01-04_36_22,2223.323
2025-01-26_45_09,1142.8927
2025-02-28_34_45,2297.369
2025-02-10_36_12,1863.3905
2025-02-07_38_36,1607.2987
2025-01-20_35_46,3371.7737
2025-02-24_46_15,2095.432
2025-02-07_46_47,2294.3276
2025-02-16_02_30,1142.8928
2025-01-14_38_36,1469.0594
2025-01-05_02_30,1142.8928
2025-02-28_03_45,1142.8928
2025-02-17_45_48,1450.8461
2025-01-14_19_30,2026.3158
2025-02-03_02_30,1142.8928
2025-02-23_02_01,1142.8928
2025-01-27_01_02,1142.8928
2025-02-17_13_23,1342.6276
2025-01-20_19_30,2166.4382
2025-01-29_47_10,1727.0637
2025-02-24_02_40,1142.8928
2025-02-03_30_14,1307.7869
2025-01-31_45_47,3555.6873
2025-02-08_02_19,1142.8928
2025-01-13_02_01,1142.8928
2025-01-15_05_47,1142.8928
2025-02-19_02_14,1142.8928
2025-02-27_42_45,1598.6569
2025-01-26_14_30,2576.3904
2025-01-15_45_34,2242.5195
2025-02-06_47_06,1142.8928
2025-02-15_14_30,2078.924
2025-01-17_14_30,2100.4385
2025-01-27_47_03,1142.8927
2025-01-19_17_23,1348.3031
2025-02-22_45_09,1142.8928
2025-01-25_17_23,1306.0713
2025-02-17_45_34,2420.4988
2025-02-13_45_39,3327.2966
2025-02-22_19_32,1617.3949
2025-02-04_47_06,1142.8928
2025-01-30_33_46,1383.6046
2025-02-02_45_47,2591.6292
2025-01-13_45_39,2458.1565
2025-01-17_46_26,1914.1373
2025-01-13_35_46,2288.6814
2025-01-03_46_15,2375.7283
2025-01-16_46_45,2357.1345
2025-02-14_02_19,1142.8928
2025-01-31_47_06,1142.8928
2025-02-01_45_03,1142.8928
2025-01-24_41_36,3518.5657
2025-01-02_23_25,3214.0906
2025-01-24_46_35,2545.278
2025-02-09_33_46,2553.8547
2025-01-23_40_02,1142.8928
2025-01-31_19_32,2182.9932
2025-02-14_02_30,1142.8928
2025-01-04_27_36,1830.0016
2025-02-09_47_46,2335.1543
2025-02-08_45_46,2443.943
2025-01-21_35_46,2780.78
2025-01-23_32_19,1280.6012
2025-02-17_28_47,2395.0051
2025-02-22_09_46,1142.8927
2025-02-23_47_02,1142.8927
2025-02-16_17_23,1597.4021
2025-01-31_46_33,2540.6467
2025-01-08_47_08,1142.8928
2025-02-08_02_30,1142.8928
2025-01-19_32_19,1531.3483
2025-02-02_32_19,1539.796
2025-02-10_45_48,2047.9371
2025-02-15_07_36,1142.8928
2025-01-20_02_30,1142.8928
2025-01-18_47_06,1142.8928
2025-01-14_31_02,1142.8928
2025-01-19_02_21,1142.8928
2025-01-19_06_47,1142.8928
2025-01-30_02_24,1142.8928
2025-01-09_14_30,1554.179
2025-02-05_15_46,2199.873
2025-01-10_47_06,1142.8928
2025-01-30_06_47,1142.8928
2025-01-09_07_36,1142.8928
2025-02-26_17_23,1240.745
2025-02-01_06_47,1142.8928
2025-01-16_45_47,2653.471
2025-02-10_02_01,1142.8928
2025-02-04_27_36,2126.1052
2025-01-11_07_36,1142.8928
2025-02-01_47_46,2276.0999
2025-02-18_02_14,1142.8928
2025-01-25_36_41,5001.5005
2025-01-10_46_15,4737.2334
2025-01-04_28_45,2209.1633
2025-01-04_19_32,1316.4971
2025-01-24_36_37,2905.4053
2025-01-29_37_36,3037.331
2025-01-23_05_47,1142.8928
2025-02-27_03_45,1142.8928
2025-02-08_36_22,2177.0935
2025-02-10_21_02,1142.8928
2025-01-03_47_45,2673.0916
2025-01-13_04_29,1142.8928
2025-02-25_06_47,1142.8928
2025-01-04_09_45,1142.8928
2025-02-25_46_47,1872.2333
2025-01-09_19_30,2218.902
2025-01-07_43_47,1493.3417
2025-02-15_35_46,1953.4015
2025-02-20_15_46,1523.431
2025-02-12_06_47,1142.8928
2025-01-27_05_45,1142.8928
2025-02-20_34_45,2084.6624
2025-02-13_45_34,2800.068
2025-01-06_23_13,1475.3268
2025-02-11_47_43,1802.4193
2025-01-16_47_02,1142.8928
2025-01-04_20_46,2931.6648
2025-01-09_39_45,1684.7037
2025-01-13_44_45,1920.4045
2025-02-26_35_46,1560.3823
2025-01-29_38_36,1256.5812
2025-01-17_36_37,2283.9856
2025-01-17_45_47,2714.6199
2025-01-30_46_47,1838.2511
2025-01-25_12_36,2057.8328
2025-02-26_02_24,1142.8927
2025-02-16_21_02,1142.8927
2025-01-26_45_28,2388.7676
2025-02-08_13_23,1658.0424
2025-01-06_41_36,3384.1497
2025-01-22_09_45,1142.8928
2025-02-15_48_45,2014.8976
2025-01-10_41_36,3912.485
2025-01-12_41_36,4472.5405
2025-02-14_47_02,1142.8928
2025-01-18_45_48,2561.2952
2025-02-17_45_44,1451.2412
2025-01-15_28_47,2822.3933
2025-02-13_47_10,1347.3121
2025-01-21_05_47,1142.8928
2025-01-14_19_32,1340.7797
2025-02-06_45_34,2675.6516
2025-02-04_47_03,1142.8928
2025-02-10_34_45,2419.8987
2025-01-01_06_47,1142.8928
2025-02-16_19_02,1142.8928
2025-02-06_45_48,2508.469
2025-02-01_44_46,2476.2263
2025-01-12_19_32,1409.4056
2025-02-26_18_46,1733.2682
2025-02-11_36_27,2265.5032
2025-01-07_38_36,1216.6594
2025-01-17_36_41,4816.2334
2025-01-29_48_46,2323.4944
2025-01-02_36_41,5012.051
2025-02-19_33_46,1371.3977
2025-01-04_47_10,2079.1062
2025-01-17_47_43,2560.6653
2025-01-13_47_43,4501.524
2025-01-28_34_45,2344.5278
2025-01-19_46_26,2450.871
2025-02-16_36_27,2291.875
2025-01-15_17_23,1350.9415
2025-02-18_12_36,2085.3767
2025-01-16_47_05,1142.8928
2025-01-26_12_36,2199.0208
2025-02-24_48_45,2087.0964
2025-01-11_05_47,1142.8928
2025-01-28_45_34,2205.3855
2025-02-26_30_02,1142.8928
2025-01-02_46_26,2090.0369
2025-01-23_45_28,2667.578
2025-01-28_42_45,1851.5204
2025-01-17_19_32,1680.4767
2025-01-25_38_36,1536.0326
2025-02-20_44_46,2179.7693
2025-01-13_47_10,3218.0188
2025-02-10_47_28,2476.7605
2025-01-30_14_30,2254.386
2025-02-16_44_45,2597.6672
2025-02-20_09_45,1142.8928
2025-01-27_02_24,1142.8928
2025-01-31_23_13,2266.6975
2025-02-05_23_25,3082.8196
2025-01-06_36_37,1175.286
2025-01-05_01_02,1142.8928
2025-01-28_47_05,1142.8928
2025-01-20_45_42,2005.9249
2025-01-19_36_27,1693.9385
2025-02-26_41_36,3005.886
2025-02-16_45_34,2218.4263
2025-02-16_18_46,2714.4946
2025-01-10_47_10,5125.7515
2025-01-31_27_36,1717.495
2025-02-28_45_44,2482.1067
2025-02-03_36_27,2087.256
2025-02-07_06_47,1142.8928
2025-02-07_31_02,1142.8928
2025-01-27_07_36,1142.8928
2025-02-20_02_19,1142.8928
2025-02-05_45_42,2053.965
2025-02-26_15_46,1577.8027
2025-02-02_45_44,1994.6438
2025-01-02_45_39,2420.4226
2025-01-07_46_48,2663.469
2025-02-22_47_10,1721.1241
2025-02-20_36_22,1739.2704
2025-01-01_41_36,5832.5293
2025-02-07_36_12,2463.355
2025-02-02_39_45,3573.7004
2025-02-11_19_30,2150.298
2025-02-23_19_02,1142.8928
2025-02-17_19_02,1142.8928
2025-02-16_02_47,1142.8928
2025-02-18_30_02,1142.8928
2025-02-04_15_46,2109.0583
2025-01-24_05_45,1142.8928
2025-02-01_11_36,2121.5476
2025-01-08_09_45,1142.8928
2025-01-25_36_37,3134.4807
2025-02-05_45_34,2372.8416
2025-01-28_02_24,1142.8927
2025-02-19_18_46,1564.341
2025-01-06_15_46,2344.2002
2025-01-07_45_34,2241.4297
2025-01-12_02_31,1142.8928
2025-02-14_36_37,6978.52
2025-02-15_05_45,1142.8928
2025-02-14_46_48,3622.0925
2025-01-10_48_45,2645.0635
2025-02-27_38_36,1933.9305
2025-01-16_46_20,2385.466
2025-01-14_08_47,1142.8928
2025-02-19_13_23,1406.5023
2025-02-05_30_14,1602.878
2025-02-27_36_37,2388.641
2025-01-01_36_27,1812.9775
2025-02-02_17_23,1256.5812
2025-02-04_46_09,1142.8928
2025-02-14_02_31,1142.8928
2025-02-12_47_45,2306.3608
2025-01-23_30_02,1142.8928
2025-01-19_14_30,2024.5833
2025-01-15_36_11,1948.3818
2025-02-21_02_31,1142.8928
2025-01-20_45_39,1854.6863
2025-02-28_02_01,1142.8928
2025-02-28_47_46,2451.0286
2025-02-22_36_41,4796.248
2025-01-03_02_21,1142.8928
2025-02-27_45_28,2580.7908
2025-01-19_19_32,1574.8992
2025-01-24_23_25,3528.9692
2025-02-19_19_32,1992.7314
2025-02-27_45_47,2596.534
2025-01-12_47_10,4490.323
2025-01-22_48_45,1894.8031
2025-02-12_30_02,1142.8928
2025-01-29_46_20,2088.797
2025-01-10_22_36,2349.304
2025-02-21_46_35,2966.4724
2025-01-30_47_03,1142.8928
2025-02-24_41_36,2802.878
2025-02-01_38_36,1496.111
2025-01-19_47_03,1142.8928
2025-02-11_36_12,1645.3737
2025-01-23_44_46,2186.1494
2025-02-24_36_41,3738.266
2025-01-14_23_13,1383.6046
2025-01-18_47_30,2539.3904
2025-02-20_01_02,1142.8928
2025-02-26_46_44,2378.9563
2025-01-13_45_48,3640.5881
2025-01-08_26_46,1588.8246
2025-02-03_07_36,1142.8928
2025-02-25_26_46,1533.3947
2025-02-08_05_47,1142.8928
2025-02-19_36_22,1778.8641
2025-01-10_47_08,1142.8928
2025-02-22_30_14,2389.5227
2025-01-21_36_11,1854.6804
2025-02-11_33_46,1846.5007
2025-01-12_46_09,1142.8928
2025-02-03_45_03,1142.8928
2025-01-30_02_30,1142.8928
2025-02-08_11_36,2235.9602
2025-01-01_34_45,5531.5635
2025-01-07_02_21,1142.8928
2025-02-28_47_05,1142.8928
2025-02-11_46_33,1271.098
2025-02-01_46_35,2557.3953
2025-02-25_20_46,1571.0061
2025-01-07_45_44,1799.3203
2025-01-05_47_02,1142.8928
2025-01-29_46_15,2457.611
2025-01-29_45_28,2477.3586
2025-01-03_48_46,2979.9626
2025-02-10_32_19,1677.3109
2025-02-19_46_33,1401.7509
2025-02-04_45_09,1142.8928
2025-02-11_47_02,1142.8928
2025-01-30_47_02,1142.8928
2025-02-05_28_47,2054.5317
2025-01-30_03_45,1142.8928
2025-02-16_06_47,1142.8928
2025-02-13_02_31,1142.8928
2025-01-31_36_27,2513.9177
2025-01-20_19_02,1142.8928
2025-02-19_36_07,1142.8928
2025-02-05_45_28,2575.7183
2025-01-16_45_44,2167.3486
2025-01-17_34_45,2516.0154
2025-01-02_02_24,1142.8928
2025-02-09_48_45,2705.1453
2025-01-07_02_24,1142.8928
2025-02-24_46_47,1791.0709
2025-01-13_11_36,1624.257
2025-01-31_45_48,3925.8586
2025-02-25_04_29,1142.8927
2025-02-26_28_47,1784.1476
2025-02-27_02_19,1142.8928
2025-02-28_45_05,1142.8928
2025-01-01_46_18,2408.0122
2025-01-01_19_32,1496.5074
2025-01-22_47_46,1904.8966
2025-02-07_21_02,1142.8928
2025-02-15_46_44,2496.351
2025-02-27_23_25,3010.4966
2025-02-24_47_06,1142.8928
2025-02-15_47_02,1142.8928
2025-01-31_47_30,2384.9417
2025-01-18_22_36,2018.8446
2025-01-04_47_05,1142.8928
2025-02-10_46_44,2048.7969
2025-01-22_23_13,2216.0466
2025-02-25_02_24,1142.8928
2025-01-28_45_39,1515.5137
2025-02-17_45_39,1807.1766
2025-02-01_47_05,1142.8928
2025-01-20_40_02,1142.8928
2025-01-11_36_41,5167.4014
2025-01-09_08_47,1142.8928
2025-01-08_02_30,1142.8928
2025-01-09_02_47,1142.8928
2025-01-22_47_45,2393.9036
2025-02-19_19_02,1142.8928
2025-02-19_45_39,2432.9006
2025-02-27_46_35,2465.9966
2025-01-10_02_19,1142.8928
2025-01-25_47_02,1142.8927
2025-01-09_36_11,1674.6699
2025-01-13_47_45,2499.286
2025-02-01_46_26,2540.4893
2025-01-26_04_29,1142.8928
2025-02-03_06_47,1142.8928
2025-02-23_05_47,1142.8928
2025-02-18_46_48,2102.7842
2025-01-11_45_05,1142.8928
2025-01-23_46_48,2854.9697
2025-02-21_46_09,1142.8928
2025-01-17_32_19,1458.7633
2025-01-24_45_03,1142.8928
2025-01-27_32_19,1461.4047
